"geo","conventional_tillage","conservation_tillage","zero_tillage"
"AT",NA,NA,NA
"AT1",NA,NA,NA
"AT11",0.618219038,0.319920676,0.025012794
"AT111",NA,NA,NA
"AT112",NA,NA,NA
"AT113",NA,NA,NA
"AT12",0.622679131,0.328035371,0.019896256
"AT121",NA,NA,NA
"AT122",NA,NA,NA
"AT123",NA,NA,NA
"AT124",NA,NA,NA
"AT125",NA,NA,NA
"AT126",NA,NA,NA
"AT127",NA,NA,NA
"AT13",0.510989011,0.404761905,0.007326007
"AT130",NA,NA,NA
"AT2",NA,NA,NA
"AT21",0.8592546,0.059286051,0.032552288
"AT211",NA,NA,NA
"AT212",NA,NA,NA
"AT213",NA,NA,NA
"AT22",0.888716063,0.050056561,0.024109163
"AT221",NA,NA,NA
"AT222",NA,NA,NA
"AT223",NA,NA,NA
"AT224",NA,NA,NA
"AT225",NA,NA,NA
"AT226",NA,NA,NA
"AT3",NA,NA,NA
"AT31",0.84425755,0.12043311,0.014198645
"AT311",NA,NA,NA
"AT312",NA,NA,NA
"AT313",NA,NA,NA
"AT314",NA,NA,NA
"AT315",NA,NA,NA
"AT32",0.731942215,0.057784912,0.069020867
"AT321",NA,NA,NA
"BE3",NA,NA,NA
"BE31",0.846999627,0.100633619,0.02702199
"BE310",NA,NA,NA
"BE32",0.691809838,0.247116969,0.010414215
"BE321",NA,NA,NA
"BE322",NA,NA,NA
"BE323",NA,NA,NA
"BE325",NA,NA,NA
"BE326",NA,NA,NA
"BE327",NA,NA,NA
"BE33",0.533867341,0.365092749,0.040331647
"BE331",NA,NA,NA
"BE332",NA,NA,NA
"BE334",NA,NA,NA
"BE335",NA,NA,NA
"BE336",NA,NA,NA
"BE34",0.315879201,0.113005358,0.032878714
"BE341",NA,NA,NA
"BE342",NA,NA,NA
"BE343",NA,NA,NA
"BE344",NA,NA,NA
"BE345",NA,NA,NA
"BE35",0.727283815,0.162092938,0.052323454
"BE351",NA,NA,NA
"BE352",NA,NA,NA
"BE353",NA,NA,NA
"BG",NA,NA,NA
"BG3",NA,NA,NA
"BG31",0.475103824,0.504720574,0.003118309
"BG311",NA,NA,NA
"BG312",NA,NA,NA
"BG313",NA,NA,NA
"BG314",NA,NA,NA
"BG315",NA,NA,NA
"BG32",0.437251134,0.526497041,0.002675071
"BG321",NA,NA,NA
"BG322",NA,NA,NA
"BG323",NA,NA,NA
"BG324",NA,NA,NA
"BG325",NA,NA,NA
"BG33",0.352752707,0.607269034,0.006365054
"BG331",NA,NA,NA
"BG332",NA,NA,NA
"BG333",NA,NA,NA
"BG334",NA,NA,NA
"BG34",0.358578178,0.57877621,0.010225214
"BG341",NA,NA,NA
"BG342",NA,NA,NA
"BG343",NA,NA,NA
"BG344",NA,NA,NA
"BG4",NA,NA,NA
"BG41",0.388238226,0.565827727,0.013456267
"BG411",NA,NA,NA
"BG412",NA,NA,NA
"BG413",NA,NA,NA
"BG414",NA,NA,NA
"BG415",NA,NA,NA
"BG42",0.386920821,0.537947214,0.00058651
"BG421",NA,NA,NA
"BG422",NA,NA,NA
"BG423",NA,NA,NA
"BG424",NA,NA,NA
"BG425",NA,NA,NA
"CY",NA,NA,NA
"CY0",NA,NA,NA
"CY00",0.32223889,0.525220326,0.002531408
"CY000",NA,NA,NA
"CZ",NA,NA,NA
"CZ0",NA,NA,NA
"CZ01",0.603174603,0.379084967,0
"CZ010",NA,NA,NA
"CZ02",0.654885997,0.290260902,0.025884578
"CZ020",NA,NA,NA
"CZ03",0.745425791,0.228633558,0.013859907
"CZ031",NA,NA,NA
"CZ032",NA,NA,NA
"CZ04",0.493661447,0.441408331,0.02066688
"CZ041",NA,NA,NA
"CZ042",NA,NA,NA
"CZ05",0.651087496,0.295255751,0.011671323
"CZ051",NA,NA,NA
"CZ052",NA,NA,NA
"CZ053",NA,NA,NA
"CZ06",0.617402109,0.348394788,0.017294647
"CZ063",NA,NA,NA
"CZ064",NA,NA,NA
"CZ07",0.494405517,0.47290803,0.008767746
"CZ071",NA,NA,NA
"CZ072",NA,NA,NA
"CZ08",0.721425743,0.243168317,0.006891089
"CZ080",NA,NA,NA
"CH",NA,NA,NA
"CH0",NA,NA,NA
"CH01",0.480510018,0.285124469,0.033151184
"CH011",NA,NA,NA
"CH012",NA,NA,NA
"CH013",NA,NA,NA
"CH02",0.372168487,0.184149766,0.041372855
"CH021",NA,NA,NA
"CH022",NA,NA,NA
"CH023",NA,NA,NA
"CH024",NA,NA,NA
"CH025",NA,NA,NA
"CH03",0.486293978,0.188862508,0.020936758
"CH031",NA,NA,NA
"CH032",NA,NA,NA
"CH033",NA,NA,NA
"CH04",0.532423208,0.206353374,0.022053032
"CH040",NA,NA,NA
"AT322",NA,NA,NA
"AT323",NA,NA,NA
"AT33",0.797040169,0.052854123,0.041226216
"AT331",NA,NA,NA
"AT332",NA,NA,NA
"AT333",NA,NA,NA
"AT334",NA,NA,NA
"AT335",NA,NA,NA
"AT34",0.73,0.126666667,0.046666667
"AT341",NA,NA,NA
"AT342",NA,NA,NA
"BE",NA,NA,NA
"BE1",NA,NA,NA
"BE10",NA,NA,NA
"BE100",NA,NA,NA
"BE2",NA,NA,NA
"BE21",0.648085758,0.029402757,0.046554364
"BE211",NA,NA,NA
"BE212",NA,NA,NA
"BE213",NA,NA,NA
"BE22",0.745491933,0.066118317,0.029579247
"BE221",NA,NA,NA
"BE222",NA,NA,NA
"BE223",NA,NA,NA
"BE23",0.827041176,0.04721635,0.013289037
"BE231",NA,NA,NA
"BE232",NA,NA,NA
"BE233",NA,NA,NA
"BE234",NA,NA,NA
"BE235",NA,NA,NA
"BE236",NA,NA,NA
"BE24",0.774540103,0.158204562,0.022222222
"BE241",NA,NA,NA
"BE242",NA,NA,NA
"BE25",0.828446537,0.055346335,0.01869536
"BE251",NA,NA,NA
"BE252",NA,NA,NA
"BE253",NA,NA,NA
"BE254",NA,NA,NA
"BE255",NA,NA,NA
"BE256",NA,NA,NA
"BE257",NA,NA,NA
"BE258",NA,NA,NA
"DE72",NA,NA,NA
"DE721",NA,NA,NA
"DE722",NA,NA,NA
"DE723",NA,NA,NA
"DE724",NA,NA,NA
"DE725",NA,NA,NA
"DE73",NA,NA,NA
"DE731",NA,NA,NA
"DE732",NA,NA,NA
"DE733",NA,NA,NA
"DE734",NA,NA,NA
"DE735",NA,NA,NA
"DE736",NA,NA,NA
"DE737",NA,NA,NA
"DE8",0.3825006,0.550822274,0.006275494
"DE80",NA,NA,NA
"DE803",NA,NA,NA
"DE804",NA,NA,NA
"DE80J",NA,NA,NA
"DE80K",NA,NA,NA
"DE80L",NA,NA,NA
"DE80M",NA,NA,NA
"DE80N",NA,NA,NA
"DE80O",NA,NA,NA
"DE9",0.634267433,0.283824993,0.014337838
"DE91",NA,NA,NA
"DE911",NA,NA,NA
"DE912",NA,NA,NA
"DE913",NA,NA,NA
"DE914",NA,NA,NA
"DE915",NA,NA,NA
"DE916",NA,NA,NA
"DE917",NA,NA,NA
"DE918",NA,NA,NA
"DE919",NA,NA,NA
"DE91A",NA,NA,NA
"DE91B",NA,NA,NA
"DE92",NA,NA,NA
"DE922",NA,NA,NA
"DE923",NA,NA,NA
"DE925",NA,NA,NA
"DE926",NA,NA,NA
"DE927",NA,NA,NA
"DE928",NA,NA,NA
"DE929",NA,NA,NA
"DE93",NA,NA,NA
"DE931",NA,NA,NA
"DE932",NA,NA,NA
"DE933",NA,NA,NA
"DE934",NA,NA,NA
"DE935",NA,NA,NA
"DE936",NA,NA,NA
"DE937",NA,NA,NA
"DE938",NA,NA,NA
"DE939",NA,NA,NA
"DE93A",NA,NA,NA
"DE93B",NA,NA,NA
"DE94",NA,NA,NA
"DE941",NA,NA,NA
"DE942",NA,NA,NA
"DE943",NA,NA,NA
"DE944",NA,NA,NA
"DE945",NA,NA,NA
"DE946",NA,NA,NA
"DE947",NA,NA,NA
"DE948",NA,NA,NA
"DE949",NA,NA,NA
"DE94A",NA,NA,NA
"DE94B",NA,NA,NA
"DE94C",NA,NA,NA
"DE94D",NA,NA,NA
"DE94E",NA,NA,NA
"DE94F",NA,NA,NA
"DE94G",NA,NA,NA
"DE94H",NA,NA,NA
"DEA",0.656660149,0.291888453,0.010187377
"DEA1",NA,NA,NA
"DEA11",NA,NA,NA
"DEA12",NA,NA,NA
"DEA13",NA,NA,NA
"DEA14",NA,NA,NA
"DEA15",NA,NA,NA
"DEA16",NA,NA,NA
"DEA17",NA,NA,NA
"DEA18",NA,NA,NA
"DEA19",NA,NA,NA
"DEA1A",NA,NA,NA
"DEA1B",NA,NA,NA
"DEA1C",NA,NA,NA
"DEA1D",NA,NA,NA
"DEA1E",NA,NA,NA
"DEA1F",NA,NA,NA
"DEA2",NA,NA,NA
"DEA22",NA,NA,NA
"DEA23",NA,NA,NA
"DEA24",NA,NA,NA
"DEA26",NA,NA,NA
"DEA27",NA,NA,NA
"DEA28",NA,NA,NA
"DEA29",NA,NA,NA
"DEA2A",NA,NA,NA
"DEA2B",NA,NA,NA
"DEA2C",NA,NA,NA
"DEA2D",NA,NA,NA
"DEA3",NA,NA,NA
"DEA31",NA,NA,NA
"DEA32",NA,NA,NA
"DEA33",NA,NA,NA
"DEA34",NA,NA,NA
"DEA35",NA,NA,NA
"DEA36",NA,NA,NA
"DEA37",NA,NA,NA
"DEA38",NA,NA,NA
"DEA4",NA,NA,NA
"DEA41",NA,NA,NA
"DEA42",NA,NA,NA
"DEA43",NA,NA,NA
"DEA44",NA,NA,NA
"DEA45",NA,NA,NA
"DEA46",NA,NA,NA
"DEA47",NA,NA,NA
"DEA5",NA,NA,NA
"DEA51",NA,NA,NA
"DEA52",NA,NA,NA
"DEA53",NA,NA,NA
"DEA54",NA,NA,NA
"DEA55",NA,NA,NA
"DEA56",NA,NA,NA
"CH05",0.481129993,0.239461488,0.016552637
"CH051",NA,NA,NA
"CH052",NA,NA,NA
"CH053",NA,NA,NA
"CH054",NA,NA,NA
"CH055",NA,NA,NA
"CH056",NA,NA,NA
"CH057",NA,NA,NA
"CH06",0.272545757,0.164392679,0.045257903
"CH061",NA,NA,NA
"CH062",NA,NA,NA
"CH063",NA,NA,NA
"CH064",NA,NA,NA
"CH065",NA,NA,NA
"CH066",NA,NA,NA
"CH07",0.542372881,0.062146893,0.118644068
"CH070",NA,NA,NA
"DE",NA,NA,NA
"DE1",0.543741957,0.396751823,0.013130928
"DE11",NA,NA,NA
"DE111",NA,NA,NA
"DE112",NA,NA,NA
"DE113",NA,NA,NA
"DE114",NA,NA,NA
"DE115",NA,NA,NA
"DE116",NA,NA,NA
"DE117",NA,NA,NA
"DE118",NA,NA,NA
"DE119",NA,NA,NA
"DE11A",NA,NA,NA
"DE11B",NA,NA,NA
"DE11C",NA,NA,NA
"DE11D",NA,NA,NA
"DE12",NA,NA,NA
"DE121",NA,NA,NA
"DE122",NA,NA,NA
"DE123",NA,NA,NA
"DE124",NA,NA,NA
"DE125",NA,NA,NA
"DE126",NA,NA,NA
"DE127",NA,NA,NA
"DE128",NA,NA,NA
"DE129",NA,NA,NA
"DE12A",NA,NA,NA
"DE12B",NA,NA,NA
"DE12C",NA,NA,NA
"DE13",NA,NA,NA
"DE131",NA,NA,NA
"DE132",NA,NA,NA
"DE133",NA,NA,NA
"DE134",NA,NA,NA
"DE135",NA,NA,NA
"DE136",NA,NA,NA
"DE137",NA,NA,NA
"DE138",NA,NA,NA
"DE139",NA,NA,NA
"DE13A",NA,NA,NA
"DE14",NA,NA,NA
"DE141",NA,NA,NA
"DE142",NA,NA,NA
"DE143",NA,NA,NA
"DE144",NA,NA,NA
"DE145",NA,NA,NA
"DE146",NA,NA,NA
"DE147",NA,NA,NA
"DE148",NA,NA,NA
"DE149",NA,NA,NA
"DE2",0.738066777,0.222785766,0.006034971
"DE21",NA,NA,NA
"DE211",NA,NA,NA
"DE212",NA,NA,NA
"DE213",NA,NA,NA
"DE214",NA,NA,NA
"DE215",NA,NA,NA
"DE216",NA,NA,NA
"DE217",NA,NA,NA
"DE218",NA,NA,NA
"DE219",NA,NA,NA
"DE21A",NA,NA,NA
"DE21B",NA,NA,NA
"DE21C",NA,NA,NA
"DE21D",NA,NA,NA
"DE21E",NA,NA,NA
"DE21F",NA,NA,NA
"DE21G",NA,NA,NA
"DE21H",NA,NA,NA
"DE21I",NA,NA,NA
"DE21J",NA,NA,NA
"DE21K",NA,NA,NA
"DE21L",NA,NA,NA
"DE21M",NA,NA,NA
"DE21N",NA,NA,NA
"DE22",NA,NA,NA
"DE221",NA,NA,NA
"DE222",NA,NA,NA
"DE223",NA,NA,NA
"DE224",NA,NA,NA
"DE225",NA,NA,NA
"DE226",NA,NA,NA
"DE227",NA,NA,NA
"DE228",NA,NA,NA
"DE229",NA,NA,NA
"DE22A",NA,NA,NA
"DE22B",NA,NA,NA
"DE22C",NA,NA,NA
"DE23",NA,NA,NA
"DE231",NA,NA,NA
"DE232",NA,NA,NA
"DE233",NA,NA,NA
"DE234",NA,NA,NA
"DE235",NA,NA,NA
"DE236",NA,NA,NA
"DE237",NA,NA,NA
"DE238",NA,NA,NA
"DE239",NA,NA,NA
"DE23A",NA,NA,NA
"DE24",NA,NA,NA
"DE241",NA,NA,NA
"DE242",NA,NA,NA
"DE243",NA,NA,NA
"DE244",NA,NA,NA
"DE245",NA,NA,NA
"DE246",NA,NA,NA
"DE247",NA,NA,NA
"DE248",NA,NA,NA
"DE249",NA,NA,NA
"DE24A",NA,NA,NA
"DE24B",NA,NA,NA
"DE24C",NA,NA,NA
"DE24D",NA,NA,NA
"DE25",NA,NA,NA
"DE251",NA,NA,NA
"DE252",NA,NA,NA
"DE253",NA,NA,NA
"DE254",NA,NA,NA
"DE255",NA,NA,NA
"DE256",NA,NA,NA
"DE257",NA,NA,NA
"DE258",NA,NA,NA
"DE259",NA,NA,NA
"DE25A",NA,NA,NA
"DE25B",NA,NA,NA
"DE25C",NA,NA,NA
"DE26",NA,NA,NA
"DE261",NA,NA,NA
"DE262",NA,NA,NA
"DE263",NA,NA,NA
"DE264",NA,NA,NA
"DE265",NA,NA,NA
"DE266",NA,NA,NA
"DE267",NA,NA,NA
"DE268",NA,NA,NA
"DE269",NA,NA,NA
"DE26A",NA,NA,NA
"DE26B",NA,NA,NA
"DE26C",NA,NA,NA
"DE27",NA,NA,NA
"DE271",NA,NA,NA
"DE272",NA,NA,NA
"DE273",NA,NA,NA
"DE274",NA,NA,NA
"DE275",NA,NA,NA
"DE276",NA,NA,NA
"DE277",NA,NA,NA
"DE278",NA,NA,NA
"DE279",NA,NA,NA
"DE27A",NA,NA,NA
"DE27B",NA,NA,NA
"DE27C",NA,NA,NA
"DE27D",NA,NA,NA
"DE27E",NA,NA,NA
"DE3",0.627586207,0.062068966,0
"DE30",NA,NA,NA
"DE300",NA,NA,NA
"DE4",0.489304606,0.385508903,0.011606053
"DE40",NA,NA,NA
"DE401",NA,NA,NA
"DE402",NA,NA,NA
"DE403",NA,NA,NA
"DE404",NA,NA,NA
"DE405",NA,NA,NA
"DE406",NA,NA,NA
"DE407",NA,NA,NA
"DE408",NA,NA,NA
"DE409",NA,NA,NA
"DE40A",NA,NA,NA
"DE40B",NA,NA,NA
"DE40C",NA,NA,NA
"DE40D",NA,NA,NA
"DE40E",NA,NA,NA
"DE40F",NA,NA,NA
"DE40G",NA,NA,NA
"DE40H",NA,NA,NA
"DE40I",NA,NA,NA
"DE5",0.757763975,0.378881988,0
"DE50",NA,NA,NA
"DE501",NA,NA,NA
"DE502",NA,NA,NA
"DE6",0.659649123,0.196491228,0.001754386
"DE60",NA,NA,NA
"DE600",NA,NA,NA
"DE7",0.571225726,0.365901023,0.009208603
"DE71",NA,NA,NA
"DE711",NA,NA,NA
"DE712",NA,NA,NA
"DE713",NA,NA,NA
"DE714",NA,NA,NA
"DE715",NA,NA,NA
"DE716",NA,NA,NA
"DE717",NA,NA,NA
"DE718",NA,NA,NA
"DE719",NA,NA,NA
"DE71A",NA,NA,NA
"DE71B",NA,NA,NA
"DE71C",NA,NA,NA
"DE71D",NA,NA,NA
"DE71E",NA,NA,NA
"DEA57",NA,NA,NA
"DEA58",NA,NA,NA
"DEA59",NA,NA,NA
"DEA5A",NA,NA,NA
"DEA5B",NA,NA,NA
"DEA5C",NA,NA,NA
"DEB",0.563604022,0.357931665,0.011660943
"DEB1",NA,NA,NA
"DEB11",NA,NA,NA
"DEB12",NA,NA,NA
"DEB13",NA,NA,NA
"DEB14",NA,NA,NA
"DEB15",NA,NA,NA
"DEB16",NA,NA,NA
"DEB17",NA,NA,NA
"DEB18",NA,NA,NA
"DEB19",NA,NA,NA
"DEB1A",NA,NA,NA
"DEB1B",NA,NA,NA
"DEB2",NA,NA,NA
"DEB21",NA,NA,NA
"DEB22",NA,NA,NA
"DEB23",NA,NA,NA
"DEB24",NA,NA,NA
"DEB25",NA,NA,NA
"DEB3",NA,NA,NA
"DEB31",NA,NA,NA
"DEB32",NA,NA,NA
"DEB33",NA,NA,NA
"DEB34",NA,NA,NA
"DEB35",NA,NA,NA
"DEB36",NA,NA,NA
"DEB37",NA,NA,NA
"DEB38",NA,NA,NA
"DEB39",NA,NA,NA
"DEB3A",NA,NA,NA
"DEB3B",NA,NA,NA
"DEB3C",NA,NA,NA
"DEB3D",NA,NA,NA
"DEB3E",NA,NA,NA
"DEB3F",NA,NA,NA
"DEB3G",NA,NA,NA
"DEB3H",NA,NA,NA
"DEB3I",NA,NA,NA
"DEB3J",NA,NA,NA
"DEB3K",NA,NA,NA
"DEF01",NA,NA,NA
"DEF02",NA,NA,NA
"DEF03",NA,NA,NA
"DEF04",NA,NA,NA
"DEF05",NA,NA,NA
"DEF06",NA,NA,NA
"DEF07",NA,NA,NA
"DEF08",NA,NA,NA
"DEF09",NA,NA,NA
"DEF0A",NA,NA,NA
"DEF0B",NA,NA,NA
"DEF0C",NA,NA,NA
"DEF0D",NA,NA,NA
"DEF0E",NA,NA,NA
"DEF0F",NA,NA,NA
"DEG",0.317028217,0.650660577,0.009606916
"DEG0",NA,NA,NA
"DEG01",NA,NA,NA
"DEG02",NA,NA,NA
"DEG03",NA,NA,NA
"DEG04",NA,NA,NA
"DEG05",NA,NA,NA
"DEG06",NA,NA,NA
"DEG07",NA,NA,NA
"DEG09",NA,NA,NA
"DEG0A",NA,NA,NA
"DEG0B",NA,NA,NA
"DEG0C",NA,NA,NA
"DEG0D",NA,NA,NA
"DEG0E",NA,NA,NA
"DEG0F",NA,NA,NA
"DEG0G",NA,NA,NA
"DEG0H",NA,NA,NA
"DEG0I",NA,NA,NA
"DEG0J",NA,NA,NA
"DEG0K",NA,NA,NA
"DEG0L",NA,NA,NA
"DEG0M",NA,NA,NA
"DEG0N",NA,NA,NA
"DEG0P",NA,NA,NA
"DK",NA,NA,NA
"DK0",NA,NA,NA
"DK01",0.89180731,0.062255505,0.045713647
"DK011",NA,NA,NA
"DK012",NA,NA,NA
"DK013",NA,NA,NA
"DK014",NA,NA,NA
"DK02",0.857990939,0.067891178,0.07393934
"DK021",NA,NA,NA
"DK022",NA,NA,NA
"DK03",0.895694586,0.046232072,0.057727913
"DK031",NA,NA,NA
"DK032",NA,NA,NA
"DK04",0.896377089,0.050371301,0.053169706
"DK041",NA,NA,NA
"DK042",NA,NA,NA
"DK05",0.902120645,0.05666934,0.041210015
"DK050",NA,NA,NA
"EE",NA,NA,NA
"EE0",NA,NA,NA
"EE00",0.52799825,0.133382289,0.065839635
"EE001",NA,NA,NA
"EE004",NA,NA,NA
"EE006",NA,NA,NA
"EE007",NA,NA,NA
"EE008",NA,NA,NA
"EL515",NA,NA,NA
"EL52",NA,NA,NA
"EL521",NA,NA,NA
"EL522",NA,NA,NA
"EL",NA,NA,NA
"EL3",NA,NA,NA
"EL30",0.590032154,0.300643087,0.039389068
"EL301",NA,NA,NA
"EL302",NA,NA,NA
"EL303",NA,NA,NA
"EL304",NA,NA,NA
"EL305",NA,NA,NA
"EL306",NA,NA,NA
"EL307",NA,NA,NA
"EL4",NA,NA,NA
"EL41",0.840336134,0.06197479,0.029411765
"EL411",NA,NA,NA
"EL412",NA,NA,NA
"EL413",NA,NA,NA
"EL42",0.626136746,0.199056922,0.053216571
"EL421",NA,NA,NA
"EL422",NA,NA,NA
"EL43",0.376702997,0.28133515,0.021798365
"EL431",NA,NA,NA
"EL432",NA,NA,NA
"EL433",NA,NA,NA
"EL434",NA,NA,NA
"EL5",NA,NA,NA
"EL51",NA,NA,NA
"EL511",NA,NA,NA
"EL512",NA,NA,NA
"EL513",NA,NA,NA
"EL514",NA,NA,NA
"EL523",NA,NA,NA
"EL524",NA,NA,NA
"EL525",NA,NA,NA
"EL526",NA,NA,NA
"EL527",NA,NA,NA
"EL53",NA,NA,NA
"EL531",NA,NA,NA
"EL532",NA,NA,NA
"EL533",NA,NA,NA
"EL54",NA,NA,NA
"EL541",NA,NA,NA
"EL542",NA,NA,NA
"EL543",NA,NA,NA
"EL6",NA,NA,NA
"EL61",NA,NA,NA
"EL611",NA,NA,NA
"EL612",NA,NA,NA
"EL613",NA,NA,NA
"EL62",NA,NA,NA
"EL621",NA,NA,NA
"EL622",NA,NA,NA
"EL623",NA,NA,NA
"EL624",NA,NA,NA
"EL63",NA,NA,NA
"EL631",NA,NA,NA
"EL632",NA,NA,NA
"EL633",NA,NA,NA
"EL64",NA,NA,NA
"EL641",NA,NA,NA
"EL642",NA,NA,NA
"EL643",NA,NA,NA
"EL644",NA,NA,NA
"EL645",NA,NA,NA
"EL65",NA,NA,NA
"EL651",NA,NA,NA
"EL652",NA,NA,NA
"EL653",NA,NA,NA
"ES",NA,NA,NA
"ES1",NA,NA,NA
"ES11",0.78460522,0.053518335,0.021363286
"ES111",NA,NA,NA
"ES112",NA,NA,NA
"ES113",NA,NA,NA
"ES114",NA,NA,NA
"ES12",0.717379534,0.021656741,0.04006497
"ES120",NA,NA,NA
"ES13",0.735632184,0.084770115,0.08045977
"ES130",NA,NA,NA
"ES2",NA,NA,NA
"ES21",0.855896607,0.05638126,0.018416801
"ES211",NA,NA,NA
"ES212",NA,NA,NA
"ES213",NA,NA,NA
"ES22",0.420767306,0.462816236,0.089241034
"ES220",NA,NA,NA
"ES23",0.610899183,0.307629428,0.06893733
"ES230",NA,NA,NA
"ES24",0.711644958,0.145819795,0.074075382
"ES241",NA,NA,NA
"ES242",NA,NA,NA
"ES243",NA,NA,NA
"ES3",NA,NA,NA
"ES30",0.888197511,0.07433427,0.030978188
"ES300",NA,NA,NA
"DEC",0.491420912,0.38150134,0.014745308
"DEC0",NA,NA,NA
"DEC01",NA,NA,NA
"DEC02",NA,NA,NA
"DEC03",NA,NA,NA
"DEC04",NA,NA,NA
"DEC05",NA,NA,NA
"DEC06",NA,NA,NA
"DED",0.402417027,0.535603286,0.01535964
"DED2",NA,NA,NA
"DED21",NA,NA,NA
"DED2C",NA,NA,NA
"DED2D",NA,NA,NA
"DED2E",NA,NA,NA
"DED2F",NA,NA,NA
"DED4",NA,NA,NA
"DED41",NA,NA,NA
"DED42",NA,NA,NA
"DED43",NA,NA,NA
"DED44",NA,NA,NA
"DED45",NA,NA,NA
"DED5",NA,NA,NA
"DED51",NA,NA,NA
"DED52",NA,NA,NA
"DED53",NA,NA,NA
"DEE",0.364995559,0.548860699,0.03668919
"DEE0",NA,NA,NA
"DEE01",NA,NA,NA
"DEE02",NA,NA,NA
"DEE03",NA,NA,NA
"DEE04",NA,NA,NA
"DEE05",NA,NA,NA
"DEE06",NA,NA,NA
"DEE07",NA,NA,NA
"DEE08",NA,NA,NA
"DEE09",NA,NA,NA
"DEE0A",NA,NA,NA
"DEE0B",NA,NA,NA
"DEE0C",NA,NA,NA
"DEE0D",NA,NA,NA
"DEE0E",NA,NA,NA
"DEF",0.663952606,0.251023355,0.004733481
"DEF0",NA,NA,NA
"FR513",NA,NA,NA
"FR514",NA,NA,NA
"FR515",NA,NA,NA
"FR52",0.500648855,0.132165839,0.023606299
"FR521",NA,NA,NA
"FR522",NA,NA,NA
"FR523",NA,NA,NA
"FR524",NA,NA,NA
"FR53",0.483497057,0.26655667,0.022662516
"FR531",NA,NA,NA
"FR532",NA,NA,NA
"FR533",NA,NA,NA
"FR534",NA,NA,NA
"FR6",NA,NA,NA
"FR61",0.468421937,0.220850373,0.032580808
"FR611",NA,NA,NA
"FR612",NA,NA,NA
"FR613",NA,NA,NA
"FR614",NA,NA,NA
"FR615",NA,NA,NA
"FR62",0.313409966,0.293093715,0.028064342
"FR621",NA,NA,NA
"FR622",NA,NA,NA
"FR623",NA,NA,NA
"FR624",NA,NA,NA
"FR625",NA,NA,NA
"FR626",NA,NA,NA
"FR627",NA,NA,NA
"FR628",NA,NA,NA
"FR63",0.299749404,0.033694635,0.010205006
"FR631",NA,NA,NA
"FR632",NA,NA,NA
"FR633",NA,NA,NA
"FR7",NA,NA,NA
"FR71",0.551024886,0.098037987,0.026499718
"FR711",NA,NA,NA
"FR712",NA,NA,NA
"FR713",NA,NA,NA
"FR714",NA,NA,NA
"FR715",NA,NA,NA
"FR716",NA,NA,NA
"FR717",NA,NA,NA
"FR718",NA,NA,NA
"FR72",0.372274335,0.124989001,0.02660988
"FR721",NA,NA,NA
"FR722",NA,NA,NA
"FR723",NA,NA,NA
"FR724",NA,NA,NA
"FR8",NA,NA,NA
"FR81",0.338798436,0.234202437,0.030247827
"FR811",NA,NA,NA
"FR812",NA,NA,NA
"FR813",NA,NA,NA
"FR814",NA,NA,NA
"FR815",NA,NA,NA
"FR82",0.443709869,0.121712247,0.01921522
"FR821",NA,NA,NA
"FR822",NA,NA,NA
"FR823",NA,NA,NA
"FR824",NA,NA,NA
"FR825",NA,NA,NA
"FR826",NA,NA,NA
"FR83",0.180470793,0.027898867,0.045335658
"FR831",NA,NA,NA
"FR832",NA,NA,NA
"FRA",NA,NA,NA
"FRA1",NA,NA,NA
"FRA10",NA,NA,NA
"FRA2",NA,NA,NA
"FRA20",NA,NA,NA
"FRA3",NA,NA,NA
"FRA30",NA,NA,NA
"FRA4",NA,NA,NA
"FRA40",NA,NA,NA
"FRA5",NA,NA,NA
"FRA50",NA,NA,NA
"HR",NA,NA,NA
"HR0",NA,NA,NA
"HR03",0.630050172,0.012674941,0.193028783
"HR031",NA,NA,NA
"HR032",NA,NA,NA
"HR033",NA,NA,NA
"HR034",NA,NA,NA
"HR035",NA,NA,NA
"HR036",NA,NA,NA
"HR037",NA,NA,NA
"HR04",0.91500554,0.032868723,0.013098501
"HR041",NA,NA,NA
"HR042",NA,NA,NA
"HR043",NA,NA,NA
"HR044",NA,NA,NA
"HR045",NA,NA,NA
"HR046",NA,NA,NA
"HR047",NA,NA,NA
"HR048",NA,NA,NA
"HR049",NA,NA,NA
"HR04A",NA,NA,NA
"HR04B",NA,NA,NA
"HR04C",NA,NA,NA
"HR04D",NA,NA,NA
"HR04E",NA,NA,NA
"HU",NA,NA,NA
"ES4",NA,NA,NA
"ES41",0.691616748,0.207067599,0.081114679
"ES411",NA,NA,NA
"ES412",NA,NA,NA
"ES413",NA,NA,NA
"ES414",NA,NA,NA
"ES415",NA,NA,NA
"ES416",NA,NA,NA
"ES417",NA,NA,NA
"ES418",NA,NA,NA
"ES419",NA,NA,NA
"ES42",0.711223477,0.245711155,0.036780009
"ES421",NA,NA,NA
"ES422",NA,NA,NA
"ES423",NA,NA,NA
"ES424",NA,NA,NA
"ES425",NA,NA,NA
"ES43",0.807723298,0.123653347,0.043734519
"ES431",NA,NA,NA
"ES432",NA,NA,NA
"ES5",NA,NA,NA
"ES51",0.613352123,0.151997338,0.130487542
"ES511",NA,NA,NA
"ES512",NA,NA,NA
"ES513",NA,NA,NA
"ES514",NA,NA,NA
"ES52",0.822728911,0.07795602,0.064708003
"ES521",NA,NA,NA
"ES522",NA,NA,NA
"ES523",NA,NA,NA
"ES53",0.735932794,0.085988271,0.012363291
"ES531",NA,NA,NA
"ES532",NA,NA,NA
"ES533",NA,NA,NA
"ES6",NA,NA,NA
"ES61",0.69805145,0.203881757,0.053828057
"ES611",NA,NA,NA
"ES612",NA,NA,NA
"ES613",NA,NA,NA
"ES614",NA,NA,NA
"ES615",NA,NA,NA
"ES616",NA,NA,NA
"ES617",NA,NA,NA
"ES618",NA,NA,NA
"ES62",0.888405638,0.060614402,0.008973794
"ES620",NA,NA,NA
"ES63",NA,NA,NA
"ES630",NA,NA,NA
"ES64",NA,NA,NA
"ES640",NA,NA,NA
"ES7",NA,NA,NA
"ES70",0.649122807,0.049824561,0.089122807
"ES703",NA,NA,NA
"ES704",NA,NA,NA
"ES705",NA,NA,NA
"ES706",NA,NA,NA
"ES707",NA,NA,NA
"ES708",NA,NA,NA
"ES709",NA,NA,NA
"FI",NA,NA,NA
"FI1",NA,NA,NA
"FI19",0.442034666,0.157440243,0.052670872
"FI193",NA,NA,NA
"FI194",NA,NA,NA
"FI195",NA,NA,NA
"FI196",NA,NA,NA
"FI197",NA,NA,NA
"FI1B",0.34108195,0.209641136,0.150455276
"FI1B1",NA,NA,NA
"FI1C",0.345834517,0.250749755,0.12439625
"FI1C1",NA,NA,NA
"FI1C2",NA,NA,NA
"FI1C3",NA,NA,NA
"FI1C4",NA,NA,NA
"FI1C5",NA,NA,NA
"FI1D",0.327281329,0.077443965,0.027160092
"FI1D1",NA,NA,NA
"FI1D2",NA,NA,NA
"FI1D3",NA,NA,NA
"FI1D4",NA,NA,NA
"FI1D5",NA,NA,NA
"FI1D6",NA,NA,NA
"FI1D7",NA,NA,NA
"FI2",NA,NA,NA
"FI20",0.424041298,0.107669617,0.011061947
"FI200",NA,NA,NA
"FR",NA,NA,NA
"FR1",NA,NA,NA
"FR10",0.525423729,0.387453272,0.025260407
"FR101",NA,NA,NA
"FR102",NA,NA,NA
"FR103",NA,NA,NA
"FR104",NA,NA,NA
"FR105",NA,NA,NA
"FR106",NA,NA,NA
"FR107",NA,NA,NA
"FR108",NA,NA,NA
"FR2",NA,NA,NA
"FR21",0.466744844,0.424286292,0.016546704
"FR211",NA,NA,NA
"FR212",NA,NA,NA
"FR213",NA,NA,NA
"FR214",NA,NA,NA
"FR22",0.585020981,0.342720298,0.029974993
"FR221",NA,NA,NA
"FR222",NA,NA,NA
"FR223",NA,NA,NA
"FR23",0.648363358,0.24304885,0.036762013
"FR231",NA,NA,NA
"FR232",NA,NA,NA
"FR24",0.515658129,0.311773451,0.026344649
"FR241",NA,NA,NA
"FR242",NA,NA,NA
"FR243",NA,NA,NA
"FR244",NA,NA,NA
"FR245",NA,NA,NA
"FR246",NA,NA,NA
"FR25",0.603627847,0.137840747,0.054126786
"FR251",NA,NA,NA
"FR252",NA,NA,NA
"FR253",NA,NA,NA
"FR26",0.441427456,0.375766452,0.016881468
"FR261",NA,NA,NA
"FR262",NA,NA,NA
"FR263",NA,NA,NA
"FR264",NA,NA,NA
"FR3",NA,NA,NA
"FR30",0.735191956,0.161517367,0.06198964
"FR301",NA,NA,NA
"FR302",NA,NA,NA
"FR4",NA,NA,NA
"FR41",0.561434492,0.335123125,0.019455087
"FR411",NA,NA,NA
"FR412",NA,NA,NA
"FR413",NA,NA,NA
"FR414",NA,NA,NA
"FR42",0.808730423,0.092135955,0.009455182
"FR421",NA,NA,NA
"FR422",NA,NA,NA
"FR43",0.457237305,0.22545365,0.037347025
"FR431",NA,NA,NA
"FR432",NA,NA,NA
"FR433",NA,NA,NA
"FR434",NA,NA,NA
"FR5",NA,NA,NA
"FR51",0.427474392,0.179467458,0.041082177
"FR511",NA,NA,NA
"FR512",NA,NA,NA
"HU1",NA,NA,NA
"HU10",0.832444124,0.101802451,0.00778659
"HU101",NA,NA,NA
"HU102",NA,NA,NA
"HU2",NA,NA,NA
"HU21",0.806528414,0.151617641,0.010524676
"HU211",NA,NA,NA
"HU212",NA,NA,NA
"HU213",NA,NA,NA
"HU22",0.850928451,0.101588538,0.006968792
"HU221",NA,NA,NA
"HU222",NA,NA,NA
"HU223",NA,NA,NA
"HU23",0.859223534,0.101154639,0.017822636
"HU231",NA,NA,NA
"HU232",NA,NA,NA
"HU233",NA,NA,NA
"HU3",NA,NA,NA
"HU31",0.754413823,0.131661105,0.013618258
"HU311",NA,NA,NA
"HU312",NA,NA,NA
"HU313",NA,NA,NA
"HU32",0.84985166,0.090694183,0.011240736
"HU321",NA,NA,NA
"HU322",NA,NA,NA
"HU323",NA,NA,NA
"HU33",0.846223382,0.096609568,0.010160997
"HU331",NA,NA,NA
"HU332",NA,NA,NA
"HU333",NA,NA,NA
"IE",NA,NA,NA
"IE0",NA,NA,NA
"IE01",0.377079418,0.015278068,0.010614603
"IE011",NA,NA,NA
"ITC2",0.588235294,0.029411765,0.029411765
"ITC20",NA,NA,NA
"ITC3",0.345588235,0.029411765,0.079411765
"ITC31",NA,NA,NA
"ITC32",NA,NA,NA
"ITC33",NA,NA,NA
"ITC34",NA,NA,NA
"ITC4",0.866272404,0.03381987,0.031485054
"ITC41",NA,NA,NA
"ITC42",NA,NA,NA
"ITC43",NA,NA,NA
"ITC44",NA,NA,NA
"ITC46",NA,NA,NA
"ITC47",NA,NA,NA
"ITC48",NA,NA,NA
"ITC49",NA,NA,NA
"ITC4A",NA,NA,NA
"ITC4B",NA,NA,NA
"ITC4C",NA,NA,NA
"ITC4D",NA,NA,NA
"ITF",NA,NA,NA
"ITF1",0.650611032,0.015688649,0.057084664
"ITF11",NA,NA,NA
"ITF12",NA,NA,NA
"ITF13",NA,NA,NA
"ITF14",NA,NA,NA
"ITF2",0.685670262,0.06618574,0.097282533
"ITF21",NA,NA,NA
"ITF22",NA,NA,NA
"ITF3",0.738567699,0.050652742,0.035024245
"ITF31",NA,NA,NA
"ITF32",NA,NA,NA
"ITF33",NA,NA,NA
"ITF34",NA,NA,NA
"ITF35",NA,NA,NA
"ITF4",0.806493706,0.021016273,0.01544366
"ITF43",NA,NA,NA
"ITF44",NA,NA,NA
"ITF45",NA,NA,NA
"ITF46",NA,NA,NA
"ITF47",NA,NA,NA
"ITF48",NA,NA,NA
"ITF5",0.72303263,0.031957774,0.018426104
"ITF51",NA,NA,NA
"ITF52",NA,NA,NA
"ITF6",0.763110655,0.022823439,0.026605975
"ITF61",NA,NA,NA
"ITF62",NA,NA,NA
"ITF63",NA,NA,NA
"ITF64",NA,NA,NA
"ITF65",NA,NA,NA
"ITG",NA,NA,NA
"ITG1",0.705269653,0.04142855,0.020537984
"ITG11",NA,NA,NA
"ITG12",NA,NA,NA
"ITG13",NA,NA,NA
"ITG14",NA,NA,NA
"ITG15",NA,NA,NA
"ITG16",NA,NA,NA
"ITG17",NA,NA,NA
"ITG18",NA,NA,NA
"ITG19",NA,NA,NA
"ITG2",0.756960675,0.060893202,0.020196118
"ITG25",NA,NA,NA
"ITG26",NA,NA,NA
"ITG27",NA,NA,NA
"ITG28",NA,NA,NA
"ITG29",NA,NA,NA
"ITG2A",NA,NA,NA
"ITG2B",NA,NA,NA
"ITG2C",NA,NA,NA
"ITH",NA,NA,NA
"ITH1",0.737623762,0.059405941,0.153465347
"ITH10",NA,NA,NA
"ITH2",0.748387097,0.016129032,0.058064516
"ITH20",NA,NA,NA
"ITH3",0.887994941,0.037012964,0.023082598
"ITH31",NA,NA,NA
"ITH32",NA,NA,NA
"ITH33",NA,NA,NA
"ITH34",NA,NA,NA
"ITH35",NA,NA,NA
"ITH36",NA,NA,NA
"ITH37",NA,NA,NA
"ITH4",0.848619329,0.041974852,0.025271203
"ITH41",NA,NA,NA
"ITH42",NA,NA,NA
"ITH43",NA,NA,NA
"ITH44",NA,NA,NA
"ITH5",0.617178564,0.048930253,0.076742478
"ITH51",NA,NA,NA
"ITH52",NA,NA,NA
"ITH53",NA,NA,NA
"ITH54",NA,NA,NA
"ITH55",NA,NA,NA
"ITH56",NA,NA,NA
"ITH57",NA,NA,NA
"ITH58",NA,NA,NA
"ITH59",NA,NA,NA
"ITI",NA,NA,NA
"ITI1",0.555481465,0.078392965,0.055304341
"ITI11",NA,NA,NA
"ITI12",NA,NA,NA
"ITI13",NA,NA,NA
"ITI14",NA,NA,NA
"ITI15",NA,NA,NA
"ITI16",NA,NA,NA
"ITI17",NA,NA,NA
"ITI18",NA,NA,NA
"ITI19",NA,NA,NA
"ITI1A",NA,NA,NA
"ITI2",0.668134053,0.033039856,0.070718546
"ITI21",NA,NA,NA
"ITI22",NA,NA,NA
"ITI3",0.661927119,0.044683348,0.098890252
"ITI31",NA,NA,NA
"ITI32",NA,NA,NA
"ITI33",NA,NA,NA
"ITI34",NA,NA,NA
"ITI35",NA,NA,NA
"ITI4",0.648341055,0.083118256,0.03492024
"ITI41",NA,NA,NA
"ITI42",NA,NA,NA
"ITI43",NA,NA,NA
"ITI44",NA,NA,NA
"ITI45",NA,NA,NA
"LI",NA,NA,NA
"LI0",NA,NA,NA
"LI00",NA,NA,NA
"LI000",NA,NA,NA
"LT",NA,NA,NA
"LT0",NA,NA,NA
"LT00",0.684695503,0.069626926,0.009115279
"LT001",NA,NA,NA
"LT002",NA,NA,NA
"LT003",NA,NA,NA
"LT004",NA,NA,NA
"LT005",NA,NA,NA
"LT006",NA,NA,NA
"LT007",NA,NA,NA
"LT008",NA,NA,NA
"LT009",NA,NA,NA
"LT00A",NA,NA,NA
"LU",NA,NA,NA
"LU0",NA,NA,NA
"LU00",0.571290323,0.249516129,0.007096774
"LU000",NA,NA,NA
"LV",NA,NA,NA
"LV0",NA,NA,NA
"LV00",0.570581857,0.066134309,0.010420495
"LV003",NA,NA,NA
"LV005",NA,NA,NA
"LV006",NA,NA,NA
"LV007",NA,NA,NA
"LV008",NA,NA,NA
"LV009",NA,NA,NA
"ME",NA,NA,NA
"ME0",NA,NA,NA
"ME00",0.859259259,0,0
"ME000",NA,NA,NA
"MK",NA,NA,NA
"MK0",NA,NA,NA
"MK00",NA,NA,NA
"MK001",NA,NA,NA
"MK002",NA,NA,NA
"MK003",NA,NA,NA
"MK004",NA,NA,NA
"MK005",NA,NA,NA
"MK006",NA,NA,NA
"MK007",NA,NA,NA
"MK008",NA,NA,NA
"MT",NA,NA,NA
"MT0",NA,NA,NA
"MT00",0.966960352,0,0
"MT001",NA,NA,NA
"MT002",NA,NA,NA
"NL",NA,NA,NA
"NL1",NA,NA,NA
"NL11",0.713689869,0.158216702,0.005468533
"NL111",NA,NA,NA
"NL112",NA,NA,NA
"NL113",NA,NA,NA
"NL12",0.640670029,0.086455331,0.00990634
"NL121",NA,NA,NA
"NL122",NA,NA,NA
"NL123",NA,NA,NA
"NL13",0.599959096,0.20278147,0.008180796
"NL131",NA,NA,NA
"NL132",NA,NA,NA
"NL133",NA,NA,NA
"NL2",NA,NA,NA
"NL21",0.670326763,0.061251488,0.004101072
"NL211",NA,NA,NA
"NL212",NA,NA,NA
"NL213",NA,NA,NA
"NL22",0.671283784,0.060472973,0.004842342
"NL221",NA,NA,NA
"NL224",NA,NA,NA
"NL225",NA,NA,NA
"NL226",NA,NA,NA
"IE012",NA,NA,NA
"IE013",NA,NA,NA
"IE02",0.537456351,0.033708388,0.010786063
"IE021",NA,NA,NA
"IE022",NA,NA,NA
"IE023",NA,NA,NA
"IE024",NA,NA,NA
"IE025",NA,NA,NA
"IS",NA,NA,NA
"IS0",NA,NA,NA
"IS00",0.357941176,0.020588235,0.023235294
"IS001",NA,NA,NA
"IS002",NA,NA,NA
"IT",NA,NA,NA
"ITC",NA,NA,NA
"ITC1",0.870538426,0.026507133,0.02531063
"ITC11",NA,NA,NA
"ITC12",NA,NA,NA
"ITC13",NA,NA,NA
"ITC14",NA,NA,NA
"ITC15",NA,NA,NA
"ITC16",NA,NA,NA
"ITC17",NA,NA,NA
"ITC18",NA,NA,NA
"PL428",NA,NA,NA
"PL43",0.747084648,0.043318699,0.1555083
"PL431",NA,NA,NA
"PL432",NA,NA,NA
"PL5",NA,NA,NA
"PL51",0.848511779,0.040223678,0.076386705
"PL514",NA,NA,NA
"PL515",NA,NA,NA
"PL516",NA,NA,NA
"PL517",NA,NA,NA
"PL518",NA,NA,NA
"PL52",0.888478304,0.034585002,0.049432434
"PL523",NA,NA,NA
"PL524",NA,NA,NA
"PL6",NA,NA,NA
"PL61",0.903665369,0.029246985,0.029721774
"PL613",NA,NA,NA
"PL616",NA,NA,NA
"PL617",NA,NA,NA
"PL618",NA,NA,NA
"PL619",NA,NA,NA
"PL62",0.816499373,0.056195107,0.050156838
"PL621",NA,NA,NA
"PL622",NA,NA,NA
"PL623",NA,NA,NA
"PL63",0.843387406,0.049298791,0.061069413
"PL633",NA,NA,NA
"PL634",NA,NA,NA
"PL636",NA,NA,NA
"PL637",NA,NA,NA
"PL638",NA,NA,NA
"PT",NA,NA,NA
"PT1",NA,NA,NA
"PT11",0.714522069,0.013609436,0.00154774
"PT111",NA,NA,NA
"PT112",NA,NA,NA
"PT119",NA,NA,NA
"PT11A",NA,NA,NA
"PT11B",NA,NA,NA
"PT11C",NA,NA,NA
"PT11D",NA,NA,NA
"PT11E",NA,NA,NA
"PT15",0.29377519,0.037617555,0.002686968
"PT150",NA,NA,NA
"PT16",0.721303119,0.08647296,0.01200241
"PT16B",NA,NA,NA
"PT16D",NA,NA,NA
"PT16E",NA,NA,NA
"PT16F",NA,NA,NA
"PT16G",NA,NA,NA
"PT16H",NA,NA,NA
"PT16I",NA,NA,NA
"PT16J",NA,NA,NA
"PT17",0.639705882,0.096602434,0.089249493
"PT170",NA,NA,NA
"PT18",0.418248375,0.193451223,0.033896839
"PT181",NA,NA,NA
"PT184",NA,NA,NA
"PT185",NA,NA,NA
"PT186",NA,NA,NA
"PT187",NA,NA,NA
"PT2",NA,NA,NA
"PT20",0.997516556,0,0
"PT200",NA,NA,NA
"PT3",NA,NA,NA
"PT30",0.955357143,0,0
"PT300",NA,NA,NA
"RO",NA,NA,NA
"RO1",NA,NA,NA
"RO11",0.713613899,0.00709819,0.04057189
"RO111",NA,NA,NA
"RO112",NA,NA,NA
"RO113",NA,NA,NA
"RO114",NA,NA,NA
"RO115",NA,NA,NA
"RO116",NA,NA,NA
"RO12",0.713685724,0.032615687,0.152843467
"RO121",NA,NA,NA
"RO122",NA,NA,NA
"RO123",NA,NA,NA
"RO124",NA,NA,NA
"RO125",NA,NA,NA
"RO126",NA,NA,NA
"RO2",NA,NA,NA
"RO21",0.826183134,0.004432565,0.08109331
"RO211",NA,NA,NA
"RO212",NA,NA,NA
"RO213",NA,NA,NA
"RO214",NA,NA,NA
"RO215",NA,NA,NA
"RO216",NA,NA,NA
"RO22",0.92740328,0.011271841,0.021436315
"RO221",NA,NA,NA
"RO222",NA,NA,NA
"RO223",NA,NA,NA
"RO224",NA,NA,NA
"RO225",NA,NA,NA
"RO226",NA,NA,NA
"RO3",NA,NA,NA
"RO31",0.908019883,0.032342055,0.026967852
"RO311",NA,NA,NA
"RO312",NA,NA,NA
"RO313",NA,NA,NA
"RO314",NA,NA,NA
"RO315",NA,NA,NA
"RO316",NA,NA,NA
"RO317",NA,NA,NA
"RO32",0.872562674,0.010097493,0.049616992
"RO321",NA,NA,NA
"RO322",NA,NA,NA
"RO4",NA,NA,NA
"RO41",0.791200125,0.025089264,0.084601518
"RO411",NA,NA,NA
"NL23",0.77081789,0.099827032,0.008401285
"NL230",NA,NA,NA
"NL3",NA,NA,NA
"NL31",0.461477363,0.117553614,0.005559968
"NL310",NA,NA,NA
"NL32",0.605844242,0.074705805,0.011635594
"NL321",NA,NA,NA
"NL322",NA,NA,NA
"NL323",NA,NA,NA
"NL324",NA,NA,NA
"NL325",NA,NA,NA
"NL326",NA,NA,NA
"NL327",NA,NA,NA
"NL33",0.70784,0.0584,0.0056
"NL332",NA,NA,NA
"NL333",NA,NA,NA
"NL337",NA,NA,NA
"NL338",NA,NA,NA
"NL339",NA,NA,NA
"NL33A",NA,NA,NA
"NL34",0.780262373,0.08507255,0.011826675
"NL341",NA,NA,NA
"NL342",NA,NA,NA
"NL4",NA,NA,NA
"NL41",0.629551116,0.05315597,0.005405692
"NL411",NA,NA,NA
"NL412",NA,NA,NA
"NL413",NA,NA,NA
"NL414",NA,NA,NA
"NL42",0.548536618,0.186200503,0.006091908
"NL421",NA,NA,NA
"NL422",NA,NA,NA
"NL423",NA,NA,NA
"NO",NA,NA,NA
"NO0",NA,NA,NA
"NO01",0.540381003,0.304668634,0.020391736
"NO011",NA,NA,NA
"NO012",NA,NA,NA
"NO02",0.442166911,0.108291307,0.009706632
"NO021",NA,NA,NA
"NO022",NA,NA,NA
"NO03",0.609971671,0.132747875,0.005325779
"NO031",NA,NA,NA
"NO032",NA,NA,NA
"NO033",NA,NA,NA
"NO034",NA,NA,NA
"NO04",0.200641437,0.010519564,0.004105196
"NO041",NA,NA,NA
"NO042",NA,NA,NA
"NO043",NA,NA,NA
"NO05",0.086457456,0.003159225,0.001158382
"NO051",NA,NA,NA
"NO052",NA,NA,NA
"NO053",NA,NA,NA
"NO06",0.450579177,0.011098009,0.001248526
"NO061",NA,NA,NA
"NO062",NA,NA,NA
"NO07",0.149026926,0.002532658,0.002266062
"NO071",NA,NA,NA
"NO072",NA,NA,NA
"NO073",NA,NA,NA
"PL",NA,NA,NA
"PL1",NA,NA,NA
"PL11",0.907030376,0.045945798,0.007709942
"PL113",NA,NA,NA
"PL114",NA,NA,NA
"PL115",NA,NA,NA
"PL116",NA,NA,NA
"PL117",NA,NA,NA
"PL12",0.881027614,0.050882676,0.014201813
"PL127",NA,NA,NA
"PL128",NA,NA,NA
"PL129",NA,NA,NA
"PL12A",NA,NA,NA
"PL12B",NA,NA,NA
"PL12C",NA,NA,NA
"PL12D",NA,NA,NA
"PL12E",NA,NA,NA
"PL2",NA,NA,NA
"PL21",0.848220818,0.053874293,0.012238111
"PL213",NA,NA,NA
"PL214",NA,NA,NA
"PL217",NA,NA,NA
"PL218",NA,NA,NA
"PL219",NA,NA,NA
"PL21A",NA,NA,NA
"PL22",NA,NA,NA
"PL224",NA,NA,NA
"PL225",NA,NA,NA
"PL227",NA,NA,NA
"PL228",NA,NA,NA
"PL229",NA,NA,NA
"PL22A",NA,NA,NA
"PL22B",NA,NA,NA
"PL22C",NA,NA,NA
"PL3",NA,NA,NA
"PL31",0.89250117,0.057811987,0.008762409
"PL311",NA,NA,NA
"PL312",NA,NA,NA
"PL314",NA,NA,NA
"PL315",NA,NA,NA
"PL32",0.826788132,0.051612705,0.013941893
"PL323",NA,NA,NA
"PL324",NA,NA,NA
"PL325",NA,NA,NA
"PL326",NA,NA,NA
"PL33",0.846437275,0.068237206,0.009225949
"PL331",NA,NA,NA
"PL332",NA,NA,NA
"PL34",0.880447983,0.04338146,0.0073202
"PL343",NA,NA,NA
"PL344",NA,NA,NA
"PL345",NA,NA,NA
"PL4",NA,NA,NA
"PL41",0.890250009,0.033477267,0.039986937
"PL411",NA,NA,NA
"PL414",NA,NA,NA
"PL415",NA,NA,NA
"PL416",NA,NA,NA
"PL417",NA,NA,NA
"PL418",NA,NA,NA
"PL42",0.740610634,0.043108682,0.119741521
"PL424",NA,NA,NA
"PL426",NA,NA,NA
"PL427",NA,NA,NA
"RO412",NA,NA,NA
"RO413",NA,NA,NA
"RO414",NA,NA,NA
"RO415",NA,NA,NA
"RO42",0.7025715,0.055100721,0.185714996
"RO421",NA,NA,NA
"RO422",NA,NA,NA
"RO423",NA,NA,NA
"RO424",NA,NA,NA
"SE",NA,NA,NA
"SE1",NA,NA,NA
"SE11",0.363227666,0.134985591,0.016138329
"SE110",NA,NA,NA
"SE12",0.450333565,0.185124857,0.010056515
"SE121",NA,NA,NA
"SE122",NA,NA,NA
"SE123",NA,NA,NA
"SE124",NA,NA,NA
"SE125",NA,NA,NA
"SE2",NA,NA,NA
"SE21",0.358343103,0.051750126,0.002484229
"SE211",NA,NA,NA
"SE212",NA,NA,NA
"SE213",NA,NA,NA
"SE214",NA,NA,NA
"SI04",NA,NA,NA
"SI041",NA,NA,NA
"SI042",NA,NA,NA
"SI043",NA,NA,NA
"SI044",NA,NA,NA
"SK",NA,NA,NA
"SK0",NA,NA,NA
"SK01",0.588791956,0.253585687,0.022179506
"SK010",NA,NA,NA
"SK02",0.682630091,0.210877603,0.035275406
"SK021",NA,NA,NA
"SK022",NA,NA,NA
"SK023",NA,NA,NA
"SK03",0.663463825,0.106407268,0.01622033
"SK031",NA,NA,NA
"SK032",NA,NA,NA
"SK04",0.694888034,0.096209206,0.006575558
"SK041",NA,NA,NA
"SK042",NA,NA,NA
"TR",NA,NA,NA
"TR1",NA,NA,NA
"TR10",NA,NA,NA
"TR100",NA,NA,NA
"TR2",NA,NA,NA
"TR21",NA,NA,NA
"TR211",NA,NA,NA
"TR212",NA,NA,NA
"TR213",NA,NA,NA
"TR22",NA,NA,NA
"TR221",NA,NA,NA
"TR222",NA,NA,NA
"TR3",NA,NA,NA
"TR31",NA,NA,NA
"TR310",NA,NA,NA
"TR32",NA,NA,NA
"TR321",NA,NA,NA
"TR322",NA,NA,NA
"TR323",NA,NA,NA
"TR33",NA,NA,NA
"TR331",NA,NA,NA
"TR332",NA,NA,NA
"TR333",NA,NA,NA
"TR334",NA,NA,NA
"TR4",NA,NA,NA
"TR41",NA,NA,NA
"TR411",NA,NA,NA
"TR412",NA,NA,NA
"TR413",NA,NA,NA
"TR42",NA,NA,NA
"TR421",NA,NA,NA
"TR422",NA,NA,NA
"TR423",NA,NA,NA
"TR424",NA,NA,NA
"TR425",NA,NA,NA
"TR5",NA,NA,NA
"TR51",NA,NA,NA
"TR510",NA,NA,NA
"TR52",NA,NA,NA
"TR521",NA,NA,NA
"TR522",NA,NA,NA
"TR6",NA,NA,NA
"TR61",NA,NA,NA
"TR611",NA,NA,NA
"TR612",NA,NA,NA
"TR613",NA,NA,NA
"TR62",NA,NA,NA
"TR621",NA,NA,NA
"TR622",NA,NA,NA
"TR63",NA,NA,NA
"TR631",NA,NA,NA
"TR632",NA,NA,NA
"TR633",NA,NA,NA
"TR7",NA,NA,NA
"TR71",NA,NA,NA
"TR711",NA,NA,NA
"TR712",NA,NA,NA
"TR713",NA,NA,NA
"TR714",NA,NA,NA
"TR715",NA,NA,NA
"TR72",NA,NA,NA
"TR721",NA,NA,NA
"TR722",NA,NA,NA
"TR723",NA,NA,NA
"TR8",NA,NA,NA
"TR81",NA,NA,NA
"TR811",NA,NA,NA
"TR812",NA,NA,NA
"TR813",NA,NA,NA
"TR82",NA,NA,NA
"TR821",NA,NA,NA
"TR822",NA,NA,NA
"TR823",NA,NA,NA
"TR83",NA,NA,NA
"TR831",NA,NA,NA
"TR832",NA,NA,NA
"TR833",NA,NA,NA
"TR834",NA,NA,NA
"TR9",NA,NA,NA
"TR90",NA,NA,NA
"TR901",NA,NA,NA
"TR902",NA,NA,NA
"TR903",NA,NA,NA
"TR904",NA,NA,NA
"TR905",NA,NA,NA
"TR906",NA,NA,NA
"TRA",NA,NA,NA
"TRA1",NA,NA,NA
"TRA11",NA,NA,NA
"TRA12",NA,NA,NA
"TRA13",NA,NA,NA
"TRA2",NA,NA,NA
"TRA21",NA,NA,NA
"TRA22",NA,NA,NA
"TRA23",NA,NA,NA
"TRA24",NA,NA,NA
"TRB",NA,NA,NA
"TRB1",NA,NA,NA
"TRB11",NA,NA,NA
"TRB12",NA,NA,NA
"TRB13",NA,NA,NA
"TRB14",NA,NA,NA
"TRB2",NA,NA,NA
"TRB21",NA,NA,NA
"TRB22",NA,NA,NA
"TRB23",NA,NA,NA
"TRB24",NA,NA,NA
"TRC",NA,NA,NA
"TRC1",NA,NA,NA
"TRC11",NA,NA,NA
"TRC12",NA,NA,NA
"TRC13",NA,NA,NA
"TRC2",NA,NA,NA
"TRC21",NA,NA,NA
"TRC22",NA,NA,NA
"TRC3",NA,NA,NA
"TRC31",NA,NA,NA
"TRC32",NA,NA,NA
"TRC33",NA,NA,NA
"TRC34",NA,NA,NA
"UK",NA,NA,NA
"UKC",NA,NA,NA
"UKC1",0.606007067,0.191696113,0.032243816
"UKC11",NA,NA,NA
"UKC12",NA,NA,NA
"UKC13",NA,NA,NA
"UKC14",NA,NA,NA
"SE22",0.531628282,0.200984957,0.009187411
"SE221",NA,NA,NA
"SE224",NA,NA,NA
"SE23",0.50012917,0.058522639,0.002996745
"SE231",NA,NA,NA
"SE232",NA,NA,NA
"SE3",NA,NA,NA
"SE31",0.325851362,0.037991639,0.000202947
"SE311",NA,NA,NA
"SE312",NA,NA,NA
"SE313",NA,NA,NA
"SE32",0.128751753,0.00916316,0
"SE321",NA,NA,NA
"SE322",NA,NA,NA
"SE33",0.205648334,0.018361458,0.001661275
"SE331",NA,NA,NA
"SE332",NA,NA,NA
"SI",NA,NA,NA
"SI0",NA,NA,NA
"SI03",NA,NA,NA
"SI031",NA,NA,NA
"SI032",NA,NA,NA
"SI033",NA,NA,NA
"SI034",NA,NA,NA
"SI035",NA,NA,NA
"SI036",NA,NA,NA
"SI037",NA,NA,NA
"SI038",NA,NA,NA
"UKM31",NA,NA,NA
"UKM62",NA,NA,NA
"UKM63",NA,NA,NA
"UKM61",NA,NA,NA
"UKM2",0.536881018,0.091428817,0.066605055
"UKM3",0.253789489,0.033857487,0.049086273
"UKM5",0.477133825,0.030558483,0.085268704
"UKM6",0.357125352,0.016235755,0.064146551
"UKC2",0.515707797,0.264666919,0.002933384
"UKC21",NA,NA,NA
"UKC22",NA,NA,NA
"UKC23",NA,NA,NA
"UKD",NA,NA,NA
"UKD1",0.488951741,0.026692593,0.003005126
"UKD11",NA,NA,NA
"UKD12",NA,NA,NA
"UKD3",0.511627907,0.269767442,0.08372093
"UKD33",NA,NA,NA
"UKD34",NA,NA,NA
"UKD35",NA,NA,NA
"UKD36",NA,NA,NA
"UKD37",NA,NA,NA
"UKD4",0.507068224,0.076521205,0.000921942
"UKD41",NA,NA,NA
"UKD42",NA,NA,NA
"UKD44",NA,NA,NA
"UKD45",NA,NA,NA
"UKD46",NA,NA,NA
"UKD47",NA,NA,NA
"UKD6",0.500403714,0.081146548,0.02563585
"UKD61",NA,NA,NA
"UKD62",NA,NA,NA
"UKD63",NA,NA,NA
"UKD7",0.622589532,0.191919192,0
"UKD71",NA,NA,NA
"UKD72",NA,NA,NA
"UKD73",NA,NA,NA
"UKD74",NA,NA,NA
"UKE",NA,NA,NA
"UKE1",0.564149035,0.272528028,0.046067605
"UKE11",NA,NA,NA
"UKE12",NA,NA,NA
"UKE13",NA,NA,NA
"UKE2",0.582169512,0.229734723,0.007463238
"UKE21",NA,NA,NA
"UKE22",NA,NA,NA
"UKE3",0.439316239,0.39354226,0.011965812
"UKE31",NA,NA,NA
"UKE32",NA,NA,NA
"UKE4",0.52063418,0.237584519,0.001632082
"UKE41",NA,NA,NA
"UKE42",NA,NA,NA
"UKE44",NA,NA,NA
"UKE45",NA,NA,NA
"UKF",NA,NA,NA
"UKF1",0.372020226,0.368528774,0.031663857
"UKF11",NA,NA,NA
"UKF12",NA,NA,NA
"UKF13",NA,NA,NA
"UKF14",NA,NA,NA
"UKF15",NA,NA,NA
"UKF16",NA,NA,NA
"UKF2",0.32866064,0.481287392,0.08969824
"UKF21",NA,NA,NA
"UKF22",NA,NA,NA
"UKF24",NA,NA,NA
"UKF25",NA,NA,NA
"UKF3",0.482580407,0.339878178,0.037884731
"UKF30",NA,NA,NA
"UKG",NA,NA,NA
"UKG1",0.374669387,0.345273181,0.028451598
"UKG11",NA,NA,NA
"UKG12",NA,NA,NA
"UKG13",NA,NA,NA
"UKG2",0.450976951,0.252427752,0.015385515
"UKG21",NA,NA,NA
"UKG22",NA,NA,NA
"UKG23",NA,NA,NA
"UKG24",NA,NA,NA
"UKG3",0.238185255,0.650283554,0
"UKG31",NA,NA,NA
"UKG32",NA,NA,NA
"UKG33",NA,NA,NA
"UKG36",NA,NA,NA
"UKG37",NA,NA,NA
"UKG38",NA,NA,NA
"UKG39",NA,NA,NA
"UKH",NA,NA,NA
"UKH1",0.554600434,0.271106716,0.039443155
"UKH11",NA,NA,NA
"UKH12",NA,NA,NA
"UKH14",NA,NA,NA
"UKH15",NA,NA,NA
"UKH16",NA,NA,NA
"UKH17",NA,NA,NA
"UKH2",0.447269303,0.351948428,0.081051717
"UKH21",NA,NA,NA
"UKH23",NA,NA,NA
"UKH24",NA,NA,NA
"UKH25",NA,NA,NA
"UKH3",0.422215308,0.438031529,0.042470442
"UKH31",NA,NA,NA
"UKH32",NA,NA,NA
"UKH34",NA,NA,NA
"UKH35",NA,NA,NA
"UKH36",NA,NA,NA
"UKH37",NA,NA,NA
"UKI",NA,NA,NA
"UKI3",NA,NA,NA
"UKI31",NA,NA,NA
"UKI32",NA,NA,NA
"UKI33",NA,NA,NA
"UKI34",NA,NA,NA
"UKI4",NA,NA,NA
"UKI41",NA,NA,NA
"UKI42",NA,NA,NA
"UKI43",NA,NA,NA
"UKI44",NA,NA,NA
"UKI45",NA,NA,NA
"UKI5",NA,NA,NA
"UKI51",NA,NA,NA
"UKI52",NA,NA,NA
"UKI53",NA,NA,NA
"UKI54",NA,NA,NA
"UKI6",NA,NA,NA
"UKI61",NA,NA,NA
"UKI62",NA,NA,NA
"UKI63",NA,NA,NA
"UKI7",NA,NA,NA
"UKI71",NA,NA,NA
"UKI72",NA,NA,NA
"UKI73",NA,NA,NA
"UKI74",NA,NA,NA
"UKI75",NA,NA,NA
"UKJ",NA,NA,NA
"UKJ1",0.320394112,0.459876543,0.035612536
"UKJ11",NA,NA,NA
"UKJ12",NA,NA,NA
"UKJ13",NA,NA,NA
"UKJ14",NA,NA,NA
"UKJ2",0.344727759,0.340051219,0.04542924
"UKJ21",NA,NA,NA
"UKJ22",NA,NA,NA
"UKJ25",NA,NA,NA
"UKJ26",NA,NA,NA
"UKJ27",NA,NA,NA
"UKJ28",NA,NA,NA
"UKJ3",0.286464794,0.528712149,0.021087194
"UKJ31",NA,NA,NA
"UKJ32",NA,NA,NA
"UKJ34",NA,NA,NA
"UKJ35",NA,NA,NA
"UKJ36",NA,NA,NA
"UKJ37",NA,NA,NA
"UKJ4",0.258323766,0.542288557,0.020921036
"UKJ41",NA,NA,NA
"UKJ43",NA,NA,NA
"UKJ44",NA,NA,NA
"UKJ45",NA,NA,NA
"UKJ46",NA,NA,NA
"UKK",NA,NA,NA
"UKK1",0.335942492,0.418610224,0.018410543
"UKK11",NA,NA,NA
"UKK12",NA,NA,NA
"UKK13",NA,NA,NA
"UKK14",NA,NA,NA
"UKK15",NA,NA,NA
"UKK2",0.372714148,0.243202599,0.027911453
"UKK21",NA,NA,NA
"UKK22",NA,NA,NA
"UKK23",NA,NA,NA
"UKK3",0.514615385,0.046,0.008923077
"UKK30",NA,NA,NA
"UKK4",0.462164138,0.075031987,0.02165966
"UKK41",NA,NA,NA
"UKK42",NA,NA,NA
"UKK43",NA,NA,NA
"UKL",NA,NA,NA
"UKL1",0.324884348,0.010697764,0.006746338
"UKL11",NA,NA,NA
"UKL12",NA,NA,NA
"UKL13",NA,NA,NA
"UKL14",NA,NA,NA
"UKL15",NA,NA,NA
"UKL16",NA,NA,NA
"UKL17",NA,NA,NA
"UKL18",NA,NA,NA
"UKL2",0.372485785,0.017397946,0.005431554
"UKL21",NA,NA,NA
"UKL22",NA,NA,NA
"UKL23",NA,NA,NA
"UKL24",NA,NA,NA
"UKM",NA,NA,NA
"UKM21",NA,NA,NA
"UKM22",NA,NA,NA
"UKM23",NA,NA,NA
"UKM24",NA,NA,NA
"UKM25",NA,NA,NA
"UKM26",NA,NA,NA
"UKM27",NA,NA,NA
"UKM28",NA,NA,NA
"UKM32",NA,NA,NA
"UKM33",NA,NA,NA
"UKM34",NA,NA,NA
"UKM35",NA,NA,NA
"UKM36",NA,NA,NA
"UKM37",NA,NA,NA
"UKM38",NA,NA,NA
"UKM50",NA,NA,NA
"UKM64",NA,NA,NA
"UKM65",NA,NA,NA
"UKM66",NA,NA,NA
"UKN",NA,NA,NA
"UKN0",0.376111201,0.006842304,0.005495394
"UKN01",NA,NA,NA
"UKN02",NA,NA,NA
"UKN03",NA,NA,NA
"UKN04",NA,NA,NA
"UKN05",NA,NA,NA
"BE324",NA,NA,NA
