"geo","prop.basic","prop.full"
"AT",NA,NA
"AT1",NA,NA
"AT11",0.137566137566138,0.333333333333333
"AT111",NA,NA
"AT112",NA,NA
"AT113",NA,NA
"AT12",0.208477508650519,0.480968858131488
"AT121",NA,NA
"AT122",NA,NA
"AT123",NA,NA
"AT124",NA,NA
"AT125",NA,NA
"AT126",NA,NA
"AT3",NA,NA
"AT31",0.250841750841751,0.428451178451178
"AT311",NA,NA
"AT312",NA,NA
"AT313",NA,NA
"AT314",NA,NA
"AT315",NA,NA
"AT32",0.258720930232558,0.377906976744186
"AT321",NA,NA
"AT322",NA,NA
"AT323",NA,NA
"AT33",0.236252545824847,0.39918533604888
"AT331",NA,NA
"AT332",NA,NA
"AT333",NA,NA
"AT334",NA,NA
"AT335",NA,NA
"AT34",0.254901960784314,0.300653594771242
"AT341",NA,NA
"AT342",NA,NA
"BE",NA,NA
"BE1",NA,NA
"BE10",NA,NA
"BE100",NA,NA
"BE2",NA,NA
"BE21",0.256410256410256,0.5
"BE211",NA,NA
"BE212",NA,NA
"BE213",NA,NA
"BE22",0.206896551724138,0.431034482758621
"BE221",NA,NA
"BE222",NA,NA
"BE223",NA,NA
"BE23",0.280701754385965,0.508771929824561
"BE231",NA,NA
"BE232",NA,NA
"BE233",NA,NA
"BE234",NA,NA
"BE235",NA,NA
"BE236",NA,NA
"BE24",0.214285714285714,0.452380952380952
"BE241",NA,NA
"BE242",NA,NA
"BE25",0.235,0.605
"BE251",NA,NA
"BE252",NA,NA
"BE253",NA,NA
"BE254",NA,NA
"BE255",NA,NA
"BE256",NA,NA
"BE257",NA,NA
"BE258",NA,NA
"BE3",NA,NA
"BE31",0.333333333333333,0.416666666666667
"BE310",NA,NA
"BE32",0.236842105263158,0.5
"BE321",NA,NA
"BE322",NA,NA
"BE323",NA,NA
"BE324",NA,NA
"AT127",NA,NA
"AT13",0.375,0.75
"AT130",NA,NA
"AT2",NA,NA
"AT21",0.23062381852552,0.364839319470699
"AT211",NA,NA
"AT212",NA,NA
"AT213",NA,NA
"AT22",0.216097987751531,0.364829396325459
"AT221",NA,NA
"AT222",NA,NA
"AT223",NA,NA
"AT224",NA,NA
"AT225",NA,NA
"AT226",NA,NA
"CH032",NA,NA
"CH033",NA,NA
"CH04",0.566666666666667,0.4
"CH040",NA,NA
"CH05",0.640350877192982,0.289473684210526
"CH051",NA,NA
"CH052",NA,NA
"CH053",NA,NA
"CH054",NA,NA
"CH055",NA,NA
"CH056",NA,NA
"CH057",NA,NA
"CH06",0.636363636363636,0.313131313131313
"CH061",NA,NA
"CH062",NA,NA
"CH063",NA,NA
"CH064",NA,NA
"CH065",NA,NA
"CH066",NA,NA
"CH07",0.3,0.3
"CH070",NA,NA
"CY",NA,NA
"CY0",NA,NA
"CY00",0.059016393442623,0.00983606557377049
"CY000",NA,NA
"CZ",NA,NA
"CZ0",NA,NA
"CZ01",0,0.666666666666667
"CZ010",NA,NA
"CZ02",0.257425742574257,0.415841584158416
"CZ020",NA,NA
"CZ03",0.217391304347826,0.384057971014493
"CZ031",NA,NA
"CZ032",NA,NA
"CZ04",0.205882352941176,0.382352941176471
"CZ041",NA,NA
"CZ042",NA,NA
"CZ05",0.225563909774436,0.360902255639098
"CZ051",NA,NA
"CZ052",NA,NA
"CZ053",NA,NA
"CZ06",0.213592233009709,0.344660194174757
"BE325",NA,NA
"BE326",NA,NA
"BE327",NA,NA
"BE33",0.276923076923077,0.446153846153846
"BE331",NA,NA
"BE332",NA,NA
"BE334",NA,NA
"BE335",NA,NA
"BE336",NA,NA
"BE34",0.266666666666667,0.511111111111111
"BE341",NA,NA
"BE342",NA,NA
"BE343",NA,NA
"BE344",NA,NA
"BE345",NA,NA
"BE35",0.195121951219512,0.487804878048781
"BE351",NA,NA
"BE352",NA,NA
"BE353",NA,NA
"BG",NA,NA
"BG3",NA,NA
"BG31",0.0727848101265823,0.0379746835443038
"BG311",NA,NA
"BG312",NA,NA
"BG313",NA,NA
"BG314",NA,NA
"BG315",NA,NA
"BG32",0.117726657645467,0.0703653585926928
"BG321",NA,NA
"BG322",NA,NA
"BG323",NA,NA
"BG324",NA,NA
"BG325",NA,NA
"BG33",0.0593713620488941,0.0523864959254948
"BG331",NA,NA
"BG332",NA,NA
"BG333",NA,NA
"BG334",NA,NA
"BG34",0.067005076142132,0.0467005076142132
"BG341",NA,NA
"BG342",NA,NA
"BG343",NA,NA
"BG344",NA,NA
"BG4",NA,NA
"BG41",0.0244565217391304,0.0344202898550725
"BG411",NA,NA
"BG412",NA,NA
"BG413",NA,NA
"BG414",NA,NA
"BG415",NA,NA
"BG42",0.039618138424821,0.0262529832935561
"BG421",NA,NA
"BG422",NA,NA
"BG423",NA,NA
"BG424",NA,NA
"BG425",NA,NA
"CH",NA,NA
"CH0",NA,NA
"CH01",0.553846153846154,0.338461538461538
"CH011",NA,NA
"CH012",NA,NA
"CH013",NA,NA
"CH02",0.554621848739496,0.411764705882353
"CH021",NA,NA
"CH022",NA,NA
"CH023",NA,NA
"CH024",NA,NA
"CH025",NA,NA
"CH03",0.571428571428571,0.357142857142857
"CH031",NA,NA
"CZ063",NA,NA
"CZ064",NA,NA
"CZ07",0.177083333333333,0.3125
"CZ071",NA,NA
"CZ072",NA,NA
"CZ08",0.166666666666667,0.383333333333333
"CZ080",NA,NA
"DE",NA,NA
"DE1",0.292058070025619,0.216908625106746
"DE11",NA,NA
"DE111",NA,NA
"DE112",NA,NA
"DE113",NA,NA
"DE114",NA,NA
"DE115",NA,NA
"DE116",NA,NA
"DE117",NA,NA
"DE118",NA,NA
"DE119",NA,NA
"DE11A",NA,NA
"DE11B",NA,NA
"DE11C",NA,NA
"DE11D",NA,NA
"DE12",NA,NA
"DE121",NA,NA
"DE122",NA,NA
"DE123",NA,NA
"DE124",NA,NA
"DE125",NA,NA
"DE126",NA,NA
"DE127",NA,NA
"DE128",NA,NA
"DE129",NA,NA
"DE12A",NA,NA
"DE12B",NA,NA
"DE12C",NA,NA
"DE13",NA,NA
"DE131",NA,NA
"DE132",NA,NA
"DE133",NA,NA
"DE134",NA,NA
"DE135",NA,NA
"DE136",NA,NA
"DE214",NA,NA
"DE215",NA,NA
"DE216",NA,NA
"DE217",NA,NA
"DE218",NA,NA
"DE219",NA,NA
"DE21A",NA,NA
"DE21B",NA,NA
"DE21C",NA,NA
"DE21D",NA,NA
"DE21E",NA,NA
"DE21F",NA,NA
"DE21G",NA,NA
"DE21H",NA,NA
"DE21I",NA,NA
"DE21J",NA,NA
"DE21K",NA,NA
"DE21L",NA,NA
"DE21M",NA,NA
"DE21N",NA,NA
"DE22",NA,NA
"DE221",NA,NA
"DE222",NA,NA
"DE223",NA,NA
"DE224",NA,NA
"DE225",NA,NA
"DE226",NA,NA
"DE227",NA,NA
"DE228",NA,NA
"DE229",NA,NA
"DE22A",NA,NA
"DE22B",NA,NA
"DE22C",NA,NA
"DE23",NA,NA
"DE231",NA,NA
"DE232",NA,NA
"DE233",NA,NA
"DE234",NA,NA
"DE235",NA,NA
"DE236",NA,NA
"DE237",NA,NA
"DE238",NA,NA
"DE239",NA,NA
"DE23A",NA,NA
"DE24",NA,NA
"DE241",NA,NA
"DE242",NA,NA
"DE243",NA,NA
"DE244",NA,NA
"DE245",NA,NA
"DE246",NA,NA
"DE247",NA,NA
"DE248",NA,NA
"DE249",NA,NA
"DE24A",NA,NA
"DE24B",NA,NA
"DE24C",NA,NA
"DE24D",NA,NA
"DE25",NA,NA
"DE251",NA,NA
"DE252",NA,NA
"DE253",NA,NA
"DE254",NA,NA
"DE255",NA,NA
"DE256",NA,NA
"DE257",NA,NA
"DE258",NA,NA
"DE259",NA,NA
"DE25A",NA,NA
"DE25B",NA,NA
"DE25C",NA,NA
"DE26",NA,NA
"DE261",NA,NA
"DE262",NA,NA
"DE263",NA,NA
"DE264",NA,NA
"DE265",NA,NA
"DE266",NA,NA
"DE267",NA,NA
"DE268",NA,NA
"DE269",NA,NA
"DE26A",NA,NA
"DE26B",NA,NA
"DE26C",NA,NA
"DE137",NA,NA
"DE138",NA,NA
"DE139",NA,NA
"DE13A",NA,NA
"DE14",NA,NA
"DE141",NA,NA
"DE142",NA,NA
"DE143",NA,NA
"DE144",NA,NA
"DE145",NA,NA
"DE146",NA,NA
"DE147",NA,NA
"DE148",NA,NA
"DE149",NA,NA
"DE2",0.359960552268245,0.258382642998028
"DE21",NA,NA
"DE211",NA,NA
"DE212",NA,NA
"DE213",NA,NA
"DE80O",NA,NA
"DE9",0.414928649835346,0.311745334796926
"DE91",NA,NA
"DE911",NA,NA
"DE912",NA,NA
"DE913",NA,NA
"DE914",NA,NA
"DE915",NA,NA
"DE916",NA,NA
"DE917",NA,NA
"DE918",NA,NA
"DE919",NA,NA
"DE91A",NA,NA
"DE91B",NA,NA
"DE92",NA,NA
"DE922",NA,NA
"DE923",NA,NA
"DE925",NA,NA
"DE926",NA,NA
"DE927",NA,NA
"DE928",NA,NA
"DE929",NA,NA
"DE93",NA,NA
"DE931",NA,NA
"DE932",NA,NA
"DE933",NA,NA
"DE934",NA,NA
"DE935",NA,NA
"DE936",NA,NA
"DE937",NA,NA
"DE938",NA,NA
"DE939",NA,NA
"DE93A",NA,NA
"DE93B",NA,NA
"DE94",NA,NA
"DE941",NA,NA
"DE942",NA,NA
"DE943",NA,NA
"DE944",NA,NA
"DE945",NA,NA
"DE946",NA,NA
"DE947",NA,NA
"DE948",NA,NA
"DE949",NA,NA
"DE94A",NA,NA
"DE94B",NA,NA
"DE94C",NA,NA
"DE94D",NA,NA
"DE94E",NA,NA
"DE94F",NA,NA
"DE94G",NA,NA
"DE94H",NA,NA
"DEA",0.276346604215457,0.382903981264637
"DEA1",NA,NA
"DEA11",NA,NA
"DEA12",NA,NA
"DEA13",NA,NA
"DEA14",NA,NA
"DEA15",NA,NA
"DEA16",NA,NA
"DEA17",NA,NA
"DEA18",NA,NA
"DEA19",NA,NA
"DEA1A",NA,NA
"DEA1B",NA,NA
"DEA1C",NA,NA
"DEA1D",NA,NA
"DEA1E",NA,NA
"DE27",NA,NA
"DE271",NA,NA
"DE272",NA,NA
"DE273",NA,NA
"DE274",NA,NA
"DE275",NA,NA
"DE276",NA,NA
"DE277",NA,NA
"DE278",NA,NA
"DE279",NA,NA
"DE27A",NA,NA
"DE27B",NA,NA
"DE27C",NA,NA
"DE27D",NA,NA
"DE27E",NA,NA
"DE3",NA,NA
"DE30",NA,NA
"DE300",NA,NA
"DE4",0.361344537815126,0.378151260504202
"DE40",NA,NA
"DE401",NA,NA
"DE402",NA,NA
"DE403",NA,NA
"DE404",NA,NA
"DE405",NA,NA
"DE406",NA,NA
"DE407",NA,NA
"DE408",NA,NA
"DE409",NA,NA
"DE40A",NA,NA
"DE40B",NA,NA
"DE40C",NA,NA
"DE40D",NA,NA
"DE40E",NA,NA
"DE40F",NA,NA
"DE40G",NA,NA
"DE40H",NA,NA
"DE40I",NA,NA
"DE5",0,0
"DE50",NA,NA
"DE501",NA,NA
"DE502",NA,NA
"DE6",0.666666666666667,0
"DE60",NA,NA
"DE600",NA,NA
"DE7",0.279487179487179,0.187179487179487
"DE71",NA,NA
"DE711",NA,NA
"DE712",NA,NA
"DE713",NA,NA
"DE714",NA,NA
"DE715",NA,NA
"DE716",NA,NA
"DE717",NA,NA
"DE718",NA,NA
"DE719",NA,NA
"DE71A",NA,NA
"DE71B",NA,NA
"DE71C",NA,NA
"DE71D",NA,NA
"DE71E",NA,NA
"DE72",NA,NA
"DE721",NA,NA
"DE722",NA,NA
"DE723",NA,NA
"DE724",NA,NA
"DE725",NA,NA
"DE73",NA,NA
"DE731",NA,NA
"DE732",NA,NA
"DE733",NA,NA
"DE734",NA,NA
"DE735",NA,NA
"DE736",NA,NA
"DE737",NA,NA
"DE8",0.28,0.43
"DE80",NA,NA
"DE803",NA,NA
"DE804",NA,NA
"DE80J",NA,NA
"DE80K",NA,NA
"DE80L",NA,NA
"DE80M",NA,NA
"DE80N",NA,NA
"DEA1F",NA,NA
"DEA2",NA,NA
"DEA22",NA,NA
"DEA23",NA,NA
"DEA24",NA,NA
"DEA26",NA,NA
"DEA27",NA,NA
"DEA28",NA,NA
"DEA29",NA,NA
"DEA2A",NA,NA
"DEA2B",NA,NA
"DEA2C",NA,NA
"DEA2D",NA,NA
"DEA3",NA,NA
"DEA31",NA,NA
"DEA32",NA,NA
"DEA33",NA,NA
"DEA34",NA,NA
"DEA35",NA,NA
"DEA36",NA,NA
"DEA37",NA,NA
"DEA38",NA,NA
"DEA4",NA,NA
"DEA41",NA,NA
"DEA42",NA,NA
"DEA43",NA,NA
"DEB17",NA,NA
"DEB18",NA,NA
"DEB19",NA,NA
"DEB1A",NA,NA
"DEB1B",NA,NA
"DEB2",NA,NA
"DEB21",NA,NA
"DEB22",NA,NA
"DEB23",NA,NA
"DEB24",NA,NA
"DEB25",NA,NA
"DEB3",NA,NA
"DEB31",NA,NA
"DEB32",NA,NA
"DEB33",NA,NA
"DEB34",NA,NA
"DEB35",NA,NA
"DEB36",NA,NA
"DEB37",NA,NA
"DEB38",NA,NA
"DEB39",NA,NA
"DEB3A",NA,NA
"DEB3B",NA,NA
"DEB3C",NA,NA
"DEB3D",NA,NA
"DEB3E",NA,NA
"DEB3F",NA,NA
"DEB3G",NA,NA
"DEB3H",NA,NA
"DEB3I",NA,NA
"DEB3J",NA,NA
"DEB3K",NA,NA
"DEC",0.25,0.21875
"DEC0",NA,NA
"DEC01",NA,NA
"DEC02",NA,NA
"DEC03",NA,NA
"DEC04",NA,NA
"DEC05",NA,NA
"DEC06",NA,NA
"DED",0.325301204819277,0.295180722891566
"DED2",NA,NA
"DED21",NA,NA
"DED2C",NA,NA
"DED2D",NA,NA
"DED2E",NA,NA
"DED2F",NA,NA
"DED4",NA,NA
"DED41",NA,NA
"DED42",NA,NA
"DED43",NA,NA
"DED44",NA,NA
"DED45",NA,NA
"DED5",NA,NA
"DED51",NA,NA
"DED52",NA,NA
"DED53",NA,NA
"DEE",0.291139240506329,0.506329113924051
"DEE0",NA,NA
"DEE01",NA,NA
"DEE02",NA,NA
"DEE03",NA,NA
"DEE04",NA,NA
"DEE05",NA,NA
"DEE06",NA,NA
"DEE07",NA,NA
"DEE08",NA,NA
"DEE09",NA,NA
"DEE0A",NA,NA
"DEE0B",NA,NA
"DEE0C",NA,NA
"DEE0D",NA,NA
"DEE0E",NA,NA
"DEF",0.26643598615917,0.477508650519031
"DEF0",NA,NA
"DEF01",NA,NA
"DEF02",NA,NA
"DEF03",NA,NA
"DEF04",NA,NA
"DEF05",NA,NA
"DEF06",NA,NA
"DEF07",NA,NA
"DEF08",NA,NA
"DEF09",NA,NA
"DEF0A",NA,NA
"DEF0B",NA,NA
"DEF0C",NA,NA
"DEF0D",NA,NA
"DEF0E",NA,NA
"DEF0F",NA,NA
"DEG",0.270833333333333,0.333333333333333
"DEG0",NA,NA
"DEG01",NA,NA
"DEG02",NA,NA
"DEG03",NA,NA
"DEG04",NA,NA
"DEG05",NA,NA
"DEG06",NA,NA
"DEG07",NA,NA
"DEG09",NA,NA
"DEG0A",NA,NA
"DEG0B",NA,NA
"DEG0C",NA,NA
"DEG0D",NA,NA
"DEG0E",NA,NA
"DEG0F",NA,NA
"DEG0G",NA,NA
"DEG0H",NA,NA
"DEA44",NA,NA
"DEA45",NA,NA
"DEA46",NA,NA
"DEA47",NA,NA
"DEA5",NA,NA
"DEA51",NA,NA
"DEA52",NA,NA
"DEA53",NA,NA
"DEA54",NA,NA
"DEA55",NA,NA
"DEA56",NA,NA
"DEA57",NA,NA
"DEA58",NA,NA
"DEA59",NA,NA
"DEA5A",NA,NA
"DEA5B",NA,NA
"DEA5C",NA,NA
"DEB",0.281167108753316,0.289124668435013
"DEB1",NA,NA
"DEB11",NA,NA
"DEB12",NA,NA
"DEB13",NA,NA
"DEB14",NA,NA
"DEB15",NA,NA
"DEB16",NA,NA
"DK032",NA,NA
"DK04",0.536231884057971,0.0821256038647343
"DK041",NA,NA
"DK042",NA,NA
"DK05",0.566176470588235,0.0441176470588235
"DK050",NA,NA
"EE",NA,NA
"EE0",NA,NA
"EE00",0.143459915611814,0.246835443037975
"EE001",NA,NA
"DEG0I",NA,NA
"DEG0J",NA,NA
"DEG0K",NA,NA
"DEG0L",NA,NA
"DEG0M",NA,NA
"DEG0N",NA,NA
"DEG0P",NA,NA
"DK",NA,NA
"DK0",NA,NA
"DK01",0.4,0.08
"DK011",NA,NA
"DK012",NA,NA
"DK013",NA,NA
"DK014",NA,NA
"DK02",0.515463917525773,0.123711340206186
"DK021",NA,NA
"DK022",NA,NA
"DK03",0.579207920792079,0.108910891089109
"DK031",NA,NA
"EE004",NA,NA
"EE006",NA,NA
"EE007",NA,NA
"EE008",NA,NA
"EL3",NA,NA
"EL30",0.0604651162790698,0.0186046511627907
"EL301",NA,NA
"EL302",NA,NA
"EL303",NA,NA
"EL",NA,NA
"EL421",NA,NA
"EL42",0.0957446808510638,0.0106382978723404
"EL422",NA,NA
"EL304",NA,NA
"EL305",NA,NA
"EL306",NA,NA
"EL307",NA,NA
"EL4",NA,NA
"EL41",0.148936170212766,0.0106382978723404
"EL411",NA,NA
"EL412",NA,NA
"EL413",NA,NA
"EL631",NA,NA
"EL632",NA,NA
"EL633",NA,NA
"EL64",NA,NA
"EL641",NA,NA
"EL642",NA,NA
"EL643",NA,NA
"EL644",NA,NA
"EL645",NA,NA
"EL65",NA,NA
"EL651",NA,NA
"EL652",NA,NA
"EL653",NA,NA
"FI200",NA,NA
"EL43",0.241272304111715,0.0162916989914663
"EL431",NA,NA
"EL432",NA,NA
"EL433",NA,NA
"EL434",NA,NA
"EL5",NA,NA
"EL51",NA,NA
"EL511",NA,NA
"EL512",NA,NA
"EL513",NA,NA
"EL514",NA,NA
"EL515",NA,NA
"EL52",NA,NA
"EL521",NA,NA
"EL522",NA,NA
"EL523",NA,NA
"EL524",NA,NA
"EL525",NA,NA
"EL526",NA,NA
"EL527",NA,NA
"EL53",NA,NA
"EL531",NA,NA
"EL532",NA,NA
"EL533",NA,NA
"EL54",NA,NA
"EL541",NA,NA
"EL542",NA,NA
"EL543",NA,NA
"EL6",NA,NA
"EL61",NA,NA
"EL611",NA,NA
"EL612",NA,NA
"EL613",NA,NA
"EL62",NA,NA
"EL621",NA,NA
"EL622",NA,NA
"EL623",NA,NA
"EL624",NA,NA
"EL63",NA,NA
"ES",NA,NA
"ES1",NA,NA
"ES120",NA,NA
"ES13",0.230434782608696,0.00434782608695652
"ES130",NA,NA
"ES2",NA,NA
"ES21",0.238805970149254,0.0348258706467662
"ES211",NA,NA
"ES212",NA,NA
"ES213",NA,NA
"ES22",0.400862068965517,0.0344827586206897
"ES220",NA,NA
"ES23",0.31638418079096,0.0395480225988701
"ES230",NA,NA
"ES24",0.410896708286039,0.0522133938706016
"ES241",NA,NA
"ES242",NA,NA
"ES243",NA,NA
"ES3",NA,NA
"ES30",0.257731958762887,0.0309278350515464
"ES300",NA,NA
"ES4",NA,NA
"ES41",0.394909090909091,0.0392727272727273
"ES411",NA,NA
"ES412",NA,NA
"ES413",NA,NA
"ES414",NA,NA
"ES415",NA,NA
"ES416",NA,NA
"ES417",NA,NA
"ES418",NA,NA
"ES419",NA,NA
"ES42",0.265666845206213,0.0187466523835029
"ES421",NA,NA
"ES422",NA,NA
"ES423",NA,NA
"ES424",NA,NA
"ES425",NA,NA
"ES43",0.342054263565891,0.0290697674418605
"ES431",NA,NA
"ES432",NA,NA
"FI2",NA,NA
"FI20",0.555555555555556,0.222222222222222
"ES11",0.379005524861878,0.0232044198895028
"ES111",NA,NA
"ES112",NA,NA
"ES113",NA,NA
"ES114",NA,NA
"ES12",0.243619489559165,0.00464037122969838
"FI",NA,NA
"ES5",NA,NA
"ES51",0.464583333333333,0.0354166666666667
"ES511",NA,NA
"ES512",NA,NA
"ES513",NA,NA
"ES514",NA,NA
"ES52",0.216903515332835,0.0695587135377711
"ES521",NA,NA
"ES522",NA,NA
"ES523",NA,NA
"ES53",0.315789473684211,0.043859649122807
"ES531",NA,NA
"ES532",NA,NA
"ES533",NA,NA
"ES6",NA,NA
"ES61",0.205085101912166,0.0315192267283043
"ES611",NA,NA
"ES612",NA,NA
"ES613",NA,NA
"ES614",NA,NA
"ES615",NA,NA
"ES616",NA,NA
"ES617",NA,NA
"ES618",NA,NA
"ES62",0.232258064516129,0.0365591397849462
"ES620",NA,NA
"ES63",NA,NA
"ES630",NA,NA
"ES64",NA,NA
"ES640",NA,NA
"ES7",NA,NA
"ES70",0.160839160839161,0.034965034965035
"ES703",NA,NA
"ES704",NA,NA
"ES705",NA,NA
"ES706",NA,NA
"ES707",NA,NA
"ES708",NA,NA
"ES709",NA,NA
"FI1D6",NA,NA
"FI1D7",NA,NA
"FI1",NA,NA
"FI19",0.464980544747082,0.173151750972763
"FI193",NA,NA
"FI194",NA,NA
"FI195",NA,NA
"FI196",NA,NA
"FI197",NA,NA
"FI1C",0.502222222222222,0.151111111111111
"FI1C1",NA,NA
"FI1C2",NA,NA
"FI1C3",NA,NA
"FI1C4",NA,NA
"FI1C5",NA,NA
"FI1D",0.543103448275862,0.14367816091954
"FI1D1",NA,NA
"FI1D2",NA,NA
"FI1D3",NA,NA
"FI1D4",NA,NA
"FI1D5",NA,NA
"FI1B",0.46,0.18
"FI1B1",NA,NA
"FR262",NA,NA
"FR263",NA,NA
"FR264",NA,NA
"FR3",NA,NA
"FR30",0.0859188544152745,0.782816229116945
"FR301",NA,NA
"FR302",NA,NA
"FR4",NA,NA
"FR41",0.0537634408602151,0.766129032258065
"FR411",NA,NA
"FR412",NA,NA
"FR413",NA,NA
"FR414",NA,NA
"FR42",0.0763636363636364,0.589090909090909
"FR421",NA,NA
"FR422",NA,NA
"FR43",0.0927835051546392,0.806701030927835
"FR431",NA,NA
"FR432",NA,NA
"FR433",NA,NA
"FR434",NA,NA
"FR51",0.06580259222333,0.81655034895314
"FR511",NA,NA
"FR5",NA,NA
"FR512",NA,NA
"FR513",NA,NA
"FR514",NA,NA
"FR515",NA,NA
"FR",NA,NA
"FR1",NA,NA
"FR10",0.102564102564103,0.760683760683761
"FR101",NA,NA
"FR102",NA,NA
"FR103",NA,NA
"FR104",NA,NA
"FR105",NA,NA
"FR106",NA,NA
"FR107",NA,NA
"FR108",NA,NA
"FR2",NA,NA
"FR21",0.0867208672086721,0.708672086720867
"FR211",NA,NA
"FR212",NA,NA
"FR213",NA,NA
"FR214",NA,NA
"FR22",0.0962566844919786,0.796791443850267
"FR221",NA,NA
"FR222",NA,NA
"FR223",NA,NA
"FR23",0.0841423948220065,0.715210355987055
"FR231",NA,NA
"FR232",NA,NA
"FR24",0.0953150242326333,0.772213247172859
"FR241",NA,NA
"FR242",NA,NA
"FR243",NA,NA
"FR244",NA,NA
"FR245",NA,NA
"FR246",NA,NA
"FR25",0.106060606060606,0.722222222222222
"FR251",NA,NA
"FR252",NA,NA
"FR253",NA,NA
"FR26",0.0948795180722892,0.793674698795181
"FR261",NA,NA
"FR52",0.0475651189127973,0.855039637599094
"FR521",NA,NA
"FR522",NA,NA
"FR523",NA,NA
"FR61",0.105538140020899,0.698014629049112
"FR611",NA,NA
"FR612",NA,NA
"FR613",NA,NA
"FR614",NA,NA
"FR615",NA,NA
"FR62",0.0996649916247906,0.669179229480737
"FR621",NA,NA
"FR622",NA,NA
"FR623",NA,NA
"FR624",NA,NA
"FR625",NA,NA
"FR626",NA,NA
"FR627",NA,NA
"FR628",NA,NA
"FR63",0.0975609756097561,0.709756097560976
"FR631",NA,NA
"FR632",NA,NA
"FR633",NA,NA
"FR7",NA,NA
"FR71",0.0977777777777778,0.673777777777778
"FR711",NA,NA
"FR712",NA,NA
"FR713",NA,NA
"FR714",NA,NA
"FR715",NA,NA
"FR716",NA,NA
"FR717",NA,NA
"FR718",NA,NA
"FR72",0.12059620596206,0.696476964769648
"FR721",NA,NA
"FR722",NA,NA
"FR723",NA,NA
"FR724",NA,NA
"FR8",NA,NA
"FR81",0.106734434561626,0.547649301143583
"FR811",NA,NA
"FR812",NA,NA
"FR813",NA,NA
"FR814",NA,NA
"FR815",NA,NA
"FR82",0.139312977099237,0.515267175572519
"FR821",NA,NA
"FR822",NA,NA
"FR823",NA,NA
"FR824",NA,NA
"FR825",NA,NA
"FR826",NA,NA
"FR524",NA,NA
"FR53",0.115444617784711,0.714508580343214
"FR531",NA,NA
"FR532",NA,NA
"FR533",NA,NA
"FR534",NA,NA
"FR6",NA,NA
"HR033",NA,NA
"HR034",NA,NA
"HR035",NA,NA
"HR036",NA,NA
"HR037",NA,NA
"HR04",0.100550964187328,0.0420110192837466
"HR041",NA,NA
"HR042",NA,NA
"HR043",NA,NA
"HR044",NA,NA
"HR045",NA,NA
"HR046",NA,NA
"HR047",NA,NA
"HR048",NA,NA
"HR049",NA,NA
"HR04A",NA,NA
"HR04B",NA,NA
"HR04C",NA,NA
"HR04D",NA,NA
"HR04E",NA,NA
"HU",NA,NA
"HU1",NA,NA
"HU10",0.0755597014925373,0.0690298507462686
"HU101",NA,NA
"HU102",NA,NA
"HU2",NA,NA
"HU21",0.120740019474197,0.0973709834469328
"HU211",NA,NA
"HU212",NA,NA
"HU213",NA,NA
"HU22",0.129,0.097
"HU221",NA,NA
"HU222",NA,NA
"HU223",NA,NA
"HU23",0.122617534942821,0.0686149936467598
"HU231",NA,NA
"HU232",NA,NA
"HU233",NA,NA
"FR83",0.238095238095238,0.428571428571429
"FR831",NA,NA
"FR832",NA,NA
"FRA",NA,NA
"FRA1",NA,NA
"FRA10",NA,NA
"FRA2",NA,NA
"FRA20",NA,NA
"FRA3",NA,NA
"FRA30",NA,NA
"FRA4",NA,NA
"FRA40",NA,NA
"FRA5",NA,NA
"FRA50",NA,NA
"HR031",NA,NA
"HR032",NA,NA
"HR",NA,NA
"HR0",NA,NA
"HR03",0.0329218106995885,0.0452674897119342
"HU3",NA,NA
"HU31",0.0901582931865107,0.0867171369580179
"HU311",NA,NA
"HU312",NA,NA
"HU313",NA,NA
"HU32",0.108658743633277,0.0704584040747029
"HU321",NA,NA
"HU322",NA,NA
"HU323",NA,NA
"HU33",0.138349514563107,0.0977808599167822
"HU331",NA,NA
"IE",NA,NA
"IE0",NA,NA
"IE01",0.142584341183959,0.341820496499045
"IE011",NA,NA
"IE012",NA,NA
"IE013",NA,NA
"IE02",0.135846798324357,0.443447037701975
"IE021",NA,NA
"IE022",NA,NA
"IE023",NA,NA
"IE024",NA,NA
"IE025",NA,NA
"HU332",NA,NA
"HU333",NA,NA
"IT",NA,NA
"ITC",NA,NA
"ITC1",0.581180811808118,0.198339483394834
"ITC11",NA,NA
"ITC12",NA,NA
"ITC13",NA,NA
"ITC14",NA,NA
"ITC15",NA,NA
"ITC16",NA,NA
"ITC17",NA,NA
"ITC18",NA,NA
"ITC2",0.588235294117647,0.215686274509804
"ITC20",NA,NA
"ITC3",0.530465949820789,0.154121863799283
"ITC31",NA,NA
"ITC32",NA,NA
"ITC33",NA,NA
"ITC34",NA,NA
"ITC4",0.562857142857143,0.24
"ITC41",NA,NA
"ITC42",NA,NA
"ITC43",NA,NA
"ITC44",NA,NA
"ITC46",NA,NA
"ITC47",NA,NA
"ITC48",NA,NA
"ITC49",NA,NA
"ITC4A",NA,NA
"ITC4B",NA,NA
"ITC4C",NA,NA
"ITC4D",NA,NA
"ITF",NA,NA
"ITF1",0.695198329853862,0.129436325678497
"ITF11",NA,NA
"IS",NA,NA
"IS0",NA,NA
"IS00",0.285714285714286,0.5
"IS001",NA,NA
"ITF12",NA,NA
"ITF13",NA,NA
"IS002",NA,NA
"SE2",NA,NA
"TR62",NA,NA
"TR621",NA,NA
"TR622",NA,NA
"TR63",NA,NA
"TR631",NA,NA
"TR632",NA,NA
"TR633",NA,NA
"TR7",NA,NA
"TR71",NA,NA
"TR711",NA,NA
"SE21",0.072463768115942,0.5
"SE211",NA,NA
"SE212",NA,NA
"SE213",NA,NA
"UK",NA,NA
"UKC",NA,NA
"UKC1",0.222222222222222,0.222222222222222
"UKC11",NA,NA
"UKC12",NA,NA
"UKC13",NA,NA
"UKC14",NA,NA
"UKC2",0.230769230769231,0.423076923076923
"UKC21",NA,NA
"UKC22",NA,NA
"UKC23",NA,NA
"UKD",NA,NA
"UKD1",0.170212765957447,0.212765957446809
"SE214",NA,NA
"SE22",0.0666666666666667,0.46
"SE221",NA,NA
"SE224",NA,NA
"SE23",0.0465116279069768,0.362790697674419
"UKD45",NA,NA
"UKD46",NA,NA
"UKD47",NA,NA
"UKD6",0.2,0.4
"UKD61",NA,NA
"UKD62",NA,NA
"UKD63",NA,NA
"UKD7",0,0.333333333333333
"UKD71",NA,NA
"UKD72",NA,NA
"UKD73",NA,NA
"UKD74",NA,NA
"UKE",NA,NA
"UKE1",0.25,0.5
"UKE11",NA,NA
"UKE12",NA,NA
"UKE13",NA,NA
"UKE2",0.263888888888889,0.361111111111111
"UKE21",NA,NA
"UKE22",NA,NA
"UKE3",0,0.375
"UKE31",NA,NA
"UKE32",NA,NA
"UKE4",0.111111111111111,0.222222222222222
"UKE41",NA,NA
"UKE42",NA,NA
"UKE44",NA,NA
"UKE45",NA,NA
"UKF",NA,NA
"UKF1",0.195121951219512,0.292682926829268
"UKF11",NA,NA
"UKF12",NA,NA
"UKF13",NA,NA
"UKF14",NA,NA
"UKF15",NA,NA
"UKF16",NA,NA
"UKF2",0.157894736842105,0.447368421052632
"UKF21",NA,NA
"UKF22",NA,NA
"UKF24",NA,NA
"UKF25",NA,NA
"UKF3",0.25,0.375
"UKF30",NA,NA
"UKG",NA,NA
"UKG1",0.283018867924528,0.320754716981132
"UKG11",NA,NA
"UKG12",NA,NA
"UKG13",NA,NA
"UKG2",0.218181818181818,0.327272727272727
"UKG21",NA,NA
"UKG22",NA,NA
"UKG23",NA,NA
"UKG24",NA,NA
"UKG3",0,0.375
"UKG31",NA,NA
"UKG32",NA,NA
"UKG33",NA,NA
"UKG36",NA,NA
"UKG37",NA,NA
"UKG38",NA,NA
"UKG39",NA,NA
"UKH",NA,NA
"UKH1",0.223684210526316,0.394736842105263
"UKH11",NA,NA
"UKH12",NA,NA
"UKH14",NA,NA
"UKH15",NA,NA
"UKH16",NA,NA
"UKH17",NA,NA
"UKH2",0.222222222222222,0.333333333333333
"UKH21",NA,NA
"UKH23",NA,NA
"UKH24",NA,NA
"UKH25",NA,NA
"UKH3",0.217391304347826,0.521739130434783
"UKH31",NA,NA
"UKH32",NA,NA
"UKH34",NA,NA
"UKH35",NA,NA
"UKH36",NA,NA
"UKH37",NA,NA
"UKI",NA,NA
"UKI3",NA,NA
"UKI31",NA,NA
"UKI32",NA,NA
"UKI33",NA,NA
"UKI34",NA,NA
"UKI4",NA,NA
"UKI41",NA,NA
"UKI42",NA,NA
"UKI43",NA,NA
"UKI44",NA,NA
"UKI45",NA,NA
"UKI5",NA,NA
"UKI51",NA,NA
"UKI52",NA,NA
"UKI53",NA,NA
"UKI54",NA,NA
"UKI6",NA,NA
"UKI61",NA,NA
"UKI62",NA,NA
"UKI63",NA,NA
"UKI7",NA,NA
"UKI71",NA,NA
"UKI72",NA,NA
"UKI73",NA,NA
"UKI74",NA,NA
"UKI75",NA,NA
"UKJ",NA,NA
"UKJ1",0.2,0.4
"UKJ11",NA,NA
"UKJ12",NA,NA
"UKJ13",NA,NA
"UKJ14",NA,NA
"UKJ2",0.25,0.361111111111111
"UKJ21",NA,NA
"UKJ22",NA,NA
"UKJ25",NA,NA
"UKJ26",NA,NA
"UKJ27",NA,NA
"UKJ28",NA,NA
"UKJ3",0.19047619047619,0.333333333333333
"UKJ31",NA,NA
"UKJ32",NA,NA
"UKJ34",NA,NA
"UKJ35",NA,NA
"UKJ36",NA,NA
"UKJ37",NA,NA
"UKJ4",0.263157894736842,0.368421052631579
"UKJ41",NA,NA
"UKJ43",NA,NA
"UKJ44",NA,NA
"UKJ45",NA,NA
"UKJ46",NA,NA
"UKK",NA,NA
"UKK1",0.240740740740741,0.407407407407407
"UKK11",NA,NA
"UKK12",NA,NA
"UKK13",NA,NA
"UKK14",NA,NA
"UKK15",NA,NA
"UKK2",0.261538461538462,0.323076923076923
"UKK21",NA,NA
"UKK22",NA,NA
"UKK23",NA,NA
"UKK3",0.195121951219512,0.341463414634146
"UKK30",NA,NA
"UKK4",0.311688311688312,0.246753246753247
"UKK41",NA,NA
"UKK42",NA,NA
"UKK43",NA,NA
"UKL",NA,NA
"UKL1",0.0977443609022556,0.18796992481203
"UKL11",NA,NA
"UKL12",NA,NA
"UKL13",NA,NA
"UKL14",NA,NA
"UKL15",NA,NA
"UKL16",NA,NA
"UKL17",NA,NA
"UKL18",NA,NA
"UKL2",0.0833333333333333,0.283333333333333
"UKL21",NA,NA
"UKL22",NA,NA
"UKL23",NA,NA
"UKL24",NA,NA
"UKM21",NA,NA
"UKM22",NA,NA
"UKM23",NA,NA
"UKM24",NA,NA
"UKM25",NA,NA
"UKM26",NA,NA
"UKM27",NA,NA
"UKM28",NA,NA
"UKM32",NA,NA
"UKM33",NA,NA
"UKM34",NA,NA
"UKM35",NA,NA
"UKM36",NA,NA
"UKM37",NA,NA
"UKM38",NA,NA
"UKM50",NA,NA
"UKM64",NA,NA
"UKM65",NA,NA
"UKM66",NA,NA
"UKN",NA,NA
"UKN0",0.139318885448916,0.160990712074303
"UKN01",NA,NA
"UKN02",NA,NA
"UKN03",NA,NA
"UKN04",NA,NA
"UKN05",NA,NA
"UKM31",NA,NA
"UKM62",NA,NA
"UKM61",NA,NA
"UKM2",0.0857142857142857,0.357142857142857
"UKM3",0.114285714285714,0.271428571428571
"UKM5",0.0571428571428571,0.228571428571429
"UKM63",NA,NA
"UKM",NA,NA
"UKM6",0.0592592592592593,0.155555555555556
"RO411",NA,NA
"RO412",NA,NA
"RO413",NA,NA
"RO414",NA,NA
"RO415",NA,NA
"RO42",0.0603607770582794,0.0185013876040703
"RO421",NA,NA
"RO422",NA,NA
"RO423",NA,NA
"RO424",NA,NA
"SE231",NA,NA
"SE232",NA,NA
"SE3",NA,NA
"SE31",0.054945054945055,0.296703296703297
"SE311",NA,NA
"SE312",NA,NA
"TR",NA,NA
"TR1",NA,NA
"TR10",NA,NA
"TR100",NA,NA
"TR712",NA,NA
"TR713",NA,NA
"TR714",NA,NA
"TR715",NA,NA
"TR72",NA,NA
"TR721",NA,NA
"TR722",NA,NA
"TR723",NA,NA
"TR8",NA,NA
"TR81",NA,NA
"TR811",NA,NA
"TR812",NA,NA
"TR813",NA,NA
"TR2",NA,NA
"TR21",NA,NA
"TR211",NA,NA
"TR212",NA,NA
"TR213",NA,NA
"TR22",NA,NA
"TR82",NA,NA
"TR821",NA,NA
"TR822",NA,NA
"TR823",NA,NA
"TR83",NA,NA
"TR831",NA,NA
"TR832",NA,NA
"TR833",NA,NA
"TR834",NA,NA
"TR9",NA,NA
"SE313",NA,NA
"SE32",0.1,0.275
"SE321",NA,NA
"TR221",NA,NA
"TR222",NA,NA
"TR3",NA,NA
"TR90",NA,NA
"TR901",NA,NA
"TR902",NA,NA
"TR903",NA,NA
"TR904",NA,NA
"TR905",NA,NA
"TR906",NA,NA
"TRA",NA,NA
"TRA1",NA,NA
"TRA11",NA,NA
"TRA12",NA,NA
"SE",NA,NA
"SE322",NA,NA
"SE33",0.121951219512195,0.24390243902439
"SE331",NA,NA
"TR31",NA,NA
"TR310",NA,NA
"TR32",NA,NA
"TR321",NA,NA
"TR322",NA,NA
"TRA13",NA,NA
"TRA2",NA,NA
"TRA21",NA,NA
"TRA22",NA,NA
"TRA23",NA,NA
"TRA24",NA,NA
"TRB",NA,NA
"TRB1",NA,NA
"TRB11",NA,NA
"TRB12",NA,NA
"TRB13",NA,NA
"TRB14",NA,NA
"SE1",NA,NA
"SE332",NA,NA
"SI",NA,NA
"SI0",NA,NA
"SI03",NA,NA
"SI031",NA,NA
"SI032",NA,NA
"SI033",NA,NA
"SI034",NA,NA
"SI035",NA,NA
"SI036",NA,NA
"SI037",NA,NA
"TR323",NA,NA
"TR33",NA,NA
"TR331",NA,NA
"TR332",NA,NA
"TR333",NA,NA
"TR334",NA,NA
"TR4",NA,NA
"TR41",NA,NA
"TRB2",NA,NA
"TRB21",NA,NA
"TRB22",NA,NA
"TRB23",NA,NA
"TRB24",NA,NA
"TRC",NA,NA
"TRC1",NA,NA
"TRC11",NA,NA
"TRC12",NA,NA
"TRC13",NA,NA
"TRC2",NA,NA
"TRC21",NA,NA
"TRC22",NA,NA
"TRC3",NA,NA
"SE11",0,0.4
"SE110",NA,NA
"SI038",NA,NA
"SI04",NA,NA
"SI041",NA,NA
"SI042",NA,NA
"SI043",NA,NA
"SI044",NA,NA
"SK",NA,NA
"SK0",NA,NA
"SK01",0.25,0.15
"SK010",NA,NA
"SK02",0.235042735042735,0.145299145299145
"SK021",NA,NA
"SK022",NA,NA
"SK023",NA,NA
"TR411",NA,NA
"TR412",NA,NA
"TR413",NA,NA
"TR42",NA,NA
"TR421",NA,NA
"TR422",NA,NA
"TR423",NA,NA
"TR424",NA,NA
"TR425",NA,NA
"TR5",NA,NA
"TR51",NA,NA
"TR510",NA,NA
"TR52",NA,NA
"TRC31",NA,NA
"TRC32",NA,NA
"TRC33",NA,NA
"TRC34",NA,NA
"SE12",0.0851063829787234,0.432624113475177
"SE121",NA,NA
"SE122",NA,NA
"SE123",NA,NA
"SE124",NA,NA
"SE125",NA,NA
"SK03",0.196172248803828,0.0813397129186603
"SK031",NA,NA
"SK032",NA,NA
"SK04",0.153465346534653,0.0693069306930693
"SK041",NA,NA
"SK042",NA,NA
"UKD11",NA,NA
"UKD12",NA,NA
"UKD3",0,0.2
"UKD33",NA,NA
"UKD34",NA,NA
"UKD35",NA,NA
"UKD36",NA,NA
"UKD37",NA,NA
"UKD4",0.15625,0.3125
"UKD41",NA,NA
"UKD42",NA,NA
"UKD44",NA,NA
"TR521",NA,NA
"TR522",NA,NA
"TR6",NA,NA
"TR61",NA,NA
"TR611",NA,NA
"TR612",NA,NA
"TR613",NA,NA
"ITI42",NA,NA
"ITI43",NA,NA
"ITI44",NA,NA
"ITI45",NA,NA
"LI",NA,NA
"LI0",NA,NA
"LI00",NA,NA
"LI000",NA,NA
"LT",NA,NA
"LT0",NA,NA
"LT00",0.272805507745267,0.151749856569134
"NO043",NA,NA
"NO052",NA,NA
"NO053",NA,NA
"NO06",0.113475177304965,0.26241134751773
"NO073",NA,NA
"PL218",NA,NA
"PL219",NA,NA
"PL21A",NA,NA
"PL22",0.0718737017033652,0.150394682176984
"PL224",NA,NA
"PL225",NA,NA
"PL227",NA,NA
"PL228",NA,NA
"PL229",NA,NA
"PL22A",NA,NA
"PL22B",NA,NA
"PL22C",NA,NA
"PL3",NA,NA
"PL31",0.0782739051290288,0.250883392226148
"PL311",NA,NA
"PL312",NA,NA
"PL314",NA,NA
"PL315",NA,NA
"PL32",0.0661512027491409,0.12680412371134
"PL323",NA,NA
"PL324",NA,NA
"PL325",NA,NA
"PL326",NA,NA
"PL33",0.109787018255578,0.165314401622718
"PL331",NA,NA
"PL332",NA,NA
"PL34",0.0970325011775789,0.306170513424399
"PL343",NA,NA
"PL344",NA,NA
"NO061",NA,NA
"NO062",NA,NA
"NO05",0.0838709677419355,0.180645161290323
"PL345",NA,NA
"PL4",NA,NA
"PL41",0.0747782002534854,0.389100126742712
"PL411",NA,NA
"PL414",NA,NA
"PL415",NA,NA
"PL416",NA,NA
"PL417",NA,NA
"PL418",NA,NA
"PL42",0.0727411944869832,0.281776416539051
"PL424",NA,NA
"PL426",NA,NA
"PL427",NA,NA
"PL428",NA,NA
"PL43",0.0650577124868835,0.27806925498426
"PL431",NA,NA
"PL432",NA,NA
"PL5",NA,NA
"PL51",0.0618747684327529,0.261578362356428
"PL514",NA,NA
"PL515",NA,NA
"PL516",NA,NA
"NO051",NA,NA
"PL517",NA,NA
"PL518",NA,NA
"PL52",0.09258043335522,0.237032173342088
"PL523",NA,NA
"PL524",NA,NA
"PL6",NA,NA
"PL61",0.0652486346651337,0.438344351825237
"PL613",NA,NA
"PL616",NA,NA
"PL617",NA,NA
"PL618",NA,NA
"PL619",NA,NA
"PL62",0.0847856806406029,0.281676872350447
"PL621",NA,NA
"PL622",NA,NA
"PL623",NA,NA
"PL63",0.0951182687468546,0.30649219929542
"PL633",NA,NA
"PL634",NA,NA
"PL636",NA,NA
"PL637",NA,NA
"PL638",NA,NA
"NO072",NA,NA
"PT",NA,NA
"PT1",NA,NA
"PT11",0.382425742574257,0.0952970297029703
"PT111",NA,NA
"PT112",NA,NA
"PT119",NA,NA
"PT11A",NA,NA
"PT11B",NA,NA
"PT11C",NA,NA
"PT11D",NA,NA
"PT11E",NA,NA
"PT15",0.257575757575758,0.166666666666667
"PT150",NA,NA
"PT16",0.346899224806202,0.124031007751938
"PT16B",NA,NA
"PT16D",NA,NA
"PT16E",NA,NA
"PT16F",NA,NA
"PT16G",NA,NA
"PT16H",NA,NA
"PT16I",NA,NA
"PT16J",NA,NA
"PT17",0.220338983050847,0.135593220338983
"PT170",NA,NA
"PT18",0.307291666666667,0.2734375
"PT181",NA,NA
"PT184",NA,NA
"PT185",NA,NA
"PT186",NA,NA
"PT187",NA,NA
"PT2",NA,NA
"PT20",0.204460966542751,0.0148698884758364
"PT200",NA,NA
"PT3",NA,NA
"PT30",0.104166666666667,0.015625
"PT300",NA,NA
"NO07",0.0853658536585366,0.280487804878049
"PL",NA,NA
"PL1",NA,NA
"PL11",0.0616651133892513,0.274774774774775
"PL113",NA,NA
"PL114",NA,NA
"PL115",NA,NA
"PL116",NA,NA
"PL117",NA,NA
"RO",NA,NA
"RO1",NA,NA
"RO11",0.0551340414769853,0.00991401112797168
"RO111",NA,NA
"RO112",NA,NA
"RO113",NA,NA
"RO114",NA,NA
"RO115",NA,NA
"RO116",NA,NA
"RO12",0.067449956483899,0.0113141862489121
"RO121",NA,NA
"RO122",NA,NA
"RO123",NA,NA
"RO124",NA,NA
"RO125",NA,NA
"RO126",NA,NA
"RO2",NA,NA
"RO21",0.0717740033026657,0.00518990327907525
"RO211",NA,NA
"RO212",NA,NA
"PL12",0.071975354742345,0.265496639283047
"PL127",NA,NA
"PL128",NA,NA
"PL129",NA,NA
"PL12A",NA,NA
"PL12B",NA,NA
"PL12C",NA,NA
"PL12D",NA,NA
"PL12E",NA,NA
"PL2",NA,NA
"PL21",0.0647451963241437,0.154135338345865
"PL213",NA,NA
"PL214",NA,NA
"PL217",NA,NA
"RO213",NA,NA
"RO214",NA,NA
"RO215",NA,NA
"RO216",NA,NA
"RO22",0.09820314449713,0.017344646867981
"RO221",NA,NA
"RO222",NA,NA
"RO223",NA,NA
"RO224",NA,NA
"RO225",NA,NA
"RO226",NA,NA
"RO3",NA,NA
"RO31",0.062046415184624,0.0110056623335194
"RO311",NA,NA
"RO312",NA,NA
"RO313",NA,NA
"RO314",NA,NA
"RO315",NA,NA
"RO316",NA,NA
"RO317",NA,NA
"RO32",0.0384615384615385,0.0121457489878543
"RO321",NA,NA
"RO322",NA,NA
"RO4",NA,NA
"RO41",0.0535510390500114,0.00616579127654716
"NO071",NA,NA
"ITF14",NA,NA
"ITF2",0.555133079847909,0.163498098859316
"ITF21",NA,NA
"ITF22",NA,NA
"ITF3",0.748366013071895,0.0529411764705882
"ITF31",NA,NA
"ITF32",NA,NA
"ITF33",NA,NA
"ITF34",NA,NA
"ITF35",NA,NA
"ITF4",0.606071964017991,0.0622188905547226
"ITF43",NA,NA
"ITF44",NA,NA
"ITF45",NA,NA
"LT001",NA,NA
"LT002",NA,NA
"LT003",NA,NA
"LT004",NA,NA
"LT005",NA,NA
"LT006",NA,NA
"LT007",NA,NA
"LT008",NA,NA
"LT009",NA,NA
"LT00A",NA,NA
"LU",NA,NA
"LU0",NA,NA
"LU00",0.0740740740740741,0.666666666666667
"LU000",NA,NA
"ITF46",NA,NA
"ITF47",NA,NA
"ITF48",NA,NA
"ITF5",0.624413145539906,0.125195618153365
"ITF51",NA,NA
"ITF52",NA,NA
"ITF6",0.711942257217848,0.0905511811023622
"ITF61",NA,NA
"ITF62",NA,NA
"ITF63",NA,NA
"ITF64",NA,NA
"ITF65",NA,NA
"LV",NA,NA
"LV0",NA,NA
"LV00",0.105712760277629,0.233315536572344
"LV003",NA,NA
"LV005",NA,NA
"LV006",NA,NA
"LV007",NA,NA
"LV008",NA,NA
"ITG",NA,NA
"ITG1",0.744540727902946,0.130675909878683
"ITG11",NA,NA
"ITG12",NA,NA
"ITG13",NA,NA
"LV009",NA,NA
"ME",NA,NA
"ME0",NA,NA
"ME00",0.0510948905109489,0.0182481751824818
"ME000",NA,NA
"MK",NA,NA
"MK0",NA,NA
"MK00",0.0165289256198347,0.0165289256198347
"ITG14",NA,NA
"ITG15",NA,NA
"ITG16",NA,NA
"ITG17",NA,NA
"ITG18",NA,NA
"ITG19",NA,NA
"ITG2",0.600622406639004,0.158713692946058
"ITG25",NA,NA
"ITG26",NA,NA
"ITG27",NA,NA
"ITG28",NA,NA
"MK001",NA,NA
"MK002",NA,NA
"MK003",NA,NA
"MK004",NA,NA
"MK005",NA,NA
"MK006",NA,NA
"MK007",NA,NA
"MK008",NA,NA
"MT",NA,NA
"MT0",NA,NA
"MT00",0.0674846625766871,0.0122699386503067
"MT001",NA,NA
"MT002",NA,NA
"NL",NA,NA
"ITG29",NA,NA
"ITG2A",NA,NA
"ITG2B",NA,NA
"ITG2C",NA,NA
"ITH",NA,NA
"ITH1",0.658823529411765,0.337254901960784
"ITH10",NA,NA
"ITH2",0.68452380952381,0.31547619047619
"ITH20",NA,NA
"NL1",NA,NA
"NL11",0.659090909090909,0.136363636363636
"NL111",NA,NA
"NL112",NA,NA
"NL113",NA,NA
"NL12",0.671052631578947,0.157894736842105
"NL121",NA,NA
"NL122",NA,NA
"NL123",NA,NA
"NL13",0.642857142857143,0.142857142857143
"NL131",NA,NA
"NL132",NA,NA
"NL133",NA,NA
"NL2",NA,NA
"NL21",0.612244897959184,0.13265306122449
"NL211",NA,NA
"NL212",NA,NA
"NL213",NA,NA
"NL22",0.601307189542484,0.130718954248366
"NL221",NA,NA
"NL224",NA,NA
"NO01",0.0444444444444444,0.355555555555556
"NO011",NA,NA
"NO012",NA,NA
"NO02",0.0714285714285714,0.314285714285714
"ITH3",0.716850828729282,0.281767955801105
"ITH31",NA,NA
"ITH32",NA,NA
"ITH33",NA,NA
"ITH34",NA,NA
"ITH35",NA,NA
"ITH36",NA,NA
"ITH37",NA,NA
"ITH4",0.628571428571429,0.371428571428571
"ITH41",NA,NA
"ITH42",NA,NA
"ITH43",NA,NA
"ITH44",NA,NA
"ITH5",0.733188720173536,0.264642082429501
"NL225",NA,NA
"NL226",NA,NA
"NL23",0.666666666666667,0.222222222222222
"NL230",NA,NA
"NL3",NA,NA
"NL31",0.65625,0.0625
"NL310",NA,NA
"NL32",0.661016949152542,0.152542372881356
"NL321",NA,NA
"NL322",NA,NA
"NL323",NA,NA
"NL324",NA,NA
"NL325",NA,NA
"NL326",NA,NA
"NL327",NA,NA
"NL33",0.648648648648649,0.135135135135135
"NL332",NA,NA
"NL333",NA,NA
"NL337",NA,NA
"NL338",NA,NA
"NL339",NA,NA
"NL33A",NA,NA
"NO",NA,NA
"NO0",NA,NA
"NO021",NA,NA
"NO022",NA,NA
"NO03",0.0814814814814815,0.318518518518519
"NO031",NA,NA
"NO032",NA,NA
"NO033",NA,NA
"NO034",NA,NA
"ITH51",NA,NA
"ITH52",NA,NA
"ITH53",NA,NA
"ITH54",NA,NA
"ITH55",NA,NA
"ITH56",NA,NA
"ITH57",NA,NA
"ITH58",NA,NA
"ITH59",NA,NA
"ITI",NA,NA
"ITI1",0.815254237288136,0.18135593220339
"ITI11",NA,NA
"ITI12",NA,NA
"ITI13",NA,NA
"ITI14",NA,NA
"NL34",0.55,0.2
"NL341",NA,NA
"NL342",NA,NA
"NL4",NA,NA
"NL41",0.664634146341463,0.140243902439024
"NL411",NA,NA
"NL412",NA,NA
"NL413",NA,NA
"NL414",NA,NA
"NL42",0.610169491525424,0.203389830508475
"NL421",NA,NA
"NL422",NA,NA
"NL423",NA,NA
"NO04",0.111731843575419,0.23463687150838
"NO041",NA,NA
"NO042",NA,NA
"ITI15",NA,NA
"ITI16",NA,NA
"ITI17",NA,NA
"ITI18",NA,NA
"ITI19",NA,NA
"ITI1A",NA,NA
"ITI2",0.87218045112782,0.12781954887218
"ITI21",NA,NA
"ITI22",NA,NA
"ITI3",0.832089552238806,0.164179104477612
"ITI31",NA,NA
"ITI32",NA,NA
"ITI33",NA,NA
"ITI34",NA,NA
"ITI35",NA,NA
"ITI4",0.882165605095541,0.117834394904459
"ITI41",NA,NA
