"geo","arable","grassland","permanent"
"AT",50.0152188,47.53657097,2.389535331
"AT1",76.90924859,18.04187971,4.257529495
"AT11",83.64565588,8.715722372,7.545199758
"AT111",NA,NA,NA
"AT112",NA,NA,NA
"AT113",NA,NA,NA
"AT12",76.22379931,20.14083732,3.58585025
"AT121",NA,NA,NA
"AT122",NA,NA,NA
"AT123",NA,NA,NA
"AT124",NA,NA,NA
"AT125",NA,NA,NA
"AT126",NA,NA,NA
"AT127",NA,NA,NA
"AT13",79.80049875,10.09975062,10.09975062
"AT130",NA,NA,NA
"AT2",30.51919556,57.09183905,2.448436058
"AT21",28.48779159,71.28528638,0.167922302
"AT211",NA,NA,NA
"AT212",NA,NA,NA
"AT213",NA,NA,NA
"AT22",37.02489472,58.69449331,4.213977291
"AT221",NA,NA,NA
"AT222",NA,NA,NA
"AT223",NA,NA,NA
"AT224",NA,NA,NA
"AT225",NA,NA,NA
"AT226",NA,NA,NA
"AT3",27.99182247,64.77628877,0.167513239
"AT31",56.49366966,43.16420218,0.264811056
"AT311",NA,NA,NA
"AT312",NA,NA,NA
"AT313",NA,NA,NA
"AT314",NA,NA,NA
"AT315",NA,NA,NA
"AT32",3.352205841,96.53568025,0.044845563
"AT321",NA,NA,NA
"BE3",55.79796988,43.87859711,0.57965014
"BE31",86.58372562,12.7605918,0.672494956
"BE310",NA,NA,NA
"BE32",72.84673688,27.04990649,0.098434885
"BE321",NA,NA,NA
"BE322",NA,NA,NA
"BE323",NA,NA,NA
"BE325",NA,NA,NA
"BE326",NA,NA,NA
"BE327",NA,NA,NA
"BE33",43.5153358,55.81041777,0.67424643
"BE331",NA,NA,NA
"BE332",NA,NA,NA
"BE334",NA,NA,NA
"BE335",NA,NA,NA
"BE336",NA,NA,NA
"BE34",25.88419639,73.95911058,0.149231458
"BE341",NA,NA,NA
"BE342",NA,NA,NA
"BE343",NA,NA,NA
"BE344",NA,NA,NA
"BE345",NA,NA,NA
"BE35",59.75382062,39.96265818,0.290436346
"BE351",NA,NA,NA
"BE352",NA,NA,NA
"BE353",NA,NA,NA
"BG",70.51026244,27.33468933,2.04238283
"BG3",80.76460079,17.43059051,1.720925715
"BG31",80.13920173,18.89471268,0.905238212
"BG311",NA,NA,NA
"BG312",NA,NA,NA
"BG313",NA,NA,NA
"BG314",NA,NA,NA
"BG315",NA,NA,NA
"BG32",82.50381256,15.9220095,1.497296548
"BG321",NA,NA,NA
"BG322",NA,NA,NA
"BG323",NA,NA,NA
"BG324",NA,NA,NA
"BG325",NA,NA,NA
"BG33",86.83944882,12.0027243,1.065395327
"BG331",NA,NA,NA
"BG332",NA,NA,NA
"BG333",NA,NA,NA
"BG334",NA,NA,NA
"BG34",73.91499834,22.50461451,3.472715226
"BG341",NA,NA,NA
"BG342",NA,NA,NA
"BG343",NA,NA,NA
"BG344",NA,NA,NA
"BG4",42.71272988,54.18279012,2.914588902
"BG41",28.86720652,69.18859451,1.812541706
"BG411",NA,NA,NA
"BG412",NA,NA,NA
"BG413",NA,NA,NA
"BG414",NA,NA,NA
"BG415",NA,NA,NA
"BG42",53.69734432,42.27764423,3.788919414
"BG421",NA,NA,NA
"BG422",NA,NA,NA
"BG423",NA,NA,NA
"BG424",NA,NA,NA
"BG425",NA,NA,NA
"CY",73.28272203,1.69212476,24.98856672
"CY0",73.28272203,1.69212476,24.98856672
"CY00",73.28272203,1.69212476,24.98856672
"CY000",NA,NA,NA
"CZ",71.37709904,27.49787339,1.119585733
"CZ0",71.37681263,27.49758698,0.011167216
"CZ01",96.98568199,2.185380558,0
"CZ010",NA,NA,NA
"CZ02",87.34726339,11.79235052,0.849540886
"CZ020",NA,NA,NA
"CZ03",60.72897733,38.80362439,0.463298301
"CZ031",NA,NA,NA
"CZ032",NA,NA,NA
"CZ04",59.76628782,39.32447575,0.909236433
"CZ041",NA,NA,NA
"CZ042",NA,NA,NA
"CZ05",67.71028454,31.49942021,0.786727321
"CZ051",NA,NA,NA
"CZ052",NA,NA,NA
"CZ053",NA,NA,NA
"CZ06",82.51397269,14.84303312,2.637432917
"CZ063",NA,NA,NA
"CZ064",NA,NA,NA
"CZ07",68.53741497,30.56147832,0.893491725
"CZ071",NA,NA,NA
"CZ072",NA,NA,NA
"CZ08",58.85192874,40.57838073,0.560034761
"CZ080",NA,NA,NA
"CH",NA,NA,NA
"CH0",NA,NA,NA
"CH01",NA,NA,NA
"CH011",NA,NA,NA
"CH012",NA,NA,NA
"CH013",NA,NA,NA
"CH02",NA,NA,NA
"CH021",NA,NA,NA
"CH022",NA,NA,NA
"CH023",NA,NA,NA
"CH024",NA,NA,NA
"CH025",NA,NA,NA
"CH03",NA,NA,NA
"CH031",NA,NA,NA
"CH032",NA,NA,NA
"CH033",NA,NA,NA
"CH04",NA,NA,NA
"CH040",NA,NA,NA
"AT322",NA,NA,NA
"AT323",NA,NA,NA
"AT33",3.606038377,96.24338829,0.123547353
"AT331",NA,NA,NA
"AT332",NA,NA,NA
"AT333",NA,NA,NA
"AT334",NA,NA,NA
"AT335",NA,NA,NA
"AT34",4.139881718,95.71869375,0.11571098
"AT341",NA,NA,NA
"AT342",NA,NA,NA
"BE",61.15222876,37.20467926,1.666794097
"BE1",80,19.53488372,0
"BE10",80,19.53488372,0
"BE100",NA,NA,NA
"BE2",67.13253641,29.72651217,3.189875895
"BE21",63.00940439,35.07728894,1.967354881
"BE211",NA,NA,NA
"BE212",NA,NA,NA
"BE213",NA,NA,NA
"BE22",64.7743639,24.1718675,11.22179549
"BE221",NA,NA,NA
"BE222",NA,NA,NA
"BE223",NA,NA,NA
"BE23",63.71217216,34.16274378,2.125084062
"BE231",NA,NA,NA
"BE232",NA,NA,NA
"BE233",NA,NA,NA
"BE234",NA,NA,NA
"BE235",NA,NA,NA
"BE236",NA,NA,NA
"BE24",70.90524833,24.30433251,4.802160385
"BE241",NA,NA,NA
"BE242",NA,NA,NA
"BE25",70.89291857,28.5959998,0.56022409
"BE251",NA,NA,NA
"BE252",NA,NA,NA
"BE253",NA,NA,NA
"BE254",NA,NA,NA
"BE255",NA,NA,NA
"BE256",NA,NA,NA
"BE257",NA,NA,NA
"BE258",NA,NA,NA
"DE72",NA,NA,NA
"DE721",NA,NA,NA
"DE722",NA,NA,NA
"DE723",NA,NA,NA
"DE724",NA,NA,NA
"DE725",NA,NA,NA
"DE73",NA,NA,NA
"DE731",NA,NA,NA
"DE732",NA,NA,NA
"DE733",NA,NA,NA
"DE734",NA,NA,NA
"DE735",NA,NA,NA
"DE736",NA,NA,NA
"DE737",NA,NA,NA
"DE8",80.31484906,19.4524818,0.231177664
"DE80",NA,NA,NA
"DE803",NA,NA,NA
"DE804",NA,NA,NA
"DE80J",NA,NA,NA
"DE80K",NA,NA,NA
"DE80L",NA,NA,NA
"DE80M",NA,NA,NA
"DE80N",NA,NA,NA
"DE80O",NA,NA,NA
"DE9",72.56088618,26.69458489,0.735651704
"DE91",NA,NA,NA
"DE911",NA,NA,NA
"DE912",NA,NA,NA
"DE913",NA,NA,NA
"DE914",NA,NA,NA
"DE915",NA,NA,NA
"DE916",NA,NA,NA
"DE917",NA,NA,NA
"DE918",NA,NA,NA
"DE919",NA,NA,NA
"DE91A",NA,NA,NA
"DE91B",NA,NA,NA
"DE92",NA,NA,NA
"DE922",NA,NA,NA
"DE923",NA,NA,NA
"DE925",NA,NA,NA
"DE926",NA,NA,NA
"DE927",NA,NA,NA
"DE928",NA,NA,NA
"DE929",NA,NA,NA
"DE93",NA,NA,NA
"DE931",NA,NA,NA
"DE932",NA,NA,NA
"DE933",NA,NA,NA
"DE934",NA,NA,NA
"DE935",NA,NA,NA
"DE936",NA,NA,NA
"DE937",NA,NA,NA
"DE938",NA,NA,NA
"DE939",NA,NA,NA
"DE93A",NA,NA,NA
"DE93B",NA,NA,NA
"DE94",NA,NA,NA
"DE941",NA,NA,NA
"DE942",NA,NA,NA
"DE943",NA,NA,NA
"DE944",NA,NA,NA
"DE945",NA,NA,NA
"DE946",NA,NA,NA
"DE947",NA,NA,NA
"DE948",NA,NA,NA
"DE949",NA,NA,NA
"DE94A",NA,NA,NA
"DE94B",NA,NA,NA
"DE94C",NA,NA,NA
"DE94D",NA,NA,NA
"DE94E",NA,NA,NA
"DE94F",NA,NA,NA
"DE94G",NA,NA,NA
"DE94H",NA,NA,NA
"DEA",72.82010622,26.26193585,0.885149313
"DEA1",NA,NA,NA
"DEA11",NA,NA,NA
"DEA12",NA,NA,NA
"DEA13",NA,NA,NA
"DEA14",NA,NA,NA
"DEA15",NA,NA,NA
"DEA16",NA,NA,NA
"DEA17",NA,NA,NA
"DEA18",NA,NA,NA
"DEA19",NA,NA,NA
"DEA1A",NA,NA,NA
"DEA1B",NA,NA,NA
"DEA1C",NA,NA,NA
"DEA1D",NA,NA,NA
"DEA1E",NA,NA,NA
"DEA1F",NA,NA,NA
"DEA2",NA,NA,NA
"DEA22",NA,NA,NA
"DEA23",NA,NA,NA
"DEA24",NA,NA,NA
"DEA26",NA,NA,NA
"DEA27",NA,NA,NA
"DEA28",NA,NA,NA
"DEA29",NA,NA,NA
"DEA2A",NA,NA,NA
"DEA2B",NA,NA,NA
"DEA2C",NA,NA,NA
"DEA2D",NA,NA,NA
"DEA3",NA,NA,NA
"DEA31",NA,NA,NA
"DEA32",NA,NA,NA
"DEA33",NA,NA,NA
"DEA34",NA,NA,NA
"DEA35",NA,NA,NA
"DEA36",NA,NA,NA
"DEA37",NA,NA,NA
"DEA38",NA,NA,NA
"DEA4",NA,NA,NA
"DEA41",NA,NA,NA
"DEA42",NA,NA,NA
"DEA43",NA,NA,NA
"DEA44",NA,NA,NA
"DEA45",NA,NA,NA
"DEA46",NA,NA,NA
"DEA47",NA,NA,NA
"DEA5",NA,NA,NA
"DEA51",NA,NA,NA
"DEA52",NA,NA,NA
"DEA53",NA,NA,NA
"DEA54",NA,NA,NA
"DEA55",NA,NA,NA
"DEA56",NA,NA,NA
"CH05",NA,NA,NA
"CH051",NA,NA,NA
"CH052",NA,NA,NA
"CH053",NA,NA,NA
"CH054",NA,NA,NA
"CH055",NA,NA,NA
"CH056",NA,NA,NA
"CH057",NA,NA,NA
"CH06",NA,NA,NA
"CH061",NA,NA,NA
"CH062",NA,NA,NA
"CH063",NA,NA,NA
"CH064",NA,NA,NA
"CH065",NA,NA,NA
"CH066",NA,NA,NA
"CH07",NA,NA,NA
"CH070",NA,NA,NA
"DE",71.11490229,27.67123485,1.196616921
"DE1",58.64558582,37.83023776,3.491135076
"DE11",NA,NA,NA
"DE111",NA,NA,NA
"DE112",NA,NA,NA
"DE113",NA,NA,NA
"DE114",NA,NA,NA
"DE115",NA,NA,NA
"DE116",NA,NA,NA
"DE117",NA,NA,NA
"DE118",NA,NA,NA
"DE119",NA,NA,NA
"DE11A",NA,NA,NA
"DE11B",NA,NA,NA
"DE11C",NA,NA,NA
"DE11D",NA,NA,NA
"DE12",NA,NA,NA
"DE121",NA,NA,NA
"DE122",NA,NA,NA
"DE123",NA,NA,NA
"DE124",NA,NA,NA
"DE125",NA,NA,NA
"DE126",NA,NA,NA
"DE127",NA,NA,NA
"DE128",NA,NA,NA
"DE129",NA,NA,NA
"DE12A",NA,NA,NA
"DE12B",NA,NA,NA
"DE12C",NA,NA,NA
"DE13",NA,NA,NA
"DE131",NA,NA,NA
"DE132",NA,NA,NA
"DE133",NA,NA,NA
"DE134",NA,NA,NA
"DE135",NA,NA,NA
"DE136",NA,NA,NA
"DE137",NA,NA,NA
"DE138",NA,NA,NA
"DE139",NA,NA,NA
"DE13A",NA,NA,NA
"DE14",NA,NA,NA
"DE141",NA,NA,NA
"DE142",NA,NA,NA
"DE143",NA,NA,NA
"DE144",NA,NA,NA
"DE145",NA,NA,NA
"DE146",NA,NA,NA
"DE147",NA,NA,NA
"DE148",NA,NA,NA
"DE149",NA,NA,NA
"DE2",65.86251646,33.70384187,0.430771978
"DE21",NA,NA,NA
"DE211",NA,NA,NA
"DE212",NA,NA,NA
"DE213",NA,NA,NA
"DE214",NA,NA,NA
"DE215",NA,NA,NA
"DE216",NA,NA,NA
"DE217",NA,NA,NA
"DE218",NA,NA,NA
"DE219",NA,NA,NA
"DE21A",NA,NA,NA
"DE21B",NA,NA,NA
"DE21C",NA,NA,NA
"DE21D",NA,NA,NA
"DE21E",NA,NA,NA
"DE21F",NA,NA,NA
"DE21G",NA,NA,NA
"DE21H",NA,NA,NA
"DE21I",NA,NA,NA
"DE21J",NA,NA,NA
"DE21K",NA,NA,NA
"DE21L",NA,NA,NA
"DE21M",NA,NA,NA
"DE21N",NA,NA,NA
"DE22",NA,NA,NA
"DE221",NA,NA,NA
"DE222",NA,NA,NA
"DE223",NA,NA,NA
"DE224",NA,NA,NA
"DE225",NA,NA,NA
"DE226",NA,NA,NA
"DE227",NA,NA,NA
"DE228",NA,NA,NA
"DE229",NA,NA,NA
"DE22A",NA,NA,NA
"DE22B",NA,NA,NA
"DE22C",NA,NA,NA
"DE23",NA,NA,NA
"DE231",NA,NA,NA
"DE232",NA,NA,NA
"DE233",NA,NA,NA
"DE234",NA,NA,NA
"DE235",NA,NA,NA
"DE236",NA,NA,NA
"DE237",NA,NA,NA
"DE238",NA,NA,NA
"DE239",NA,NA,NA
"DE23A",NA,NA,NA
"DE24",NA,NA,NA
"DE241",NA,NA,NA
"DE242",NA,NA,NA
"DE243",NA,NA,NA
"DE244",NA,NA,NA
"DE245",NA,NA,NA
"DE246",NA,NA,NA
"DE247",NA,NA,NA
"DE248",NA,NA,NA
"DE249",NA,NA,NA
"DE24A",NA,NA,NA
"DE24B",NA,NA,NA
"DE24C",NA,NA,NA
"DE24D",NA,NA,NA
"DE25",NA,NA,NA
"DE251",NA,NA,NA
"DE252",NA,NA,NA
"DE253",NA,NA,NA
"DE254",NA,NA,NA
"DE255",NA,NA,NA
"DE256",NA,NA,NA
"DE257",NA,NA,NA
"DE258",NA,NA,NA
"DE259",NA,NA,NA
"DE25A",NA,NA,NA
"DE25B",NA,NA,NA
"DE25C",NA,NA,NA
"DE26",NA,NA,NA
"DE261",NA,NA,NA
"DE262",NA,NA,NA
"DE263",NA,NA,NA
"DE264",NA,NA,NA
"DE265",NA,NA,NA
"DE266",NA,NA,NA
"DE267",NA,NA,NA
"DE268",NA,NA,NA
"DE269",NA,NA,NA
"DE26A",NA,NA,NA
"DE26B",NA,NA,NA
"DE26C",NA,NA,NA
"DE27",NA,NA,NA
"DE271",NA,NA,NA
"DE272",NA,NA,NA
"DE273",NA,NA,NA
"DE274",NA,NA,NA
"DE275",NA,NA,NA
"DE276",NA,NA,NA
"DE277",NA,NA,NA
"DE278",NA,NA,NA
"DE279",NA,NA,NA
"DE27A",NA,NA,NA
"DE27B",NA,NA,NA
"DE27C",NA,NA,NA
"DE27D",NA,NA,NA
"DE27E",NA,NA,NA
"DE3",61.61616162,36.36363636,2.02020202
"DE30",NA,NA,NA
"DE300",NA,NA,NA
"DE4",78.03106994,21.61271417,0.350887876
"DE40",NA,NA,NA
"DE401",NA,NA,NA
"DE402",NA,NA,NA
"DE403",NA,NA,NA
"DE404",NA,NA,NA
"DE405",NA,NA,NA
"DE406",NA,NA,NA
"DE407",NA,NA,NA
"DE408",NA,NA,NA
"DE409",NA,NA,NA
"DE40A",NA,NA,NA
"DE40B",NA,NA,NA
"DE40C",NA,NA,NA
"DE40D",NA,NA,NA
"DE40E",NA,NA,NA
"DE40F",NA,NA,NA
"DE40G",NA,NA,NA
"DE40H",NA,NA,NA
"DE40I",NA,NA,NA
"DE5",21.06508876,78.93491124,0
"DE50",NA,NA,NA
"DE501",NA,NA,NA
"DE502",NA,NA,NA
"DE6",39.26592798,46.32963989,14.33518006
"DE60",NA,NA,NA
"DE600",NA,NA,NA
"DE7",61.88316988,37.291583,0.8058143
"DE71",NA,NA,NA
"DE711",NA,NA,NA
"DE712",NA,NA,NA
"DE713",NA,NA,NA
"DE714",NA,NA,NA
"DE715",NA,NA,NA
"DE716",NA,NA,NA
"DE717",NA,NA,NA
"DE718",NA,NA,NA
"DE719",NA,NA,NA
"DE71A",NA,NA,NA
"DE71B",NA,NA,NA
"DE71C",NA,NA,NA
"DE71D",NA,NA,NA
"DE71E",NA,NA,NA
"DEA57",NA,NA,NA
"DEA58",NA,NA,NA
"DEA59",NA,NA,NA
"DEA5A",NA,NA,NA
"DEA5B",NA,NA,NA
"DEA5C",NA,NA,NA
"DEB",58.06068322,31.93860952,9.961100502
"DEB1",NA,NA,NA
"DEB11",NA,NA,NA
"DEB12",NA,NA,NA
"DEB13",NA,NA,NA
"DEB14",NA,NA,NA
"DEB15",NA,NA,NA
"DEB16",NA,NA,NA
"DEB17",NA,NA,NA
"DEB18",NA,NA,NA
"DEB19",NA,NA,NA
"DEB1A",NA,NA,NA
"DEB1B",NA,NA,NA
"DEB2",NA,NA,NA
"DEB21",NA,NA,NA
"DEB22",NA,NA,NA
"DEB23",NA,NA,NA
"DEB24",NA,NA,NA
"DEB25",NA,NA,NA
"DEB3",NA,NA,NA
"DEB31",NA,NA,NA
"DEB32",NA,NA,NA
"DEB33",NA,NA,NA
"DEB34",NA,NA,NA
"DEB35",NA,NA,NA
"DEB36",NA,NA,NA
"DEB37",NA,NA,NA
"DEB38",NA,NA,NA
"DEB39",NA,NA,NA
"DEB3A",NA,NA,NA
"DEB3B",NA,NA,NA
"DEB3C",NA,NA,NA
"DEB3D",NA,NA,NA
"DEB3E",NA,NA,NA
"DEB3F",NA,NA,NA
"DEB3G",NA,NA,NA
"DEB3H",NA,NA,NA
"DEB3I",NA,NA,NA
"DEB3J",NA,NA,NA
"DEB3K",NA,NA,NA
"DEF01",NA,NA,NA
"DEF02",NA,NA,NA
"DEF03",NA,NA,NA
"DEF04",NA,NA,NA
"DEF05",NA,NA,NA
"DEF06",NA,NA,NA
"DEF07",NA,NA,NA
"DEF08",NA,NA,NA
"DEF09",NA,NA,NA
"DEF0A",NA,NA,NA
"DEF0B",NA,NA,NA
"DEF0C",NA,NA,NA
"DEF0D",NA,NA,NA
"DEF0E",NA,NA,NA
"DEF0F",NA,NA,NA
"DEG",78.35449037,21.28684335,0.35354247
"DEG0",NA,NA,NA
"DEG01",NA,NA,NA
"DEG02",NA,NA,NA
"DEG03",NA,NA,NA
"DEG04",NA,NA,NA
"DEG05",NA,NA,NA
"DEG06",NA,NA,NA
"DEG07",NA,NA,NA
"DEG09",NA,NA,NA
"DEG0A",NA,NA,NA
"DEG0B",NA,NA,NA
"DEG0C",NA,NA,NA
"DEG0D",NA,NA,NA
"DEG0E",NA,NA,NA
"DEG0F",NA,NA,NA
"DEG0G",NA,NA,NA
"DEG0H",NA,NA,NA
"DEG0I",NA,NA,NA
"DEG0J",NA,NA,NA
"DEG0K",NA,NA,NA
"DEG0L",NA,NA,NA
"DEG0M",NA,NA,NA
"DEG0N",NA,NA,NA
"DEG0P",NA,NA,NA
"DK",91.52000122,7.462948682,1.016668321
"DK0",91.51961945,7.463330457,1.016668321
"DK01",87.18521527,11.93135662,0.883428107
"DK011",NA,NA,NA
"DK012",NA,NA,NA
"DK013",NA,NA,NA
"DK014",NA,NA,NA
"DK02",93.45388788,5.388788427,1.157323689
"DK021",NA,NA,NA
"DK022",NA,NA,NA
"DK03",91.81618407,7.135470527,1.048345398
"DK031",NA,NA,NA
"DK032",NA,NA,NA
"DK04",91.39056954,7.524409807,1.085020652
"DK041",NA,NA,NA
"DK042",NA,NA,NA
"DK05",90.2640468,8.988301203,0.745592355
"DK050",NA,NA,NA
"EE",65.61915802,33.89625174,0.361353928
"EE0",65.61915802,33.89625174,0.361353928
"EE00",65.61915802,33.89625174,0.361353928
"EE001",NA,NA,NA
"EE004",NA,NA,NA
"EE006",NA,NA,NA
"EE007",NA,NA,NA
"EE008",NA,NA,NA
"EL515",NA,NA,NA
"EL52",NA,NA,NA
"EL521",NA,NA,NA
"EL522",NA,NA,NA
"EL",37.40750044,43.28752795,19.12954674
"EL3",21.35100313,16.63905761,61.881097
"EL30",21.35100313,16.63905761,61.881097
"EL301",NA,NA,NA
"EL302",NA,NA,NA
"EL303",NA,NA,NA
"EL304",NA,NA,NA
"EL305",NA,NA,NA
"EL306",NA,NA,NA
"EL307",NA,NA,NA
"EL4",8.861865276,105.0292576,33.55195652
"EL41",7.22249349,67.60253906,24.99186198
"EL411",NA,NA,NA
"EL412",NA,NA,NA
"EL413",NA,NA,NA
"EL42",12.09289286,78.76734732,8.966870707
"EL421",NA,NA,NA
"EL422",NA,NA,NA
"EL43",3.347528969,69.77980258,26.63497408
"EL431",NA,NA,NA
"EL432",NA,NA,NA
"EL433",NA,NA,NA
"EL434",NA,NA,NA
"EL5",NA,NA,NA
"EL51",NA,NA,NA
"EL511",NA,NA,NA
"EL512",NA,NA,NA
"EL513",NA,NA,NA
"EL514",NA,NA,NA
"EL523",NA,NA,NA
"EL524",NA,NA,NA
"EL525",NA,NA,NA
"EL526",NA,NA,NA
"EL527",NA,NA,NA
"EL53",NA,NA,NA
"EL531",NA,NA,NA
"EL532",NA,NA,NA
"EL533",NA,NA,NA
"EL54",NA,NA,NA
"EL541",NA,NA,NA
"EL542",NA,NA,NA
"EL543",NA,NA,NA
"EL6",NA,NA,NA
"EL61",NA,NA,NA
"EL611",NA,NA,NA
"EL612",NA,NA,NA
"EL613",NA,NA,NA
"EL62",NA,NA,NA
"EL621",NA,NA,NA
"EL622",NA,NA,NA
"EL623",NA,NA,NA
"EL624",NA,NA,NA
"EL63",NA,NA,NA
"EL631",NA,NA,NA
"EL632",NA,NA,NA
"EL633",NA,NA,NA
"EL64",NA,NA,NA
"EL641",NA,NA,NA
"EL642",NA,NA,NA
"EL643",NA,NA,NA
"EL644",NA,NA,NA
"EL645",NA,NA,NA
"EL65",NA,NA,NA
"EL651",NA,NA,NA
"EL652",NA,NA,NA
"EL653",NA,NA,NA
"ES",48.47430625,34.17152284,17.34902074
"ES1",17.04627534,79.03003162,1.373974736
"ES11",28.67494508,69.04747376,2.210458872
"ES111",NA,NA,NA
"ES112",NA,NA,NA
"ES113",NA,NA,NA
"ES114",NA,NA,NA
"ES12",5.328417234,93.91335375,0.734441438
"ES120",NA,NA,NA
"ES13",2.919937206,97.00381251,0.07176497
"ES130",NA,NA,NA
"ES2",55.25736526,33.10677178,8.605514172
"ES21",32.22963952,59.47663551,8.218958611
"ES211",NA,NA,NA
"ES212",NA,NA,NA
"ES213",NA,NA,NA
"ES22",52.67238384,41.66285725,5.662930388
"ES220",NA,NA,NA
"ES23",32.51019274,42.846553,24.6386212
"ES230",NA,NA,NA
"ES24",62.40687274,29.39129589,8.200062785
"ES241",NA,NA,NA
"ES242",NA,NA,NA
"ES243",NA,NA,NA
"ES3",47.19710669,43.93884596,8.864047345
"ES30",47.19710669,43.93884596,8.864047345
"ES300",NA,NA,NA
"DEC",47.97227926,51.55287474,0.46201232
"DEC0",NA,NA,NA
"DEC01",NA,NA,NA
"DEC02",NA,NA,NA
"DEC03",NA,NA,NA
"DEC04",NA,NA,NA
"DEC05",NA,NA,NA
"DEC06",NA,NA,NA
"DED",78.97732286,20.40060002,0.617665225
"DED2",NA,NA,NA
"DED21",NA,NA,NA
"DED2C",NA,NA,NA
"DED2D",NA,NA,NA
"DED2E",NA,NA,NA
"DED2F",NA,NA,NA
"DED4",NA,NA,NA
"DED41",NA,NA,NA
"DED42",NA,NA,NA
"DED43",NA,NA,NA
"DED44",NA,NA,NA
"DED45",NA,NA,NA
"DED5",NA,NA,NA
"DED51",NA,NA,NA
"DED52",NA,NA,NA
"DED53",NA,NA,NA
"DEE",85.27515817,14.47330275,0.245570354
"DEE0",NA,NA,NA
"DEE01",NA,NA,NA
"DEE02",NA,NA,NA
"DEE03",NA,NA,NA
"DEE04",NA,NA,NA
"DEE05",NA,NA,NA
"DEE06",NA,NA,NA
"DEE07",NA,NA,NA
"DEE08",NA,NA,NA
"DEE09",NA,NA,NA
"DEE0A",NA,NA,NA
"DEE0B",NA,NA,NA
"DEE0C",NA,NA,NA
"DEE0D",NA,NA,NA
"DEE0E",NA,NA,NA
"DEF",67.29567368,31.94406583,0.66434449
"DEF0",NA,NA,NA
"FR513",NA,NA,NA
"FR514",NA,NA,NA
"FR515",NA,NA,NA
"FR52",90.20484647,9.428899962,0.354694069
"FR521",NA,NA,NA
"FR522",NA,NA,NA
"FR523",NA,NA,NA
"FR524",NA,NA,NA
"FR53",83.36170683,11.46366547,5.14150916
"FR531",NA,NA,NA
"FR532",NA,NA,NA
"FR533",NA,NA,NA
"FR534",NA,NA,NA
"FR6",59.03850154,35.8517103,4.909012658
"FR61",60.30931734,27.51604008,12.12650515
"FR611",NA,NA,NA
"FR612",NA,NA,NA
"FR613",NA,NA,NA
"FR614",NA,NA,NA
"FR615",NA,NA,NA
"FR62",63.2612789,34.45876623,2.246148645
"FR621",NA,NA,NA
"FR622",NA,NA,NA
"FR623",NA,NA,NA
"FR624",NA,NA,NA
"FR625",NA,NA,NA
"FR626",NA,NA,NA
"FR627",NA,NA,NA
"FR628",NA,NA,NA
"FR63",44.76769482,54.59730241,0.577382142
"FR631",NA,NA,NA
"FR632",NA,NA,NA
"FR633",NA,NA,NA
"FR7",40.92667196,54.23837223,3.071827793
"FR71",43.48872839,50.48250065,5.977702169
"FR711",NA,NA,NA
"FR712",NA,NA,NA
"FR713",NA,NA,NA
"FR714",NA,NA,NA
"FR715",NA,NA,NA
"FR716",NA,NA,NA
"FR717",NA,NA,NA
"FR718",NA,NA,NA
"FR72",39.70044016,60.17059632,0.112142196
"FR721",NA,NA,NA
"FR722",NA,NA,NA
"FR723",NA,NA,NA
"FR724",NA,NA,NA
"FR8",25.43622373,54.43652087,20.69744567
"FR81",27.25722321,46.74718502,25.96467432
"FR811",NA,NA,NA
"FR812",NA,NA,NA
"FR813",NA,NA,NA
"FR814",NA,NA,NA
"FR815",NA,NA,NA
"FR82",26.25712255,57.59634926,16.11286361
"FR821",NA,NA,NA
"FR822",NA,NA,NA
"FR823",NA,NA,NA
"FR824",NA,NA,NA
"FR825",NA,NA,NA
"FR826",NA,NA,NA
"FR83",7.937106918,82.97484277,9.081761006
"FR831",NA,NA,NA
"FR832",NA,NA,NA
"FRA",NA,NA,NA
"FRA1",NA,NA,NA
"FRA10",NA,NA,NA
"FRA2",NA,NA,NA
"FRA20",NA,NA,NA
"FRA3",NA,NA,NA
"FRA30",NA,NA,NA
"FRA4",NA,NA,NA
"FRA40",NA,NA,NA
"FRA5",NA,NA,NA
"FRA50",NA,NA,NA
"HR",55.90822301,39.33744908,4.642311609
"HR0",66.74949279,46.96620846,5.542511075
"HR03",6.935946258,85.25309144,7.744640794
"HR031",NA,NA,NA
"HR032",NA,NA,NA
"HR033",NA,NA,NA
"HR034",NA,NA,NA
"HR035",NA,NA,NA
"HR036",NA,NA,NA
"HR037",NA,NA,NA
"HR04",76.64591997,19.89418277,3.328531695
"HR041",NA,NA,NA
"HR042",NA,NA,NA
"HR043",NA,NA,NA
"HR044",NA,NA,NA
"HR045",NA,NA,NA
"HR046",NA,NA,NA
"HR047",NA,NA,NA
"HR048",NA,NA,NA
"HR049",NA,NA,NA
"HR04A",NA,NA,NA
"HR04B",NA,NA,NA
"HR04C",NA,NA,NA
"HR04D",NA,NA,NA
"HR04E",NA,NA,NA
"HU",81.62361592,15.09109807,2.976686453
"ES4",55.27479254,33.73533303,9.272571577
"ES41",63.66207928,35.10710617,1.229303885
"ES411",NA,NA,NA
"ES412",NA,NA,NA
"ES413",NA,NA,NA
"ES414",NA,NA,NA
"ES415",NA,NA,NA
"ES416",NA,NA,NA
"ES417",NA,NA,NA
"ES418",NA,NA,NA
"ES419",NA,NA,NA
"ES42",65.48527983,16.00272875,18.51075557
"ES421",NA,NA,NA
"ES422",NA,NA,NA
"ES423",NA,NA,NA
"ES424",NA,NA,NA
"ES425",NA,NA,NA
"ES43",25.45339985,62.4092498,12.13574504
"ES431",NA,NA,NA
"ES432",NA,NA,NA
"ES5",37.08008776,24.71871666,35.77682507
"ES51",45.12605863,31.78170572,23.08512624
"ES511",NA,NA,NA
"ES512",NA,NA,NA
"ES513",NA,NA,NA
"ES514",NA,NA,NA
"ES52",17.25127401,18.06507252,64.67424539
"ES521",NA,NA,NA
"ES522",NA,NA,NA
"ES523",NA,NA,NA
"ES53",67.55729521,10.43793964,21.99341956
"ES531",NA,NA,NA
"ES532",NA,NA,NA
"ES533",NA,NA,NA
"ES6",35.52164759,24.41060597,38.97213016
"ES61",35.13847562,26.37170977,38.48729686
"ES611",NA,NA,NA
"ES612",NA,NA,NA
"ES613",NA,NA,NA
"ES614",NA,NA,NA
"ES615",NA,NA,NA
"ES616",NA,NA,NA
"ES617",NA,NA,NA
"ES618",NA,NA,NA
"ES62",44.93162348,5.020486351,50.04522961
"ES620",NA,NA,NA
"ES63",0,0,0
"ES630",NA,NA,NA
"ES64",0,0,0
"ES640",NA,NA,NA
"ES7",24.24822831,44.55085233,31.16261253
"ES70",24.24822831,44.55085233,31.16261253
"ES703",NA,NA,NA
"ES704",NA,NA,NA
"ES705",NA,NA,NA
"ES706",NA,NA,NA
"ES707",NA,NA,NA
"ES708",NA,NA,NA
"ES709",NA,NA,NA
"FI",98.47627822,1.358504272,0.165217507
"FI1",97.29412024,1.115195809,0.15145178
"FI19",99.27727517,0.633024937,0.088418463
"FI193",NA,NA,NA
"FI194",NA,NA,NA
"FI195",NA,NA,NA
"FI196",NA,NA,NA
"FI197",NA,NA,NA
"FI1B",98.22734323,1.623088854,0.144028363
"FI1B1",NA,NA,NA
"FI1C",98.58846435,1.29471891,0.116816744
"FI1C1",NA,NA,NA
"FI1C2",NA,NA,NA
"FI1C3",NA,NA,NA
"FI1C4",NA,NA,NA
"FI1C5",NA,NA,NA
"FI1D",98.29913974,1.433258244,0.267602014
"FI1D1",NA,NA,NA
"FI1D2",NA,NA,NA
"FI1D3",NA,NA,NA
"FI1D4",NA,NA,NA
"FI1D5",NA,NA,NA
"FI1D6",NA,NA,NA
"FI1D7",NA,NA,NA
"FI2",70.30590717,28.16455696,1.529535865
"FI20",70.30590717,28.16455696,1.529535865
"FI200",NA,NA,NA
"FR",66.57022152,29.71308351,3.693190523
"FR1",97.05059128,2.641522637,0.302638024
"FR10",97.05059128,2.641522637,0.302638024
"FR101",NA,NA,NA
"FR102",NA,NA,NA
"FR103",NA,NA,NA
"FR104",NA,NA,NA
"FR105",NA,NA,NA
"FR106",NA,NA,NA
"FR107",NA,NA,NA
"FR108",NA,NA,NA
"FR2",76.11995487,22.27270639,1.224916496
"FR21",80.20324115,17.67754231,2.118563867
"FR211",NA,NA,NA
"FR212",NA,NA,NA
"FR213",NA,NA,NA
"FR214",NA,NA,NA
"FR22",88.86618766,10.73658307,0.396469748
"FR221",NA,NA,NA
"FR222",NA,NA,NA
"FR223",NA,NA,NA
"FR23",77.0297496,22.5660012,0.401632696
"FR231",NA,NA,NA
"FR232",NA,NA,NA
"FR24",89.01389981,9.818881328,1.145072973
"FR241",NA,NA,NA
"FR242",NA,NA,NA
"FR243",NA,NA,NA
"FR244",NA,NA,NA
"FR245",NA,NA,NA
"FR246",NA,NA,NA
"FR25",59.84013141,39.62236534,0.524492584
"FR251",NA,NA,NA
"FR252",NA,NA,NA
"FR253",NA,NA,NA
"FR26",58.43540533,39.51246061,2.048123747
"FR261",NA,NA,NA
"FR262",NA,NA,NA
"FR263",NA,NA,NA
"FR264",NA,NA,NA
"FR3",81.18960388,18.65548698,0.152450269
"FR30",81.18960388,18.65548698,0.152450269
"FR301",NA,NA,NA
"FR302",NA,NA,NA
"FR4",58.08640938,40.79893202,1.053044306
"FR41",63.2314171,36.56156555,0.180476671
"FR411",NA,NA,NA
"FR412",NA,NA,NA
"FR413",NA,NA,NA
"FR414",NA,NA,NA
"FR42",71.95353872,22.74496036,5.12302876
"FR421",NA,NA,NA
"FR422",NA,NA,NA
"FR43",42.36109038,57.1835906,0.449347625
"FR431",NA,NA,NA
"FR432",NA,NA,NA
"FR433",NA,NA,NA
"FR434",NA,NA,NA
"FR5",83.51965684,13.79574747,2.538745468
"FR51",78.67904603,19.18976648,2.122108442
"FR511",NA,NA,NA
"FR512",NA,NA,NA
"HU1",81.2015863,14.48426671,3.784144398
"HU10",81.2015863,14.48426671,3.784144398
"HU101",NA,NA,NA
"HU102",NA,NA,NA
"HU2",84.43477862,11.09926761,11.09926761
"HU21",82.61277476,14.76028184,2.347399862
"HU211",NA,NA,NA
"HU212",NA,NA,NA
"HU213",NA,NA,NA
"HU22",85.16096285,12.21912032,2.352458856
"HU221",NA,NA,NA
"HU222",NA,NA,NA
"HU223",NA,NA,NA
"HU23",89.14006505,7.947370745,2.631462758
"HU231",NA,NA,NA
"HU232",NA,NA,NA
"HU233",NA,NA,NA
"HU3",78.61867864,17.52380881,3.214655937
"HU31",75.57731523,19.44592435,4.600150644
"HU311",NA,NA,NA
"HU312",NA,NA,NA
"HU313",NA,NA,NA
"HU32",79.52831295,16.96725155,3.176169448
"HU321",NA,NA,NA
"HU322",NA,NA,NA
"HU323",NA,NA,NA
"HU33",79.91835922,17.23597987,2.594040766
"HU331",NA,NA,NA
"HU332",NA,NA,NA
"HU333",NA,NA,NA
"IE",21.00978939,78.95573098,0.032060007
"IE0",20.87531429,78.45112044,0.031855109
"IE01",26.23311049,85.16996194,0.006608162
"IE011",NA,NA,NA
"ITC2",0.114307487,98.83787388,0.914459897
"ITC20",NA,NA,NA
"ITC3",16.2871685,61.05009376,21.64478971
"ITC31",NA,NA,NA
"ITC32",NA,NA,NA
"ITC33",NA,NA,NA
"ITC34",NA,NA,NA
"ITC4",73.94830428,22.02380952,3.988854194
"ITC41",NA,NA,NA
"ITC42",NA,NA,NA
"ITC43",NA,NA,NA
"ITC44",NA,NA,NA
"ITC46",NA,NA,NA
"ITC47",NA,NA,NA
"ITC48",NA,NA,NA
"ITC49",NA,NA,NA
"ITC4A",NA,NA,NA
"ITC4B",NA,NA,NA
"ITC4C",NA,NA,NA
"ITC4D",NA,NA,NA
"ITF",46.69714575,19.7676087,25.40548905
"ITF1",40.30554508,42.79517163,16.38061109
"ITF11",NA,NA,NA
"ITF12",NA,NA,NA
"ITF13",NA,NA,NA
"ITF14",NA,NA,NA
"ITF2",75.79219288,13.63949483,10.23536165
"ITF21",NA,NA,NA
"ITF22",NA,NA,NA
"ITF3",49.94302554,25.3654224,24.07269155
"ITF31",NA,NA,NA
"ITF32",NA,NA,NA
"ITF33",NA,NA,NA
"ITF34",NA,NA,NA
"ITF35",NA,NA,NA
"ITF4",54.49457173,7.424823138,37.94468739
"ITF43",NA,NA,NA
"ITF44",NA,NA,NA
"ITF45",NA,NA,NA
"ITF46",NA,NA,NA
"ITF47",NA,NA,NA
"ITF48",NA,NA,NA
"ITF5",61.93590987,29.04896519,8.814972247
"ITF51",NA,NA,NA
"ITF52",NA,NA,NA
"ITF6",31.48274478,27.98756019,40.32303371
"ITF61",NA,NA,NA
"ITF62",NA,NA,NA
"ITF63",NA,NA,NA
"ITF64",NA,NA,NA
"ITF65",NA,NA,NA
"ITG",41.44246245,40.15173874,15.13924469
"ITG1",50.55915422,24.58242529,24.7558649
"ITG11",NA,NA,NA
"ITG12",NA,NA,NA
"ITG13",NA,NA,NA
"ITG14",NA,NA,NA
"ITG15",NA,NA,NA
"ITG16",NA,NA,NA
"ITG17",NA,NA,NA
"ITG18",NA,NA,NA
"ITG19",NA,NA,NA
"ITG2",33.72908844,61.20101539,4.97382199
"ITG25",NA,NA,NA
"ITG26",NA,NA,NA
"ITG27",NA,NA,NA
"ITG28",NA,NA,NA
"ITG29",NA,NA,NA
"ITG2A",NA,NA,NA
"ITG2B",NA,NA,NA
"ITG2C",NA,NA,NA
"ITH",61.50615935,23.38370047,12.12411756
"ITH1",0.781044318,89.77621764,9.363756033
"ITH10",NA,NA,NA
"ITH2",1.60566167,83.1595769,15.15105395
"ITH20",NA,NA,NA
"ITH3",68.47346939,17.07880691,14.28194662
"ITH31",NA,NA,NA
"ITH32",NA,NA,NA
"ITH33",NA,NA,NA
"ITH34",NA,NA,NA
"ITH35",NA,NA,NA
"ITH36",NA,NA,NA
"ITH37",NA,NA,NA
"ITH4",75.11959456,13.1861886,11.54738787
"ITH41",NA,NA,NA
"ITH42",NA,NA,NA
"ITH43",NA,NA,NA
"ITH44",NA,NA,NA
"ITH5",78.56431575,9.696911104,11.63435974
"ITH51",NA,NA,NA
"ITH52",NA,NA,NA
"ITH53",NA,NA,NA
"ITH54",NA,NA,NA
"ITH55",NA,NA,NA
"ITH56",NA,NA,NA
"ITH57",NA,NA,NA
"ITH58",NA,NA,NA
"ITH59",NA,NA,NA
"ITI",59.32516597,17.23495996,14.53927406
"ITI1",65.04758874,11.9261145,22.79486215
"ITI11",NA,NA,NA
"ITI12",NA,NA,NA
"ITI13",NA,NA,NA
"ITI14",NA,NA,NA
"ITI15",NA,NA,NA
"ITI16",NA,NA,NA
"ITI17",NA,NA,NA
"ITI18",NA,NA,NA
"ITI19",NA,NA,NA
"ITI1A",NA,NA,NA
"ITI2",66.58333333,20.36333333,12.81333333
"ITI21",NA,NA,NA
"ITI22",NA,NA,NA
"ITI3",80.92042836,12.72649225,6.054855181
"ITI31",NA,NA,NA
"ITI32",NA,NA,NA
"ITI33",NA,NA,NA
"ITI34",NA,NA,NA
"ITI35",NA,NA,NA
"ITI4",51.54777216,31.33599958,16.88190419
"ITI41",NA,NA,NA
"ITI42",NA,NA,NA
"ITI43",NA,NA,NA
"ITI44",NA,NA,NA
"ITI45",NA,NA,NA
"LI",NA,NA,NA
"LI0",NA,NA,NA
"LI00",NA,NA,NA
"LI000",NA,NA,NA
"LT",79.60961118,19.57536042,0.815028397
"LT0",79.60961118,19.57536042,0.815028397
"LT00",79.60961118,19.57536042,0.815028397
"LT001",NA,NA,NA
"LT002",NA,NA,NA
"LT003",NA,NA,NA
"LT004",NA,NA,NA
"LT005",NA,NA,NA
"LT006",NA,NA,NA
"LT007",NA,NA,NA
"LT008",NA,NA,NA
"LT009",NA,NA,NA
"LT00A",NA,NA,NA
"LU",47.77167277,51.05311355,1.167582418
"LU0",47.77167277,51.05311355,1.167582418
"LU00",47.77167277,51.05311355,1.167582418
"LU000",NA,NA,NA
"LV",64.12777198,34.84332062,0.352555227
"LV0",64.12777198,34.84332062,0.352555227
"LV00",64.12777198,34.84332062,0.352555227
"LV003",NA,NA,NA
"LV005",NA,NA,NA
"LV006",NA,NA,NA
"LV007",NA,NA,NA
"LV008",NA,NA,NA
"LV009",NA,NA,NA
"ME",NA,NA,NA
"ME0",NA,NA,NA
"ME00",NA,NA,NA
"ME000",NA,NA,NA
"MK",NA,NA,NA
"MK0",NA,NA,NA
"MK00",NA,NA,NA
"MK001",NA,NA,NA
"MK002",NA,NA,NA
"MK003",NA,NA,NA
"MK004",NA,NA,NA
"MK005",NA,NA,NA
"MK006",NA,NA,NA
"MK007",NA,NA,NA
"MK008",NA,NA,NA
"MT",78.76838235,0,11.58088235
"MT0",78.76838235,0,11.58088235
"MT00",78.76838235,0,11.58088235
"MT001",NA,NA,NA
"MT002",NA,NA,NA
"NL",56.17432628,41.8436108,1.981521674
"NL1",48.86827664,50.64762292,0.192162007
"NL11",66.58689249,33.19833088,0.214776632
"NL111",NA,NA,NA
"NL112",NA,NA,NA
"NL113",NA,NA,NA
"NL12",24.56279809,75.3930401,0.044161809
"NL121",NA,NA,NA
"NL122",NA,NA,NA
"NL123",NA,NA,NA
"NL13",66.8020237,32.81187592,0.392757289
"NL131",NA,NA,NA
"NL132",NA,NA,NA
"NL133",NA,NA,NA
"NL2",47.80525531,48.20892989,2.03157716
"NL21",40.13485634,59.32169275,0.543450913
"NL211",NA,NA,NA
"NL212",NA,NA,NA
"NL213",NA,NA,NA
"NL22",39.60161762,56.98674927,3.41163311
"NL221",NA,NA,NA
"NL224",NA,NA,NA
"NL225",NA,NA,NA
"NL226",NA,NA,NA
"IE012",NA,NA,NA
"IE013",NA,NA,NA
"IE02",26.23311049,73.71074608,0.053540754
"IE021",NA,NA,NA
"IE022",NA,NA,NA
"IE023",NA,NA,NA
"IE024",NA,NA,NA
"IE025",NA,NA,NA
"IS",NA,NA,NA
"IS0",NA,NA,NA
"IS00",NA,NA,NA
"IS001",NA,NA,NA
"IS002",NA,NA,NA
"IT",55.61138253,27.41102696,16.79749134
"ITC",56.98167373,30.41216219,6.020534194
"ITC1",53.41879441,37.94513905,8.528537393
"ITC11",NA,NA,NA
"ITC12",NA,NA,NA
"ITC13",NA,NA,NA
"ITC14",NA,NA,NA
"ITC15",NA,NA,NA
"ITC16",NA,NA,NA
"ITC17",NA,NA,NA
"ITC18",NA,NA,NA
"PL428",NA,NA,NA
"PL43",73.76114427,23.97496919,2.116504385
"PL431",NA,NA,NA
"PL432",NA,NA,NA
"PL5",86.95551028,13.14741317,0.688741162
"PL51",83.14099678,15.8235701,0.89488652
"PL514",NA,NA,NA
"PL515",NA,NA,NA
"PL516",NA,NA,NA
"PL517",NA,NA,NA
"PL518",NA,NA,NA
"PL52",91.42210023,8.136432561,0.310946467
"PL523",NA,NA,NA
"PL524",NA,NA,NA
"PL6",77.47033468,21.25357724,1.120216445
"PL61",88.56398072,10.17593136,1.119650638
"PL613",NA,NA,NA
"PL616",NA,NA,NA
"PL617",NA,NA,NA
"PL618",NA,NA,NA
"PL619",NA,NA,NA
"PL62",64.07307817,34.42130557,1.413124321
"PL621",NA,NA,NA
"PL622",NA,NA,NA
"PL623",NA,NA,NA
"PL63",81.08134142,18.1384084,0.700436225
"PL633",NA,NA,NA
"PL634",NA,NA,NA
"PL636",NA,NA,NA
"PL637",NA,NA,NA
"PL638",NA,NA,NA
"PT",30.23020164,49.88425386,19.46292691
"PT1",30.52584331,48.48954496,19.88278835
"PT11",29.01130511,35.37681137,34.58962899
"PT111",NA,NA,NA
"PT112",NA,NA,NA
"PT119",NA,NA,NA
"PT11A",NA,NA,NA
"PT11B",NA,NA,NA
"PT11C",NA,NA,NA
"PT11D",NA,NA,NA
"PT11E",NA,NA,NA
"PT15",27.11699013,21.82587011,50.5692291
"PT150",NA,NA,NA
"PT16",34.60807856,37.819433,26.60298914
"PT16B",NA,NA,NA
"PT16D",NA,NA,NA
"PT16E",NA,NA,NA
"PT16F",NA,NA,NA
"PT16G",NA,NA,NA
"PT16H",NA,NA,NA
"PT16I",NA,NA,NA
"PT16J",NA,NA,NA
"PT17",46.83340056,35.3906145,17.46672045
"PT170",NA,NA,NA
"PT18",29.85171278,57.36800667,12.69828699
"PT181",NA,NA,NA
"PT184",NA,NA,NA
"PT185",NA,NA,NA
"PT186",NA,NA,NA
"PT187",NA,NA,NA
"PT2",14.62180622,82.98338814,1.745509739
"PT20",14.62180622,82.98338814,1.745509739
"PT200",NA,NA,NA
"PT3",42.01520913,9.885931559,45.43726236
"PT30",42.01520913,9.885931559,45.43726236
"PT300",NA,NA,NA
"RO",62.78863498,33.68872957,2.316739239
"RO1",40.49725815,58.06458185,1.615128477
"RO11",46.36099552,50.14244215,2.308235848
"RO111",NA,NA,NA
"RO112",NA,NA,NA
"RO113",NA,NA,NA
"RO114",NA,NA,NA
"RO115",NA,NA,NA
"RO116",NA,NA,NA
"RO12",33.33195591,64.98031275,0.845931794
"RO121",NA,NA,NA
"RO122",NA,NA,NA
"RO123",NA,NA,NA
"RO124",NA,NA,NA
"RO125",NA,NA,NA
"RO126",NA,NA,NA
"RO2",68.60102599,24.79411203,2.591346538
"RO21",62.1569579,33.71104962,2.104714312
"RO211",NA,NA,NA
"RO212",NA,NA,NA
"RO213",NA,NA,NA
"RO214",NA,NA,NA
"RO215",NA,NA,NA
"RO216",NA,NA,NA
"RO22",78.00716846,17.78303465,3.171804062
"RO221",NA,NA,NA
"RO222",NA,NA,NA
"RO223",NA,NA,NA
"RO224",NA,NA,NA
"RO225",NA,NA,NA
"RO226",NA,NA,NA
"RO3",77.99034276,15.33931798,2.53825961
"RO31",79.96268242,16.13052267,2.653102024
"RO311",NA,NA,NA
"RO312",NA,NA,NA
"RO313",NA,NA,NA
"RO314",NA,NA,NA
"RO315",NA,NA,NA
"RO316",NA,NA,NA
"RO317",NA,NA,NA
"RO32",91.08111685,5.901812889,1.455604076
"RO321",NA,NA,NA
"RO322",NA,NA,NA
"RO4",62.91297136,30.26480469,2.365995772
"RO41",72.4221827,23.01422945,3.567526363
"RO411",NA,NA,NA
"NL23",92.12189616,5.891647856,1.986455982
"NL230",NA,NA,NA
"NL3",55.243604,41.14126808,2.244716352
"NL31",18.53575306,78.39305103,3.071195905
"NL310",NA,NA,NA
"NL32",57.90378007,41.17463293,0.921587004
"NL321",NA,NA,NA
"NL322",NA,NA,NA
"NL323",NA,NA,NA
"NL324",NA,NA,NA
"NL325",NA,NA,NA
"NL326",NA,NA,NA
"NL327",NA,NA,NA
"NL33",45.8488806,52.48756219,1.671330846
"NL332",NA,NA,NA
"NL333",NA,NA,NA
"NL337",NA,NA,NA
"NL338",NA,NA,NA
"NL339",NA,NA,NA
"NL33A",NA,NA,NA
"NL34",84.50646587,11.58127353,3.912260599
"NL341",NA,NA,NA
"NL342",NA,NA,NA
"NL4",77.2802276,16.6401138,4.187766714
"NL41",79.02794654,17.05548805,3.920615634
"NL411",NA,NA,NA
"NL412",NA,NA,NA
"NL413",NA,NA,NA
"NL414",NA,NA,NA
"NL42",78.12946702,16.72452522,5.14600776
"NL421",NA,NA,NA
"NL422",NA,NA,NA
"NL423",NA,NA,NA
"NO",NA,NA,NA
"NO0",NA,NA,NA
"NO01",NA,NA,NA
"NO011",NA,NA,NA
"NO012",NA,NA,NA
"NO02",NA,NA,NA
"NO021",NA,NA,NA
"NO022",NA,NA,NA
"NO03",NA,NA,NA
"NO031",NA,NA,NA
"NO032",NA,NA,NA
"NO033",NA,NA,NA
"NO034",NA,NA,NA
"NO04",NA,NA,NA
"NO041",NA,NA,NA
"NO042",NA,NA,NA
"NO043",NA,NA,NA
"NO05",NA,NA,NA
"NO051",NA,NA,NA
"NO052",NA,NA,NA
"NO053",NA,NA,NA
"NO06",NA,NA,NA
"NO061",NA,NA,NA
"NO062",NA,NA,NA
"NO07",NA,NA,NA
"NO071",NA,NA,NA
"NO072",NA,NA,NA
"NO073",NA,NA,NA
"PL",74.66805738,22.2507906,2.860192354
"PL1",71.09228648,23.79425829,5.584827265
"PL11",79.95662949,15.70322181,4.130524577
"PL113",NA,NA,NA
"PL114",NA,NA,NA
"PL115",NA,NA,NA
"PL116",NA,NA,NA
"PL117",NA,NA,NA
"PL12",65.68647135,27.79583575,6.290325206
"PL127",NA,NA,NA
"PL128",NA,NA,NA
"PL129",NA,NA,NA
"PL12A",NA,NA,NA
"PL12B",NA,NA,NA
"PL12C",NA,NA,NA
"PL12D",NA,NA,NA
"PL12E",NA,NA,NA
"PL2",61.69580818,33.41318793,2.069354262
"PL21",55.43190347,40.97012729,2.906335075
"PL213",NA,NA,NA
"PL214",NA,NA,NA
"PL217",NA,NA,NA
"PL218",NA,NA,NA
"PL219",NA,NA,NA
"PL21A",NA,NA,NA
"PL22",74.88186114,23.91018651,0.919945195
"PL224",NA,NA,NA
"PL225",NA,NA,NA
"PL227",NA,NA,NA
"PL228",NA,NA,NA
"PL229",NA,NA,NA
"PL22A",NA,NA,NA
"PL22B",NA,NA,NA
"PL22C",NA,NA,NA
"PL3",68.67677354,27.29752298,4.052574249
"PL31",77.16448787,16.40403774,6.038998195
"PL311",NA,NA,NA
"PL312",NA,NA,NA
"PL314",NA,NA,NA
"PL315",NA,NA,NA
"PL32",59.71811411,37.13160614,2.335982324
"PL323",NA,NA,NA
"PL324",NA,NA,NA
"PL325",NA,NA,NA
"PL326",NA,NA,NA
"PL33",70.22809124,21.42348465,8.026939589
"PL331",NA,NA,NA
"PL332",NA,NA,NA
"PL34",60.89153327,38.48326014,0.508098409
"PL343",NA,NA,NA
"PL344",NA,NA,NA
"PL345",NA,NA,NA
"PL4",79.46486488,16.59274479,1.829442968
"PL41",83.99440498,14.75019733,1.14976552
"PL411",NA,NA,NA
"PL414",NA,NA,NA
"PL415",NA,NA,NA
"PL416",NA,NA,NA
"PL417",NA,NA,NA
"PL418",NA,NA,NA
"PL42",78.76100921,17.94248394,3.216656536
"PL424",NA,NA,NA
"PL426",NA,NA,NA
"PL427",NA,NA,NA
"RO412",NA,NA,NA
"RO413",NA,NA,NA
"RO414",NA,NA,NA
"RO415",NA,NA,NA
"RO42",58.30633713,39.34165666,1.386816147
"RO421",NA,NA,NA
"RO422",NA,NA,NA
"RO423",NA,NA,NA
"RO424",NA,NA,NA
"SE",85.05790666,14.77805739,0.163706554
"SE1",87.76760484,11.3733469,0.161636713
"SE11",88.05434783,11.72826087,0.22826087
"SE110",NA,NA,NA
"SE12",88.42481342,11.42134239,0.155115637
"SE121",NA,NA,NA
"SE122",NA,NA,NA
"SE123",NA,NA,NA
"SE124",NA,NA,NA
"SE125",NA,NA,NA
"SE2",81.20928649,17.88753389,0.187795631
"SE21",68.15470272,31.80950487,0.037780871
"SE211",NA,NA,NA
"SE212",NA,NA,NA
"SE213",NA,NA,NA
"SE214",NA,NA,NA
"SI04",NA,NA,NA
"SI041",NA,NA,NA
"SI042",NA,NA,NA
"SI043",NA,NA,NA
"SI044",NA,NA,NA
"SK",71.69819258,27.2579551,0.994946388
"SK0",71.92930625,27.34581905,0.998681087
"SK01",89.47100712,6.866734486,3.662258393
"SK010",NA,NA,NA
"SK02",91.01652822,7.579001456,1.353087266
"SK021",NA,NA,NA
"SK022",NA,NA,NA
"SK023",NA,NA,NA
"SK03",46.25971572,53.26362348,0.416541418
"SK031",NA,NA,NA
"SK032",NA,NA,NA
"SK04",61.80534973,37.58891523,0.564982217
"SK041",NA,NA,NA
"SK042",NA,NA,NA
"TR",NA,NA,NA
"TR1",NA,NA,NA
"TR10",NA,NA,NA
"TR100",NA,NA,NA
"TR2",NA,NA,NA
"TR21",NA,NA,NA
"TR211",NA,NA,NA
"TR212",NA,NA,NA
"TR213",NA,NA,NA
"TR22",NA,NA,NA
"TR221",NA,NA,NA
"TR222",NA,NA,NA
"TR3",NA,NA,NA
"TR31",NA,NA,NA
"TR310",NA,NA,NA
"TR32",NA,NA,NA
"TR321",NA,NA,NA
"TR322",NA,NA,NA
"TR323",NA,NA,NA
"TR33",NA,NA,NA
"TR331",NA,NA,NA
"TR332",NA,NA,NA
"TR333",NA,NA,NA
"TR334",NA,NA,NA
"TR4",NA,NA,NA
"TR41",NA,NA,NA
"TR411",NA,NA,NA
"TR412",NA,NA,NA
"TR413",NA,NA,NA
"TR42",NA,NA,NA
"TR421",NA,NA,NA
"TR422",NA,NA,NA
"TR423",NA,NA,NA
"TR424",NA,NA,NA
"TR425",NA,NA,NA
"TR5",NA,NA,NA
"TR51",NA,NA,NA
"TR510",NA,NA,NA
"TR52",NA,NA,NA
"TR521",NA,NA,NA
"TR522",NA,NA,NA
"TR6",NA,NA,NA
"TR61",NA,NA,NA
"TR611",NA,NA,NA
"TR612",NA,NA,NA
"TR613",NA,NA,NA
"TR62",NA,NA,NA
"TR621",NA,NA,NA
"TR622",NA,NA,NA
"TR63",NA,NA,NA
"TR631",NA,NA,NA
"TR632",NA,NA,NA
"TR633",NA,NA,NA
"TR7",NA,NA,NA
"TR71",NA,NA,NA
"TR711",NA,NA,NA
"TR712",NA,NA,NA
"TR713",NA,NA,NA
"TR714",NA,NA,NA
"TR715",NA,NA,NA
"TR72",NA,NA,NA
"TR721",NA,NA,NA
"TR722",NA,NA,NA
"TR723",NA,NA,NA
"TR8",NA,NA,NA
"TR81",NA,NA,NA
"TR811",NA,NA,NA
"TR812",NA,NA,NA
"TR813",NA,NA,NA
"TR82",NA,NA,NA
"TR821",NA,NA,NA
"TR822",NA,NA,NA
"TR823",NA,NA,NA
"TR83",NA,NA,NA
"TR831",NA,NA,NA
"TR832",NA,NA,NA
"TR833",NA,NA,NA
"TR834",NA,NA,NA
"TR9",NA,NA,NA
"TR90",NA,NA,NA
"TR901",NA,NA,NA
"TR902",NA,NA,NA
"TR903",NA,NA,NA
"TR904",NA,NA,NA
"TR905",NA,NA,NA
"TR906",NA,NA,NA
"TRA",NA,NA,NA
"TRA1",NA,NA,NA
"TRA11",NA,NA,NA
"TRA12",NA,NA,NA
"TRA13",NA,NA,NA
"TRA2",NA,NA,NA
"TRA21",NA,NA,NA
"TRA22",NA,NA,NA
"TRA23",NA,NA,NA
"TRA24",NA,NA,NA
"TRB",NA,NA,NA
"TRB1",NA,NA,NA
"TRB11",NA,NA,NA
"TRB12",NA,NA,NA
"TRB13",NA,NA,NA
"TRB14",NA,NA,NA
"TRB2",NA,NA,NA
"TRB21",NA,NA,NA
"TRB22",NA,NA,NA
"TRB23",NA,NA,NA
"TRB24",NA,NA,NA
"TRC",NA,NA,NA
"TRC1",NA,NA,NA
"TRC11",NA,NA,NA
"TRC12",NA,NA,NA
"TRC13",NA,NA,NA
"TRC2",NA,NA,NA
"TRC21",NA,NA,NA
"TRC22",NA,NA,NA
"TRC3",NA,NA,NA
"TRC31",NA,NA,NA
"TRC32",NA,NA,NA
"TRC33",NA,NA,NA
"TRC34",NA,NA,NA
"UK",36.66768639,63.12244204,0.20770734
"UKC",33.18085197,69.06385511,0.013604285
"UKC1",33.13654908,66.85385169,0.009599232
"UKC11",NA,NA,NA
"UKC12",NA,NA,NA
"UKC13",NA,NA,NA
"UKC14",NA,NA,NA
"SE22",87.06644029,12.44286061,0.490699106
"SE221",NA,NA,NA
"SE224",NA,NA,NA
"SE23",87.9724928,11.96777553,0.058200086
"SE231",NA,NA,NA
"SE232",NA,NA,NA
"SE3",88.3570965,9.053032682,0.071184808
"SE31",90.44718642,9.529236089,0.019647909
"SE311",NA,NA,NA
"SE312",NA,NA,NA
"SE313",NA,NA,NA
"SE32",85.45715653,14.44710388,0.095739588
"SE321",NA,NA,NA
"SE322",NA,NA,NA
"SE33",96.16610424,3.655793026,0.178102737
"SE331",NA,NA,NA
"SE332",NA,NA,NA
"SI",0,58.62565876,5.615942029
"SI0",35.7788091,59.00219616,5.652011768
"SI03",NA,NA,NA
"SI031",NA,NA,NA
"SI032",NA,NA,NA
"SI033",NA,NA,NA
"SI034",NA,NA,NA
"SI035",NA,NA,NA
"SI036",NA,NA,NA
"SI037",NA,NA,NA
"SI038",NA,NA,NA
"UKM31",NA,NA,NA
"UKM62",NA,NA,NA
"UKM63",NA,NA,NA
"UKM61",NA,NA,NA
"UKM2",35.40948656,64.49994389,0.090569546
"UKM3",19.49545307,80.47197936,0.032567578
"UKM5",53.99669988,45.9928567,0
"UKM6",6.222770629,93.77578196,0.001447408
"UKC2",32.08305766,67.90167439,0.015267953
"UKC21",NA,NA,NA
"UKC22",NA,NA,NA
"UKC23",NA,NA,NA
"UKD",22.48078587,80.22802463,0.054970224
"UKD1",14.09351295,85.88196135,0.022773856
"UKD11",NA,NA,NA
"UKD12",NA,NA,NA
"UKD3",21.62671694,78.21168866,0.134661998
"UKD33",NA,NA,NA
"UKD34",NA,NA,NA
"UKD35",NA,NA,NA
"UKD36",NA,NA,NA
"UKD37",NA,NA,NA
"UKD4",20.18562546,79.77322604,0.0411485
"UKD41",NA,NA,NA
"UKD42",NA,NA,NA
"UKD44",NA,NA,NA
"UKD45",NA,NA,NA
"UKD46",NA,NA,NA
"UKD47",NA,NA,NA
"UKD6",45.70499448,54.15388391,0.128850166
"UKD61",NA,NA,NA
"UKD62",NA,NA,NA
"UKD63",NA,NA,NA
"UKD7",69.01408451,30.68410463,0.301810865
"UKD71",NA,NA,NA
"UKD72",NA,NA,NA
"UKD73",NA,NA,NA
"UKD74",NA,NA,NA
"UKE",54.18882563,48.0850189,0.045584147
"UKE1",88.65416478,11.29688206,0.041421901
"UKE11",NA,NA,NA
"UKE12",NA,NA,NA
"UKE13",NA,NA,NA
"UKE2",41.54958022,58.40714348,0.040391218
"UKE21",NA,NA,NA
"UKE22",NA,NA,NA
"UKE3",61.55550086,38.38296825,0.049224711
"UKE31",NA,NA,NA
"UKE32",NA,NA,NA
"UKE4",31.2941401,68.61996564,0.076350449
"UKE41",NA,NA,NA
"UKE42",NA,NA,NA
"UKE44",NA,NA,NA
"UKE45",NA,NA,NA
"UKF",71.93240718,28.11607489,0.108423539
"UKF1",51.80539236,48.11203912,0.079392804
"UKF11",NA,NA,NA
"UKF12",NA,NA,NA
"UKF13",NA,NA,NA
"UKF14",NA,NA,NA
"UKF15",NA,NA,NA
"UKF16",NA,NA,NA
"UKF2",66.55322739,33.26395725,0.180002813
"UKF21",NA,NA,NA
"UKF22",NA,NA,NA
"UKF24",NA,NA,NA
"UKF25",NA,NA,NA
"UKF3",89.36284402,10.55987291,0.072989567
"UKF30",NA,NA,NA
"UKG",55.07102257,47.71902862,0.928887031
"UKG1",56.91767229,41.32582065,1.749663526
"UKG11",NA,NA,NA
"UKG12",NA,NA,NA
"UKG13",NA,NA,NA
"UKG2",49.40046416,50.48994327,0.105294826
"UKG21",NA,NA,NA
"UKG22",NA,NA,NA
"UKG23",NA,NA,NA
"UKG24",NA,NA,NA
"UKG3",56.07344633,43.50282486,0.423728814
"UKG31",NA,NA,NA
"UKG32",NA,NA,NA
"UKG33",NA,NA,NA
"UKG36",NA,NA,NA
"UKG37",NA,NA,NA
"UKG38",NA,NA,NA
"UKG39",NA,NA,NA
"UKH",82.90983167,16.28298795,0.331602567
"UKH1",83.90616476,15.713061,0.375207366
"UKH11",NA,NA,NA
"UKH12",NA,NA,NA
"UKH14",NA,NA,NA
"UKH15",NA,NA,NA
"UKH16",NA,NA,NA
"UKH17",NA,NA,NA
"UKH2",79.5757247,20.30374254,0.114506117
"UKH21",NA,NA,NA
"UKH23",NA,NA,NA
"UKH24",NA,NA,NA
"UKH25",NA,NA,NA
"UKH3",83.62061646,16.0482296,0.326908381
"UKH31",NA,NA,NA
"UKH32",NA,NA,NA
"UKH34",NA,NA,NA
"UKH35",NA,NA,NA
"UKH36",NA,NA,NA
"UKH37",NA,NA,NA
"UKI",47.64862467,53.32741792,0.354924579
"UKI3",NA,NA,NA
"UKI31",NA,NA,NA
"UKI32",NA,NA,NA
"UKI33",NA,NA,NA
"UKI34",NA,NA,NA
"UKI4",NA,NA,NA
"UKI41",NA,NA,NA
"UKI42",NA,NA,NA
"UKI43",NA,NA,NA
"UKI44",NA,NA,NA
"UKI45",NA,NA,NA
"UKI5",NA,NA,NA
"UKI51",NA,NA,NA
"UKI52",NA,NA,NA
"UKI53",NA,NA,NA
"UKI54",NA,NA,NA
"UKI6",NA,NA,NA
"UKI61",NA,NA,NA
"UKI62",NA,NA,NA
"UKI63",NA,NA,NA
"UKI7",NA,NA,NA
"UKI71",NA,NA,NA
"UKI72",NA,NA,NA
"UKI73",NA,NA,NA
"UKI74",NA,NA,NA
"UKI75",NA,NA,NA
"UKJ",58.11799531,42.16591578,1.168224299
"UKJ1",65.08533651,34.74039446,0.168736688
"UKJ11",NA,NA,NA
"UKJ12",NA,NA,NA
"UKJ13",NA,NA,NA
"UKJ14",NA,NA,NA
"UKJ2",40.12973288,59.25804453,0.608578405
"UKJ21",NA,NA,NA
"UKJ22",NA,NA,NA
"UKJ25",NA,NA,NA
"UKJ26",NA,NA,NA
"UKJ27",NA,NA,NA
"UKJ28",NA,NA,NA
"UKJ3",60.58475663,39.07199868,0.33497374
"UKJ31",NA,NA,NA
"UKJ32",NA,NA,NA
"UKJ34",NA,NA,NA
"UKJ35",NA,NA,NA
"UKJ36",NA,NA,NA
"UKJ37",NA,NA,NA
"UKJ4",62.40987701,33.12756232,4.457848358
"UKJ41",NA,NA,NA
"UKJ43",NA,NA,NA
"UKJ44",NA,NA,NA
"UKJ45",NA,NA,NA
"UKJ46",NA,NA,NA
"UKK",45.05455764,58.99103035,0.24273528
"UKK1",55.71627777,44.03830064,0.241703077
"UKK11",NA,NA,NA
"UKK12",NA,NA,NA
"UKK13",NA,NA,NA
"UKK14",NA,NA,NA
"UKK15",NA,NA,NA
"UKK2",44.98926117,54.65206186,0.354381443
"UKK21",NA,NA,NA
"UKK22",NA,NA,NA
"UKK23",NA,NA,NA
"UKK3",40.44894846,59.44208347,0.101703534
"UKK30",NA,NA,NA
"UKK4",30.25294789,69.55876759,0.184480791
"UKK41",NA,NA,NA
"UKK42",NA,NA,NA
"UKK43",NA,NA,NA
"UKL",14.18935392,94.90826118,0.022504923
"UKL1",12.34506965,87.63299331,0.021937041
"UKL11",NA,NA,NA
"UKL12",NA,NA,NA
"UKL13",NA,NA,NA
"UKL14",NA,NA,NA
"UKL15",NA,NA,NA
"UKL16",NA,NA,NA
"UKL17",NA,NA,NA
"UKL18",NA,NA,NA
"UKL2",14.10897928,85.87260169,0.018419033
"UKL21",NA,NA,NA
"UKL22",NA,NA,NA
"UKL23",NA,NA,NA
"UKL24",NA,NA,NA
"UKM",18.90622299,78.33321685,0.026301559
"UKM21",NA,NA,NA
"UKM22",NA,NA,NA
"UKM23",NA,NA,NA
"UKM24",NA,NA,NA
"UKM25",NA,NA,NA
"UKM26",NA,NA,NA
"UKM27",NA,NA,NA
"UKM28",NA,NA,NA
"UKM32",NA,NA,NA
"UKM33",NA,NA,NA
"UKM34",NA,NA,NA
"UKM35",NA,NA,NA
"UKM36",NA,NA,NA
"UKM37",NA,NA,NA
"UKM38",NA,NA,NA
"UKM50",NA,NA,NA
"UKM64",NA,NA,NA
"UKM65",NA,NA,NA
"UKM66",NA,NA,NA
"UKN",18.7709102,81.04173438,0.187355421
"UKN0",18.7709102,81.04173438,0.187355421
"UKN01",NA,NA,NA
"UKN02",NA,NA,NA
"UKN03",NA,NA,NA
"UKN04",NA,NA,NA
"UKN05",NA,NA,NA
"BE324",NA,NA,NA
