geo,level,type
BE,NUTS0,
BE1,NUTS1,
BE10,NUTS2,
BE100,NUTS3,Predominantly urban
BE2,NUTS1,
BE21,NUTS2,
BE211,NUTS3,Predominantly urban
BE212,NUTS3,Predominantly urban
BE213,NUTS3,Intermediate
BE22,NUTS2,
BE221,NUTS3,Predominantly urban
BE222,NUTS3,Intermediate
BE223,NUTS3,Intermediate
BE23,NUTS2,
BE231,NUTS3,Predominantly urban
BE232,NUTS3,Predominantly urban
BE233,NUTS3,Intermediate
BE234,NUTS3,Intermediate
BE235,NUTS3,Intermediate
BE236,NUTS3,Predominantly urban
BE24,NUTS2,
BE241,NUTS3,Predominantly urban
BE242,NUTS3,Intermediate
BE25,NUTS2,
BE251,NUTS3,Intermediate
BE252,NUTS3,Intermediate
BE253,NUTS3,Intermediate
BE254,NUTS3,Predominantly urban
BE255,NUTS3,Intermediate
BE256,NUTS3,Intermediate
BE257,NUTS3,Intermediate
BE258,NUTS3,Intermediate
BE3,NUTS1,
BE31,NUTS2,
BE310,NUTS3,Intermediate
BE32,NUTS2,
BE321,NUTS3,Predominantly rural
BE322,NUTS3,Predominantly urban
BE323,NUTS3,Predominantly urban
BE324,NUTS3,Predominantly urban
BE325,NUTS3,Intermediate
BE326,NUTS3,Intermediate
BE327,NUTS3,Predominantly rural
BE33,NUTS2,
BE331,NUTS3,Predominantly rural
BE332,NUTS3,Predominantly urban
BE334,NUTS3,Predominantly rural
BE335,NUTS3,Intermediate
BE336,NUTS3,Predominantly rural
BE34,NUTS2,
BE341,NUTS3,Predominantly rural
BE342,NUTS3,Predominantly rural
BE343,NUTS3,Predominantly rural
BE344,NUTS3,Predominantly rural
BE345,NUTS3,Predominantly rural
BE35,NUTS2,
BE351,NUTS3,Predominantly rural
BE352,NUTS3,Intermediate
BE353,NUTS3,Predominantly rural
BG,NUTS0,
BG3,NUTS1,
BG31,NUTS2,
BG311,NUTS3,Predominantly rural
BG312,NUTS3,Intermediate
BG313,NUTS3,Intermediate
BG314,NUTS3,Intermediate
BG315,NUTS3,Intermediate
BG32,NUTS2,
BG321,NUTS3,Intermediate
BG322,NUTS3,Intermediate
BG323,NUTS3,Intermediate
BG324,NUTS3,Predominantly rural
BG325,NUTS3,Predominantly rural
BG33,NUTS2,
BG331,NUTS3,Intermediate
BG332,NUTS3,Intermediate
BG333,NUTS3,Intermediate
BG334,NUTS3,Predominantly rural
BG34,NUTS2,
BG341,NUTS3,Intermediate
BG342,NUTS3,Intermediate
BG343,NUTS3,Intermediate
BG344,NUTS3,Intermediate
BG4,NUTS1,
BG41,NUTS2,
BG411,NUTS3,Predominantly urban
BG412,NUTS3,Predominantly rural
BG413,NUTS3,Intermediate
BG414,NUTS3,Intermediate
BG415,NUTS3,Intermediate
BG42,NUTS2,
BG421,NUTS3,Intermediate
BG422,NUTS3,Intermediate
BG423,NUTS3,Intermediate
BG424,NUTS3,Predominantly rural
BG425,NUTS3,Predominantly rural
CZ,NUTS0,
CZ0,NUTS1,
CZ01,NUTS2,
CZ010,NUTS3,Predominantly urban
CZ02,NUTS2,
CZ020,NUTS3,Predominantly urban
CZ03,NUTS2,
CZ031,NUTS3,Predominantly rural
CZ032,NUTS3,Predominantly rural
CZ04,NUTS2,
CZ041,NUTS3,Intermediate
CZ042,NUTS3,Intermediate
CZ05,NUTS2,
CZ051,NUTS3,Intermediate
CZ052,NUTS3,Intermediate
CZ053,NUTS3,Predominantly rural
CZ06,NUTS2,
CZ063,NUTS3,Predominantly rural
CZ064,NUTS3,Intermediate
CZ07,NUTS2,
CZ071,NUTS3,Intermediate
CZ072,NUTS3,Intermediate
CZ08,NUTS2,
CZ080,NUTS3,Intermediate
DK,NUTS0,
DK0,NUTS1,
DK01,NUTS2,
DK011,NUTS3,Predominantly urban
DK012,NUTS3,Predominantly urban
DK013,NUTS3,Intermediate
DK014,NUTS3,Predominantly rural
DK02,NUTS2,
DK021,NUTS3,Intermediate
DK022,NUTS3,Predominantly rural
DK03,NUTS2,
DK031,NUTS3,Intermediate
DK032,NUTS3,Intermediate
DK04,NUTS2,
DK041,NUTS3,Predominantly rural
DK042,NUTS3,Intermediate
DK05,NUTS2,
DK050,NUTS3,Predominantly rural
DE,NUTS0,
DE1,NUTS1,
DE11,NUTS2,
DE111,NUTS3,Predominantly urban
DE112,NUTS3,Predominantly urban
DE113,NUTS3,Predominantly urban
DE114,NUTS3,Predominantly urban
DE115,NUTS3,Predominantly urban
DE116,NUTS3,Predominantly urban
DE117,NUTS3,Intermediate
DE118,NUTS3,Intermediate
DE119,NUTS3,Predominantly rural
DE11A,NUTS3,Predominantly rural
DE11B,NUTS3,Predominantly rural
DE11C,NUTS3,Intermediate
DE11D,NUTS3,Intermediate
DE12,NUTS2,
DE121,NUTS3,Predominantly urban
DE122,NUTS3,Predominantly urban
DE123,NUTS3,Predominantly urban
DE124,NUTS3,Predominantly urban
DE125,NUTS3,Predominantly urban
DE126,NUTS3,Predominantly urban
DE127,NUTS3,Predominantly rural
DE128,NUTS3,Predominantly urban
DE129,NUTS3,Intermediate
DE12A,NUTS3,Predominantly rural
DE12B,NUTS3,Intermediate
DE12C,NUTS3,Predominantly rural
DE13,NUTS2,
DE131,NUTS3,Intermediate
DE132,NUTS3,Intermediate
DE133,NUTS3,Intermediate
DE134,NUTS3,Intermediate
DE135,NUTS3,Predominantly rural
DE136,NUTS3,Intermediate
DE137,NUTS3,Intermediate
DE138,NUTS3,Intermediate
DE139,NUTS3,Intermediate
DE13A,NUTS3,Intermediate
DE14,NUTS2,
DE141,NUTS3,Intermediate
DE142,NUTS3,Intermediate
DE143,NUTS3,Intermediate
DE144,NUTS3,Intermediate
DE145,NUTS3,Intermediate
DE146,NUTS3,Predominantly rural
DE147,NUTS3,Intermediate
DE148,NUTS3,Intermediate
DE149,NUTS3,Predominantly rural
DE2,NUTS1,
DE21,NUTS2,
DE211,NUTS3,Intermediate
DE212,NUTS3,Predominantly urban
DE213,NUTS3,Intermediate
DE214,NUTS3,Intermediate
DE215,NUTS3,Intermediate
DE216,NUTS3,Intermediate
DE217,NUTS3,Intermediate
DE218,NUTS3,Intermediate
DE219,NUTS3,Intermediate
DE21A,NUTS3,Predominantly rural
DE21B,NUTS3,Intermediate
DE21C,NUTS3,Intermediate
DE21D,NUTS3,Intermediate
DE21E,NUTS3,Predominantly rural
DE21F,NUTS3,Intermediate
DE21G,NUTS3,Predominantly rural
DE21H,NUTS3,Predominantly urban
DE21I,NUTS3,Predominantly rural
DE21J,NUTS3,Intermediate
DE21K,NUTS3,Intermediate
DE21L,NUTS3,Intermediate
DE21M,NUTS3,Predominantly rural
DE21N,NUTS3,Intermediate
DE22,NUTS2,
DE221,NUTS3,Predominantly rural
DE222,NUTS3,Predominantly rural
DE223,NUTS3,Predominantly rural
DE224,NUTS3,Predominantly rural
DE225,NUTS3,Predominantly rural
DE226,NUTS3,Predominantly rural
DE227,NUTS3,Predominantly rural
DE228,NUTS3,Predominantly rural
DE229,NUTS3,Predominantly rural
DE22A,NUTS3,Predominantly rural
DE22B,NUTS3,Predominantly rural
DE22C,NUTS3,Predominantly rural
DE23,NUTS2,
DE231,NUTS3,Intermediate
DE232,NUTS3,Intermediate
DE233,NUTS3,Predominantly rural
DE234,NUTS3,Intermediate
DE235,NUTS3,Predominantly rural
DE236,NUTS3,Predominantly rural
DE237,NUTS3,Predominantly rural
DE238,NUTS3,Intermediate
DE239,NUTS3,Predominantly rural
DE23A,NUTS3,Predominantly rural
DE24,NUTS2,
DE241,NUTS3,Intermediate
DE242,NUTS3,Intermediate
DE243,NUTS3,Intermediate
DE244,NUTS3,Intermediate
DE245,NUTS3,Intermediate
DE246,NUTS3,Intermediate
DE247,NUTS3,Intermediate
DE248,NUTS3,Intermediate
DE249,NUTS3,Intermediate
DE24A,NUTS3,Predominantly rural
DE24B,NUTS3,Predominantly rural
DE24C,NUTS3,Predominantly rural
DE24D,NUTS3,Predominantly rural
DE25,NUTS2,
DE251,NUTS3,Predominantly rural
DE252,NUTS3,Predominantly urban
DE253,NUTS3,Predominantly urban
DE254,NUTS3,Predominantly urban
DE255,NUTS3,Predominantly urban
DE256,NUTS3,Predominantly rural
DE257,NUTS3,Predominantly urban
DE258,NUTS3,Predominantly urban
DE259,NUTS3,Intermediate
DE25A,NUTS3,Predominantly rural
DE25B,NUTS3,Intermediate
DE25C,NUTS3,Predominantly rural
DE26,NUTS2,
DE261,NUTS3,Predominantly urban
DE262,NUTS3,Intermediate
DE263,NUTS3,Intermediate
DE264,NUTS3,Predominantly urban
DE265,NUTS3,Predominantly rural
DE266,NUTS3,Predominantly rural
DE267,NUTS3,Predominantly rural
DE268,NUTS3,Predominantly rural
DE269,NUTS3,Intermediate
DE26A,NUTS3,Predominantly rural
DE26B,NUTS3,Intermediate
DE26C,NUTS3,Intermediate
DE27,NUTS2,
DE271,NUTS3,Predominantly urban
DE272,NUTS3,Intermediate
DE273,NUTS3,Intermediate
DE274,NUTS3,Predominantly rural
DE275,NUTS3,Intermediate
DE276,NUTS3,Predominantly urban
DE277,NUTS3,Predominantly rural
DE278,NUTS3,Predominantly rural
DE279,NUTS3,Intermediate
DE27A,NUTS3,Intermediate
DE27B,NUTS3,Intermediate
DE27C,NUTS3,Predominantly rural
DE27D,NUTS3,Predominantly rural
DE27E,NUTS3,Intermediate
DE3,NUTS1,
DE30,NUTS2,
DE300,NUTS3,Predominantly urban
DE4,NUTS1,
DE40,NUTS2,
DE401,NUTS3,Intermediate
DE402,NUTS3,Intermediate
DE403,NUTS3,Intermediate
DE404,NUTS3,Intermediate
DE405,NUTS3,Intermediate
DE406,NUTS3,Intermediate
DE407,NUTS3,Predominantly rural
DE408,NUTS3,Intermediate
DE409,NUTS3,Intermediate
DE40A,NUTS3,Intermediate
DE40B,NUTS3,Intermediate
DE40C,NUTS3,Intermediate
DE40D,NUTS3,Predominantly rural
DE40E,NUTS3,Intermediate
DE40F,NUTS3,Predominantly rural
DE40G,NUTS3,Intermediate
DE40H,NUTS3,Intermediate
DE40I,NUTS3,Predominantly rural
DE5,NUTS1,
DE50,NUTS2,
DE501,NUTS3,Predominantly urban
DE502,NUTS3,Intermediate
DE6,NUTS1,
DE60,NUTS2,
DE600,NUTS3,Predominantly urban
DE7,NUTS1,
DE71,NUTS2,
DE711,NUTS3,Predominantly urban
DE712,NUTS3,Predominantly urban
DE713,NUTS3,Predominantly urban
DE714,NUTS3,Predominantly urban
DE715,NUTS3,Predominantly urban
DE716,NUTS3,Predominantly urban
DE717,NUTS3,Predominantly urban
DE718,NUTS3,Predominantly urban
DE719,NUTS3,Intermediate
DE71A,NUTS3,Predominantly urban
DE71B,NUTS3,Predominantly rural
DE71C,NUTS3,Predominantly urban
DE71D,NUTS3,Intermediate
DE71E,NUTS3,Intermediate
DE72,NUTS2,
DE721,NUTS3,Intermediate
DE722,NUTS3,Intermediate
DE723,NUTS3,Intermediate
DE724,NUTS3,Intermediate
DE725,NUTS3,Predominantly rural
DE73,NUTS2,
DE731,NUTS3,Intermediate
DE732,NUTS3,Intermediate
DE733,NUTS3,Predominantly rural
DE734,NUTS3,Intermediate
DE735,NUTS3,Predominantly rural
DE736,NUTS3,Predominantly rural
DE737,NUTS3,Predominantly rural
DE8,NUTS1,
DE80,NUTS2,
DE803,NUTS3,Intermediate
DE804,NUTS3,Predominantly rural
DE80J,NUTS3,Predominantly rural
DE80K,NUTS3,Intermediate
DE80L,NUTS3,Predominantly rural
DE80M,NUTS3,Predominantly rural
DE80N,NUTS3,Predominantly rural
DE80O,NUTS3,Predominantly rural
DE9,NUTS1,
DE91,NUTS2,
DE911,NUTS3,Intermediate
DE912,NUTS3,Intermediate
DE913,NUTS3,Intermediate
DE914,NUTS3,Intermediate
DE915,NUTS3,Intermediate
DE916,NUTS3,Intermediate
DE917,NUTS3,Predominantly rural
DE918,NUTS3,Predominantly rural
DE919,NUTS3,Intermediate
DE91A,NUTS3,Intermediate
DE91B,NUTS3,Intermediate
DE92,NUTS2,
DE922,NUTS3,Intermediate
DE923,NUTS3,Intermediate
DE925,NUTS3,Intermediate
DE926,NUTS3,Predominantly rural
DE927,NUTS3,Predominantly rural
DE928,NUTS3,Intermediate
DE929,NUTS3,Predominantly urban
DE93,NUTS2,
DE931,NUTS3,Intermediate
DE932,NUTS3,Intermediate
DE933,NUTS3,Intermediate
DE934,NUTS3,Predominantly rural
DE935,NUTS3,Intermediate
DE936,NUTS3,Intermediate
DE937,NUTS3,Predominantly rural
DE938,NUTS3,Intermediate
DE939,NUTS3,Intermediate
DE93A,NUTS3,Predominantly rural
DE93B,NUTS3,Intermediate
DE94,NUTS2,
DE941,NUTS3,Predominantly urban
DE942,NUTS3,Intermediate
DE943,NUTS3,Intermediate
DE944,NUTS3,Intermediate
DE945,NUTS3,Intermediate
DE946,NUTS3,Intermediate
DE947,NUTS3,Intermediate
DE948,NUTS3,Predominantly rural
DE949,NUTS3,Predominantly rural
DE94A,NUTS3,Intermediate
DE94B,NUTS3,Intermediate
DE94C,NUTS3,Intermediate
DE94D,NUTS3,Intermediate
DE94E,NUTS3,Intermediate
DE94F,NUTS3,Intermediate
DE94G,NUTS3,Intermediate
DE94H,NUTS3,Predominantly rural
DEA,NUTS1,
DEA1,NUTS2,
DEA11,NUTS3,Predominantly urban
DEA12,NUTS3,Predominantly urban
DEA13,NUTS3,Predominantly urban
DEA14,NUTS3,Predominantly urban
DEA15,NUTS3,Predominantly urban
DEA16,NUTS3,Predominantly urban
DEA17,NUTS3,Predominantly urban
DEA18,NUTS3,Predominantly urban
DEA19,NUTS3,Predominantly urban
DEA1A,NUTS3,Predominantly urban
DEA1B,NUTS3,Intermediate
DEA1C,NUTS3,Predominantly urban
DEA1D,NUTS3,Predominantly urban
DEA1E,NUTS3,Predominantly urban
DEA1F,NUTS3,Predominantly urban
DEA2,NUTS2,
DEA22,NUTS3,Predominantly urban
DEA23,NUTS3,Predominantly urban
DEA24,NUTS3,Predominantly urban
DEA26,NUTS3,Intermediate
DEA27,NUTS3,Predominantly urban
DEA28,NUTS3,Intermediate
DEA29,NUTS3,Intermediate
DEA2A,NUTS3,Intermediate
DEA2B,NUTS3,Predominantly urban
DEA2C,NUTS3,Predominantly urban
DEA2D,NUTS3,Predominantly urban
DEA3,NUTS2,
DEA31,NUTS3,Predominantly urban
DEA32,NUTS3,Predominantly urban
DEA33,NUTS3,Predominantly urban
DEA34,NUTS3,Intermediate
DEA35,NUTS3,Predominantly urban
DEA36,NUTS3,Predominantly urban
DEA37,NUTS3,Intermediate
DEA38,NUTS3,Intermediate
DEA4,NUTS2,
DEA41,NUTS3,Predominantly urban
DEA42,NUTS3,Predominantly urban
DEA43,NUTS3,Predominantly urban
DEA44,NUTS3,Predominantly rural
DEA45,NUTS3,Intermediate
DEA46,NUTS3,Intermediate
DEA47,NUTS3,Intermediate
DEA5,NUTS2,
DEA51,NUTS3,Predominantly urban
DEA52,NUTS3,Predominantly urban
DEA53,NUTS3,Predominantly urban
DEA54,NUTS3,Predominantly urban
DEA55,NUTS3,Predominantly urban
DEA56,NUTS3,Predominantly urban
DEA57,NUTS3,Intermediate
DEA58,NUTS3,Predominantly urban
DEA59,NUTS3,Intermediate
DEA5A,NUTS3,Intermediate
DEA5B,NUTS3,Intermediate
DEA5C,NUTS3,Predominantly urban
DEB,NUTS1,
DEB1,NUTS2,
DEB11,NUTS3,Intermediate
DEB12,NUTS3,Intermediate
DEB13,NUTS3,Predominantly rural
DEB14,NUTS3,Intermediate
DEB15,NUTS3,Predominantly rural
DEB16,NUTS3,Predominantly rural
DEB17,NUTS3,Intermediate
DEB18,NUTS3,Intermediate
DEB19,NUTS3,Predominantly rural
DEB1A,NUTS3,Intermediate
DEB1B,NUTS3,Predominantly rural
DEB2,NUTS2,
DEB21,NUTS3,Intermediate
DEB22,NUTS3,Predominantly rural
DEB23,NUTS3,Predominantly rural
DEB24,NUTS3,Predominantly rural
DEB25,NUTS3,Intermediate
DEB3,NUTS2,
DEB31,NUTS3,Predominantly urban
DEB32,NUTS3,Intermediate
DEB33,NUTS3,Predominantly urban
DEB34,NUTS3,Predominantly urban
DEB35,NUTS3,Predominantly urban
DEB36,NUTS3,Intermediate
DEB37,NUTS3,Predominantly rural
DEB38,NUTS3,Predominantly urban
DEB39,NUTS3,Predominantly urban
DEB3A,NUTS3,Intermediate
DEB3B,NUTS3,Predominantly rural
DEB3C,NUTS3,Intermediate
DEB3D,NUTS3,Predominantly rural
DEB3E,NUTS3,Predominantly urban
DEB3F,NUTS3,Intermediate
DEB3G,NUTS3,Predominantly rural
DEB3H,NUTS3,Intermediate
DEB3I,NUTS3,Predominantly urban
DEB3J,NUTS3,Intermediate
DEB3K,NUTS3,Predominantly rural
DEC,NUTS1,
DEC0,NUTS2,
DEC01,NUTS3,Predominantly urban
DEC02,NUTS3,Intermediate
DEC03,NUTS3,Predominantly urban
DEC04,NUTS3,Predominantly urban
DEC05,NUTS3,Intermediate
DEC06,NUTS3,Intermediate
DED,NUTS1,
DED2,NUTS2,
DED21,NUTS3,Predominantly urban
DED2C,NUTS3,Predominantly rural
DED2D,NUTS3,Intermediate
DED2E,NUTS3,Intermediate
DED2F,NUTS3,Predominantly urban
DED4,NUTS2,
DED41,NUTS3,Intermediate
DED42,NUTS3,Intermediate
DED43,NUTS3,Intermediate
DED44,NUTS3,Intermediate
DED45,NUTS3,Intermediate
DED5,NUTS2,
DED51,NUTS3,Predominantly urban
DED52,NUTS3,Predominantly urban
DED53,NUTS3,Predominantly rural
DEE,NUTS1,
DEE0,NUTS2,
DEE01,NUTS3,Intermediate
DEE02,NUTS3,Intermediate
DEE03,NUTS3,Intermediate
DEE04,NUTS3,Predominantly rural
DEE05,NUTS3,Intermediate
DEE06,NUTS3,Predominantly rural
DEE07,NUTS3,Intermediate
DEE08,NUTS3,Predominantly rural
DEE09,NUTS3,Intermediate
DEE0A,NUTS3,Predominantly rural
DEE0B,NUTS3,Intermediate
DEE0C,NUTS3,Intermediate
DEE0D,NUTS3,Predominantly rural
DEE0E,NUTS3,Predominantly rural
DEF,NUTS1,
DEF0,NUTS2,
DEF01,NUTS3,Intermediate
DEF02,NUTS3,Predominantly urban
DEF03,NUTS3,Intermediate
DEF04,NUTS3,Intermediate
DEF05,NUTS3,Predominantly rural
DEF06,NUTS3,Intermediate
DEF07,NUTS3,Predominantly rural
DEF08,NUTS3,Intermediate
DEF09,NUTS3,Predominantly urban
DEF0A,NUTS3,Predominantly urban
DEF0B,NUTS3,Intermediate
DEF0C,NUTS3,Intermediate
DEF0D,NUTS3,Intermediate
DEF0E,NUTS3,Intermediate
DEF0F,NUTS3,Intermediate
DEG,NUTS1,
DEG0,NUTS2,
DEG01,NUTS3,Intermediate
DEG02,NUTS3,Intermediate
DEG03,NUTS3,Intermediate
DEG04,NUTS3,Intermediate
DEG05,NUTS3,Intermediate
DEG06,NUTS3,Predominantly rural
DEG07,NUTS3,Intermediate
DEG09,NUTS3,Predominantly rural
DEG0A,NUTS3,Predominantly rural
DEG0B,NUTS3,Intermediate
DEG0C,NUTS3,Predominantly rural
DEG0D,NUTS3,Intermediate
DEG0E,NUTS3,Predominantly rural
DEG0F,NUTS3,Predominantly rural
DEG0G,NUTS3,Intermediate
DEG0H,NUTS3,Predominantly rural
DEG0I,NUTS3,Intermediate
DEG0J,NUTS3,Intermediate
DEG0K,NUTS3,Predominantly rural
DEG0L,NUTS3,Intermediate
DEG0M,NUTS3,Intermediate
DEG0N,NUTS3,Predominantly rural
DEG0P,NUTS3,Predominantly rural
EE,NUTS0,
EE0,NUTS1,
EE00,NUTS2,
EE001,NUTS3,Predominantly urban
EE004,NUTS3,Predominantly rural
EE006,NUTS3,Predominantly rural
EE007,NUTS3,Intermediate
EE008,NUTS3,Predominantly rural
IE,NUTS0,
IE0,NUTS1,
IE01,NUTS2,
IE011,NUTS3,Predominantly rural
IE012,NUTS3,Predominantly rural
IE013,NUTS3,Predominantly rural
IE02,NUTS2,
IE021,NUTS3,Predominantly urban
IE022,NUTS3,Intermediate
IE023,NUTS3,Predominantly rural
IE024,NUTS3,Predominantly rural
IE025,NUTS3,Predominantly rural
EL,NUTS0,
EL3,NUTS1,
EL30,NUTS2,
EL301,NUTS3,Predominantly urban
EL302,NUTS3,Predominantly urban
EL303,NUTS3,Predominantly urban
EL304,NUTS3,Predominantly urban
EL305,NUTS3,Predominantly urban
EL306,NUTS3,Predominantly urban
EL307,NUTS3,Predominantly urban
EL4,NUTS1,
EL41,NUTS2,
EL411,NUTS3,Predominantly rural
EL412,NUTS3,Predominantly rural
EL413,NUTS3,Intermediate
EL42,NUTS2,
EL421,NUTS3,Intermediate
EL422,NUTS3,Predominantly rural
EL43,NUTS2,
EL431,NUTS3,Intermediate
EL432,NUTS3,Predominantly rural
EL433,NUTS3,Predominantly rural
EL434,NUTS3,Intermediate
EL5,NUTS1,
EL51,NUTS2,
EL511,NUTS3,Intermediate
EL512,NUTS3,Intermediate
EL513,NUTS3,Predominantly rural
EL514,NUTS3,Intermediate
EL515,NUTS3,Predominantly rural
EL52,NUTS2,
EL521,NUTS3,Intermediate
EL522,NUTS3,Predominantly urban
EL523,NUTS3,Predominantly rural
EL524,NUTS3,Predominantly rural
EL525,NUTS3,Intermediate
EL526,NUTS3,Predominantly rural
EL527,NUTS2,Predominantly rural
EL53,NUTS2,
EL531,NUTS3,Predominantly rural
EL532,NUTS3,Intermediate
EL533,NUTS3,Predominantly rural
EL54,NUTS2,
EL541,NUTS3,Predominantly rural
EL542,NUTS3,Predominantly rural
EL543,NUTS3,Predominantly rural
EL6,NUTS1,
EL61,NUTS2,
EL611,NUTS3,Predominantly rural
EL612,NUTS3,Intermediate
EL613,NUTS3,Intermediate
EL62,NUTS2,
EL621,NUTS3,Predominantly rural
EL622,NUTS3,Intermediate
EL623,NUTS3,Predominantly rural
EL624,NUTS3,Predominantly rural
EL63,NUTS2,
EL631,NUTS3,Predominantly rural
EL632,NUTS3,Intermediate
EL633,NUTS3,Predominantly rural
EL64,NUTS2,
EL641,NUTS3,Predominantly rural
EL642,NUTS3,Predominantly rural
EL643,NUTS3,Predominantly rural
EL644,NUTS3,Predominantly rural
EL645,NUTS3,Predominantly rural
EL65,NUTS2,
EL651,NUTS3,Predominantly rural
EL652,NUTS3,Intermediate
EL653,NUTS3,Predominantly rural
ES,NUTS0,
ES1,NUTS1,
ES11,NUTS2,
ES111,NUTS3,Intermediate
ES112,NUTS3,Predominantly rural
ES113,NUTS3,Predominantly rural
ES114,NUTS3,Intermediate
ES12,NUTS2,
ES120,NUTS3,Intermediate
ES13,NUTS2,
ES130,NUTS3,Intermediate
ES2,NUTS1,
ES21,NUTS2,
ES211,NUTS3,Predominantly urban
ES212,NUTS3,Predominantly urban
ES213,NUTS3,Predominantly urban
ES22,NUTS2,
ES220,NUTS3,Intermediate
ES23,NUTS2,
ES230,NUTS3,Intermediate
ES24,NUTS2,
ES241,NUTS3,Intermediate
ES242,NUTS3,Predominantly rural
ES243,NUTS3,Predominantly urban
ES3,NUTS1,
ES30,NUTS2,
ES300,NUTS3,Predominantly urban
ES4,NUTS1,
ES41,NUTS2,
ES411,NUTS3,Predominantly rural
ES412,NUTS3,Intermediate
ES413,NUTS3,Intermediate
ES414,NUTS3,Intermediate
ES415,NUTS3,Intermediate
ES416,NUTS3,Predominantly rural
ES417,NUTS3,Predominantly rural
ES418,NUTS3,Intermediate
ES419,NUTS3,Predominantly rural
ES42,NUTS2,
ES421,NUTS3,Intermediate
ES422,NUTS3,Intermediate
ES423,NUTS3,Predominantly rural
ES424,NUTS3,Intermediate
ES425,NUTS3,Intermediate
ES43,NUTS2,
ES431,NUTS3,Intermediate
ES432,NUTS3,Intermediate
ES5,NUTS1,
ES51,NUTS2,
ES511,NUTS3,Predominantly urban
ES512,NUTS3,Intermediate
ES513,NUTS3,Intermediate
ES514,NUTS3,Intermediate
ES52,NUTS2,
ES521,NUTS3,Predominantly urban
ES522,NUTS3,Intermediate
ES523,NUTS3,Predominantly urban
ES53,NUTS2,
ES531,NUTS3,Intermediate
ES532,NUTS3,Predominantly urban
ES533,NUTS3,Intermediate
ES6,NUTS1,
ES61,NUTS2,
ES611,NUTS3,Intermediate
ES612,NUTS3,Predominantly urban
ES613,NUTS3,Predominantly urban
ES614,NUTS3,Intermediate
ES615,NUTS3,Intermediate
ES616,NUTS3,Intermediate
ES617,NUTS3,Predominantly urban
ES618,NUTS3,Predominantly urban
ES62,NUTS2,
ES620,NUTS3,Predominantly urban
ES63,NUTS2,
ES630,NUTS3,Predominantly urban
ES64,NUTS2,
ES640,NUTS3,Intermediate
ES7,NUTS1,
ES70,NUTS2,
ES703,NUTS3,Predominantly rural
ES704,NUTS3,Intermediate
ES705,NUTS3,Predominantly urban
ES706,NUTS3,Predominantly rural
ES707,NUTS3,Intermediate
ES708,NUTS3,Intermediate
ES709,NUTS3,Predominantly urban
FR,NUTS0,
FR1,NUTS1,
FR10,NUTS2,
FR101,NUTS3,Predominantly urban
FR102,NUTS3,Intermediate
FR103,NUTS3,Predominantly urban
FR104,NUTS3,Predominantly urban
FR105,NUTS3,Predominantly urban
FR106,NUTS3,Predominantly urban
FR107,NUTS3,Predominantly urban
FR108,NUTS3,Predominantly urban
FR2,NUTS1,
FR21,NUTS2,
FR211,NUTS3,Predominantly rural
FR212,NUTS3,Intermediate
FR213,NUTS3,Intermediate
FR214,NUTS3,Predominantly rural
FR22,NUTS2,
FR221,NUTS3,Predominantly rural
FR222,NUTS3,Intermediate
FR223,NUTS3,Predominantly rural
FR23,NUTS2,
FR231,NUTS3,Predominantly rural
FR232,NUTS3,Intermediate
FR24,NUTS2,
FR241,NUTS3,Predominantly rural
FR242,NUTS3,Predominantly rural
FR243,NUTS3,Predominantly rural
FR244,NUTS3,Intermediate
FR245,NUTS3,Predominantly rural
FR246,NUTS3,Intermediate
FR25,NUTS2,
FR251,NUTS3,Intermediate
FR252,NUTS3,Predominantly rural
FR253,NUTS3,Predominantly rural
FR26,NUTS2,
FR261,NUTS3,Intermediate
FR262,NUTS3,Predominantly rural
FR263,NUTS3,Predominantly rural
FR264,NUTS3,Predominantly rural
FR3,NUTS1,
FR30,NUTS2,
FR301,NUTS3,Predominantly urban
FR302,NUTS3,Intermediate
FR4,NUTS1,
FR41,NUTS2,
FR411,NUTS3,Intermediate
FR412,NUTS3,Predominantly rural
FR413,NUTS3,Intermediate
FR414,NUTS3,Predominantly rural
FR42,NUTS2,
FR421,NUTS3,Intermediate
FR422,NUTS3,Intermediate
FR43,NUTS2,
FR431,NUTS3,Intermediate
FR432,NUTS3,Predominantly rural
FR433,NUTS3,Predominantly rural
FR434,NUTS3,Intermediate
FR5,NUTS1,
FR51,NUTS2,
FR511,NUTS3,Predominantly urban
FR512,NUTS3,Predominantly rural
FR513,NUTS3,Predominantly rural
FR514,NUTS3,Predominantly rural
FR515,NUTS3,Predominantly rural
FR52,NUTS2,
FR521,NUTS3,Predominantly rural
FR522,NUTS3,Predominantly rural
FR523,NUTS3,Predominantly rural
FR524,NUTS3,Predominantly rural
FR53,NUTS2,
FR531,NUTS3,Predominantly rural
FR532,NUTS3,Predominantly rural
FR533,NUTS3,Predominantly rural
FR534,NUTS3,Predominantly rural
FR6,NUTS1,
FR61,NUTS2,
FR611,NUTS3,Predominantly rural
FR612,NUTS3,Predominantly urban
FR613,NUTS3,Predominantly rural
FR614,NUTS3,Predominantly rural
FR615,NUTS3,Intermediate
FR62,NUTS2,
FR621,NUTS3,Predominantly rural
FR622,NUTS3,Predominantly rural
FR623,NUTS3,Predominantly urban
FR624,NUTS3,Predominantly rural
FR625,NUTS3,Predominantly rural
FR626,NUTS3,Predominantly rural
FR627,NUTS3,Predominantly rural
FR628,NUTS3,Predominantly rural
FR63,NUTS2,
FR631,NUTS3,Predominantly rural
FR632,NUTS3,Predominantly rural
FR633,NUTS3,Predominantly rural
FR7,NUTS1,
FR71,NUTS2,
FR711,NUTS3,Predominantly rural
FR712,NUTS3,Predominantly rural
FR713,NUTS3,Predominantly rural
FR714,NUTS3,Intermediate
FR715,NUTS3,Intermediate
FR716,NUTS3,Predominantly urban
FR717,NUTS3,Intermediate
FR718,NUTS3,Intermediate
FR72,NUTS2,
FR721,NUTS3,Predominantly rural
FR722,NUTS3,Predominantly rural
FR723,NUTS3,Predominantly rural
FR724,NUTS3,Intermediate
FR8,NUTS1,
FR81,NUTS2,
FR811,NUTS3,Predominantly rural
FR812,NUTS3,Intermediate
FR813,NUTS3,Intermediate
FR814,NUTS3,Predominantly rural
FR815,NUTS3,Intermediate
FR82,NUTS2,
FR821,NUTS3,Predominantly rural
FR822,NUTS3,Predominantly rural
FR823,NUTS3,Predominantly urban
FR824,NUTS3,Predominantly urban
FR825,NUTS3,Intermediate
FR826,NUTS3,Intermediate
FR83,NUTS2,
FR831,NUTS3,Predominantly rural
FR832,NUTS3,Predominantly rural
FRA,NUTS1,
FRA1,NUTS2,
FRA10,NUTS3,Intermediate
FRA2,NUTS2,
FRA20,NUTS3,Intermediate
FRA3,NUTS2,
FRA30,NUTS3,Intermediate
FRA4,NUTS2,
FRA40,NUTS3,Predominantly urban
FRA5,NUTS2,
FRA50,NUTS3,Predominantly rural
HR,NUTS0,
HR0,NUTS1,
HR03,NUTS2,
HR031,NUTS3,Intermediate
HR032,NUTS3,Predominantly rural
HR033,NUTS3,Predominantly rural
HR034,NUTS3,Intermediate
HR035,NUTS3,Intermediate
HR036,NUTS3,Predominantly rural
HR037,NUTS3,Intermediate
HR04,NUTS2,
HR041,NUTS3,Predominantly urban
HR042,NUTS3,Predominantly rural
HR043,NUTS3,Predominantly rural
HR044,NUTS3,Intermediate
HR045,NUTS3,Predominantly rural
HR046,NUTS3,Predominantly rural
HR047,NUTS3,Predominantly rural
HR048,NUTS3,Predominantly rural
HR049,NUTS3,Predominantly rural
HR04A,NUTS3,Intermediate
HR04B,NUTS3,Intermediate
HR04C,NUTS3,Predominantly rural
HR04D,NUTS3,Predominantly rural
HR04E,NUTS3,Predominantly rural
IT,NUTS0,
ITC,NUTS1,
ITC1,NUTS2,
ITC11,NUTS3,Predominantly urban
ITC12,NUTS3,Intermediate
ITC13,NUTS3,Intermediate
ITC14,NUTS3,Intermediate
ITC15,NUTS3,Intermediate
ITC16,NUTS3,Predominantly rural
ITC17,NUTS3,Predominantly rural
ITC18,NUTS3,Predominantly rural
ITC2,NUTS2,
ITC20,NUTS3,Intermediate
ITC3,NUTS2,
ITC31,NUTS3,Predominantly urban
ITC32,NUTS3,Intermediate
ITC33,NUTS3,Predominantly urban
ITC34,NUTS3,Predominantly urban
ITC4,NUTS2,
ITC41,NUTS3,Predominantly urban
ITC42,NUTS3,Predominantly urban
ITC43,NUTS3,Predominantly urban
ITC44,NUTS3,Intermediate
ITC46,NUTS3,Predominantly urban
ITC47,NUTS3,Intermediate
ITC48,NUTS3,Intermediate
ITC49,NUTS3,Intermediate
ITC4A,NUTS3,Intermediate
ITC4B,NUTS3,Predominantly rural
ITC4C,NUTS3,Predominantly urban
ITC4D,NUTS3,Predominantly urban
ITH,NUTS1,
ITH1,NUTS2,
ITH10,NUTS3,Predominantly rural
ITH2,NUTS2,
ITH20,NUTS3,Intermediate
ITH3,NUTS2,
ITH31,NUTS3,Intermediate
ITH32,NUTS3,Intermediate
ITH33,NUTS3,Predominantly rural
ITH34,NUTS3,Intermediate
ITH35,NUTS3,Predominantly urban
ITH36,NUTS3,Intermediate
ITH37,NUTS3,Predominantly rural
ITH4,NUTS2,
ITH41,NUTS3,Intermediate
ITH42,NUTS3,Intermediate
ITH43,NUTS3,Predominantly urban
ITH44,NUTS3,Predominantly urban
ITH5,NUTS2,
ITH51,NUTS3,Intermediate
ITH52,NUTS3,Intermediate
ITH53,NUTS3,Intermediate
ITH54,NUTS3,Intermediate
ITH55,NUTS3,Intermediate
ITH56,NUTS3,Intermediate
ITH57,NUTS3,Intermediate
ITH58,NUTS3,Intermediate
ITH59,NUTS3,Predominantly urban
ITI,NUTS1,
ITI1,NUTS2,
ITI11,NUTS3,Intermediate
ITI12,NUTS3,Intermediate
ITI13,NUTS3,Predominantly urban
ITI14,NUTS3,Predominantly urban
ITI15,NUTS3,Predominantly urban
ITI16,NUTS3,Intermediate
ITI17,NUTS3,Intermediate
ITI18,NUTS3,Intermediate
ITI19,NUTS3,Predominantly rural
ITI1A,NUTS3,Intermediate
ITI2,NUTS2,
ITI21,NUTS3,Intermediate
ITI22,NUTS3,Intermediate
ITI3,NUTS2,
ITI31,NUTS3,Intermediate
ITI32,NUTS3,Intermediate
ITI33,NUTS3,Intermediate
ITI34,NUTS3,Intermediate
ITI35,NUTS3,Intermediate
ITI4,NUTS2,
ITI41,NUTS3,Predominantly rural
ITI42,NUTS3,Predominantly rural
ITI43,NUTS3,Predominantly urban
ITI44,NUTS3,Intermediate
ITI45,NUTS3,Intermediate
ITF,NUTS1,
ITF1,NUTS2,
ITF11,NUTS3,Predominantly rural
ITF12,NUTS3,Intermediate
ITF13,NUTS3,Intermediate
ITF14,NUTS3,Intermediate
ITF2,NUTS2,
ITF21,NUTS3,Predominantly rural
ITF22,NUTS3,Predominantly rural
ITF3,NUTS2,
ITF31,NUTS3,Predominantly urban
ITF32,NUTS3,Predominantly rural
ITF33,NUTS3,Predominantly urban
ITF34,NUTS3,Intermediate
ITF35,NUTS3,Intermediate
ITF4,NUTS2,
ITF43,NUTS3,Predominantly urban
ITF44,NUTS3,Predominantly urban
ITF45,NUTS3,Predominantly urban
ITF46,NUTS3,Predominantly rural
ITF47,NUTS3,Predominantly urban
ITF48,NUTS3,Predominantly urban
ITF5,NUTS2,
ITF51,NUTS3,Predominantly rural
ITF52,NUTS3,Intermediate
ITF6,NUTS2,
ITF61,NUTS3,Intermediate
ITF62,NUTS3,Intermediate
ITF63,NUTS3,Intermediate
ITF64,NUTS3,Predominantly rural
ITF65,NUTS3,Intermediate
ITG,NUTS1,
ITG1,NUTS2,
ITG11,NUTS3,Intermediate
ITG12,NUTS3,Predominantly urban
ITG13,NUTS3,Intermediate
ITG14,NUTS3,Predominantly urban
ITG15,NUTS3,Predominantly urban
ITG16,NUTS3,Intermediate
ITG17,NUTS3,Predominantly urban
ITG18,NUTS3,Intermediate
ITG19,NUTS3,Predominantly urban
ITG2,NUTS2,
ITG25,NUTS3,Intermediate
ITG26,NUTS3,Predominantly rural
ITG27,NUTS3,Intermediate
ITG28,NUTS3,Predominantly rural
ITG29,NUTS3,Intermediate
ITG2A,NUTS3,Predominantly rural
ITG2B,NUTS3,Intermediate
ITG2C,NUTS3,Intermediate
CY,NUTS0,
CY0,NUTS1,
CY00,NUTS2,
CY000,NUTS3,Intermediate
LV,NUTS0,
LV0,NUTS1,
LV00,NUTS2,
LV003,NUTS3,Intermediate
LV005,NUTS3,Intermediate
LV006,NUTS3,Predominantly urban
LV007,NUTS3,Predominantly urban
LV008,NUTS3,Predominantly rural
LV009,NUTS3,Predominantly rural
LT,NUTS0,
LT0,NUTS1,
LT00,NUTS2,
LT001,NUTS3,Intermediate
LT002,NUTS3,Intermediate
LT003,NUTS3,Intermediate
LT004,NUTS3,Predominantly rural
LT005,NUTS3,Intermediate
LT006,NUTS3,Intermediate
LT007,NUTS3,Predominantly rural
LT008,NUTS3,Intermediate
LT009,NUTS3,Intermediate
LT00A,NUTS3,Predominantly urban
LU,NUTS0,
LU0,NUTS1,
LU00,NUTS2,
LU000,NUTS3,Intermediate
HU,NUTS0,
HU1,NUTS1,
HU10,NUTS2,
HU101,NUTS3,Predominantly urban
HU102,NUTS3,Intermediate
HU2,NUTS1,
HU21,NUTS2,
HU211,NUTS3,Intermediate
HU212,NUTS3,Intermediate
HU213,NUTS3,Intermediate
HU22,NUTS2,
HU221,NUTS3,Intermediate
HU222,NUTS3,Intermediate
HU223,NUTS3,Predominantly rural
HU23,NUTS2,
HU231,NUTS3,Intermediate
HU232,NUTS3,Predominantly rural
HU233,NUTS3,Predominantly rural
HU3,NUTS1,
HU31,NUTS2,
HU311,NUTS3,Intermediate
HU312,NUTS3,Predominantly rural
HU313,NUTS3,Predominantly rural
HU32,NUTS2,
HU321,NUTS3,Intermediate
HU322,NUTS3,Intermediate
HU323,NUTS3,Predominantly rural
HU33,NUTS2,
HU331,NUTS3,Intermediate
HU332,NUTS3,Intermediate
HU333,NUTS3,Intermediate
MT,NUTS0,
MT0,NUTS1,
MT00,NUTS2,
MT001,NUTS3,Predominantly urban
MT002,NUTS3,Predominantly urban
NL,NUTS0,
NL1,NUTS1,
NL11,NUTS2,
NL111,NUTS3,Intermediate
NL112,NUTS3,Intermediate
NL113,NUTS3,Intermediate
NL12,NUTS2,
NL121,NUTS3,Intermediate
NL122,NUTS3,Intermediate
NL123,NUTS3,Intermediate
NL13,NUTS2,
NL131,NUTS3,Intermediate
NL132,NUTS3,Intermediate
NL133,NUTS3,Intermediate
NL2,NUTS1,
NL21,NUTS2,
NL211,NUTS3,Intermediate
NL212,NUTS3,Intermediate
NL213,NUTS3,Predominantly urban
NL22,NUTS2,
NL221,NUTS3,Predominantly urban
NL224,NUTS3,Intermediate
NL225,NUTS3,Intermediate
NL226,NUTS3,Predominantly urban
NL23,NUTS2,
NL230,NUTS3,Predominantly urban
NL3,NUTS1,
NL31,NUTS2,
NL310,NUTS3,Predominantly urban
NL32,NUTS2,
NL321,NUTS3,Predominantly urban
NL322,NUTS3,Predominantly urban
NL323,NUTS3,Predominantly urban
NL324,NUTS3,Predominantly urban
NL325,NUTS3,Predominantly urban
NL326,NUTS3,Predominantly urban
NL327,NUTS3,Predominantly urban
NL33,NUTS2,
NL332,NUTS3,Predominantly urban
NL333,NUTS3,Predominantly urban
NL337,NUTS3,Predominantly urban
NL338,NUTS3,Predominantly urban
NL339,NUTS3,Predominantly urban
NL33A,NUTS3,Predominantly urban
NL34,NUTS2,
NL341,NUTS3,Predominantly rural
NL342,NUTS3,Intermediate
NL4,NUTS1,
NL41,NUTS2,
NL411,NUTS3,Predominantly urban
NL412,NUTS3,Predominantly urban
NL413,NUTS3,Intermediate
NL414,NUTS3,Predominantly urban
NL42,NUTS2,
NL421,NUTS3,Intermediate
NL422,NUTS3,Intermediate
NL423,NUTS3,Predominantly urban
AT,NUTS0,
AT1,NUTS1,
AT11,NUTS2,
AT111,NUTS3,Predominantly rural
AT112,NUTS3,Predominantly rural
AT113,NUTS3,Predominantly rural
AT12,NUTS2,
AT121,NUTS3,Predominantly rural
AT122,NUTS3,Intermediate
AT123,NUTS3,Predominantly rural
AT124,NUTS3,Predominantly rural
AT125,NUTS3,Predominantly rural
AT126,NUTS3,Predominantly urban
AT127,NUTS3,Intermediate
AT13,NUTS2,
AT130,NUTS3,Predominantly urban
AT2,NUTS1,
AT21,NUTS2,
AT211,NUTS3,Intermediate
AT212,NUTS3,Predominantly rural
AT213,NUTS3,Predominantly rural
AT22,NUTS2,
AT221,NUTS3,Intermediate
AT222,NUTS3,Predominantly rural
AT223,NUTS3,Intermediate
AT224,NUTS3,Predominantly rural
AT225,NUTS3,Predominantly rural
AT226,NUTS3,Predominantly rural
AT3,NUTS1,
AT31,NUTS2,
AT311,NUTS3,Predominantly rural
AT312,NUTS3,Intermediate
AT313,NUTS3,Predominantly rural
AT314,NUTS3,Predominantly rural
AT315,NUTS3,Predominantly rural
AT32,NUTS2,
AT321,NUTS3,Predominantly rural
AT322,NUTS3,Predominantly rural
AT323,NUTS3,Intermediate
AT33,NUTS2,
AT331,NUTS3,Predominantly rural
AT332,NUTS3,Predominantly urban
AT333,NUTS3,Predominantly rural
AT334,NUTS3,Predominantly rural
AT335,NUTS3,Predominantly rural
AT34,NUTS2,
AT341,NUTS3,Predominantly rural
AT342,NUTS3,Predominantly urban
PL,NUTS0,
PL1,NUTS1,
PL11,NUTS2,
PL113,NUTS3,Predominantly urban
PL114,NUTS3,Predominantly urban
PL115,NUTS3,Predominantly rural
PL116,NUTS3,Predominantly rural
PL117,NUTS3,Predominantly rural
PL12,NUTS2,
PL127,NUTS3,Predominantly urban
PL128,NUTS3,Intermediate
PL129,NUTS3,Intermediate
PL12A,NUTS3,Intermediate
PL12B,NUTS3,Predominantly rural
PL12C,NUTS3,Predominantly rural
PL12D,NUTS3,Predominantly rural
PL12E,NUTS3,Predominantly rural
PL2,NUTS1,
PL21,NUTS2,
PL213,NUTS3,Predominantly urban
PL214,NUTS3,Intermediate
PL217,NUTS3,Predominantly rural
PL218,NUTS3,Predominantly rural
PL219,NUTS3,Predominantly rural
PL21A,NUTS3,Intermediate
PL22,NUTS2,
PL224,NUTS3,Intermediate
PL225,NUTS3,Intermediate
PL227,NUTS3,Predominantly urban
PL228,NUTS3,Predominantly urban
PL229,NUTS3,Predominantly urban
PL22A,NUTS3,Predominantly urban
PL22B,NUTS3,Predominantly urban
PL22C,NUTS3,Predominantly urban
PL3,NUTS1,
PL31,NUTS2,
PL311,NUTS3,Predominantly rural
PL312,NUTS3,Predominantly rural
PL314,NUTS3,Intermediate
PL315,NUTS3,Predominantly rural
PL32,NUTS2,
PL323,NUTS3,Predominantly rural
PL324,NUTS3,Predominantly rural
PL325,NUTS3,Predominantly rural
PL326,NUTS3,Predominantly rural
PL33,NUTS2,
PL331,NUTS3,Intermediate
PL332,NUTS3,Predominantly rural
PL34,NUTS2,
PL343,NUTS3,Intermediate
PL344,NUTS3,Predominantly rural
PL345,NUTS3,Predominantly rural
PL4,NUTS1,
PL41,NUTS2,
PL411,NUTS3,Predominantly rural
PL414,NUTS3,Predominantly rural
PL415,NUTS3,Predominantly urban
PL416,NUTS3,Predominantly rural
PL417,NUTS3,Predominantly rural
PL418,NUTS3,Intermediate
PL42,NUTS2,
PL424,NUTS3,Intermediate
PL426,NUTS3,Intermediate
PL427,NUTS3,Predominantly rural
PL428,NUTS3,Intermediate
PL43,NUTS2,
PL431,NUTS3,Intermediate
PL432,NUTS3,Intermediate
PL5,NUTS1,
PL51,NUTS2,
PL514,NUTS3,Predominantly urban
PL515,NUTS3,Intermediate
PL516,NUTS3,Predominantly urban
PL517,NUTS3,Intermediate
PL518,NUTS3,Intermediate
PL52,NUTS2,
PL523,NUTS3,Predominantly rural
PL524,NUTS3,Intermediate
PL6,NUTS1,
PL61,NUTS2,
PL613,NUTS3,Predominantly urban
PL616,NUTS3,Predominantly rural
PL617,NUTS3,Predominantly rural
PL618,NUTS3,Predominantly rural
PL619,NUTS3,Predominantly rural
PL62,NUTS2,
PL621,NUTS3,Intermediate
PL622,NUTS3,Intermediate
PL623,NUTS3,Intermediate
PL63,NUTS2,
PL633,NUTS3,Predominantly urban
PL634,NUTS3,Intermediate
PL636,NUTS3,Intermediate
PL637,NUTS3,Predominantly rural
PL638,NUTS3,Intermediate
PT,NUTS0,
PT1,NUTS1,
PT11,NUTS2,
PT111,NUTS3,Predominantly rural
PT112,NUTS3,Intermediate
PT119,NUTS3,Intermediate
PT11A,NUTS3,Predominantly urban
PT11B,NUTS3,Predominantly rural
PT11C,NUTS3,Intermediate
PT11D,NUTS3,Predominantly rural
PT11E,NUTS3,Predominantly rural
PT15,NUTS2,
PT150,NUTS3,Intermediate
PT16,NUTS2,
PT16B,NUTS3,Predominantly rural
PT16D,NUTS3,Intermediate
PT16E,NUTS3,Predominantly rural
PT16F,NUTS3,Predominantly rural
PT16G,NUTS3,Predominantly rural
PT16H,NUTS3,Predominantly rural
PT16I,NUTS3,Predominantly rural
PT16J,NUTS3,Predominantly rural
PT17,NUTS2,
PT170,NUTS3,Predominantly urban
PT18,NUTS2,
PT181,NUTS3,Predominantly rural
PT184,NUTS3,Predominantly rural
PT185,NUTS3,Predominantly rural
PT186,NUTS3,Predominantly rural
PT187,NUTS3,Predominantly rural
PT2,NUTS1,
PT20,NUTS2,
PT200,NUTS3,Intermediate
PT3,NUTS1,
PT30,NUTS2,
PT300,NUTS3,Predominantly urban
RO,NUTS0,
RO1,NUTS1,
RO11,NUTS2,
RO111,NUTS3,Predominantly rural
RO112,NUTS3,Predominantly rural
RO113,NUTS3,Intermediate
RO114,NUTS3,Predominantly rural
RO115,NUTS3,Predominantly rural
RO116,NUTS3,Predominantly rural
RO12,NUTS2,
RO121,NUTS3,Predominantly rural
RO122,NUTS3,Intermediate
RO123,NUTS3,Predominantly rural
RO124,NUTS3,Predominantly rural
RO125,NUTS3,Predominantly rural
RO126,NUTS3,Intermediate
RO2,NUTS1,
RO21,NUTS2,
RO211,NUTS3,Predominantly rural
RO212,NUTS3,Predominantly rural
RO213,NUTS3,Intermediate
RO214,NUTS3,Predominantly rural
RO215,NUTS3,Predominantly rural
RO216,NUTS3,Predominantly rural
RO22,NUTS2,
RO221,NUTS3,Predominantly urban
RO222,NUTS3,Predominantly rural
RO223,NUTS3,Intermediate
RO224,NUTS3,Intermediate
RO225,NUTS3,Predominantly rural
RO226,NUTS3,Predominantly rural
RO3,NUTS1,
RO31,NUTS2,
RO311,NUTS3,Predominantly rural
RO312,NUTS3,Predominantly rural
RO313,NUTS3,Predominantly rural
RO314,NUTS3,Predominantly rural
RO315,NUTS3,Predominantly rural
RO316,NUTS3,Intermediate
RO317,NUTS3,Predominantly rural
RO32,NUTS2,
RO321,NUTS3,Predominantly urban
RO322,NUTS3,Predominantly urban
RO4,NUTS1,
RO41,NUTS2,
RO411,NUTS3,Intermediate
RO412,NUTS3,Predominantly rural
RO413,NUTS3,Predominantly rural
RO414,NUTS3,Predominantly rural
RO415,NUTS3,Predominantly rural
RO42,NUTS2,
RO421,NUTS3,Intermediate
RO422,NUTS3,Predominantly rural
RO423,NUTS3,Intermediate
RO424,NUTS3,Intermediate
SI,NUTS0,
SI0,NUTS1,
SI03,NUTS2,
SI031,NUTS3,Predominantly rural
SI032,NUTS3,Predominantly rural
SI033,NUTS3,Predominantly rural
SI034,NUTS3,Predominantly rural
SI035,NUTS3,Predominantly rural
SI036,NUTS3,Predominantly rural
SI037,NUTS3,Predominantly rural
SI038,NUTS3,Predominantly rural
SI04,NUTS2,
SI041,NUTS3,Intermediate
SI042,NUTS3,Intermediate
SI043,NUTS3,Predominantly rural
SI044,NUTS3,Intermediate
SK,NUTS0,
SK0,NUTS1,
SK01,NUTS2,
SK010,NUTS3,Predominantly urban
SK02,NUTS2,
SK021,NUTS3,Predominantly rural
SK022,NUTS3,Intermediate
SK023,NUTS3,Intermediate
SK03,NUTS2,
SK031,NUTS3,Intermediate
SK032,NUTS3,Predominantly rural
SK04,NUTS2,
SK041,NUTS3,Predominantly rural
SK042,NUTS3,Intermediate
FI,NUTS0,
FI1,NUTS1,
FI19,NUTS2,
FI193,NUTS3,Predominantly rural
FI194,NUTS3,Predominantly rural
FI195,NUTS3,Predominantly rural
FI196,NUTS3,Predominantly rural
FI197,NUTS3,Intermediate
FI1B,NUTS2,
FI1B1,NUTS3,Predominantly urban
FI1C,NUTS2,
FI1C1,NUTS3,Intermediate
FI1C2,NUTS3,Intermediate
FI1C3,NUTS3,Intermediate
FI1C4,NUTS3,Intermediate
FI1C5,NUTS3,Intermediate
FI1D,NUTS2,
FI1D1,NUTS3,Predominantly rural
FI1D2,NUTS3,Predominantly rural
FI1D3,NUTS3,Predominantly rural
FI1D4,NUTS3,Predominantly rural
FI1D5,NUTS3,Predominantly rural
FI1D6,NUTS3,Predominantly rural
FI1D7,NUTS3,Predominantly rural
FI2,NUTS1,
FI20,NUTS2,
FI200,NUTS3,Predominantly rural
SE,NUTS0,
SE1,NUTS1,
SE11,NUTS2,
SE110,NUTS3,Predominantly urban
SE12,NUTS2,
SE121,NUTS3,Predominantly urban
SE122,NUTS3,Intermediate
SE123,NUTS3,Predominantly urban
SE124,NUTS3,Intermediate
SE125,NUTS3,Predominantly urban
SE2,NUTS1,
SE21,NUTS2,
SE211,NUTS3,Intermediate
SE212,NUTS3,Predominantly rural
SE213,NUTS3,Predominantly rural
SE214,NUTS3,Predominantly rural
SE22,NUTS2,
SE221,NUTS3,Intermediate
SE224,NUTS3,Intermediate
SE23,NUTS2,
SE231,NUTS3,Intermediate
SE232,NUTS3,Predominantly urban
SE3,NUTS1,
SE31,NUTS2,
SE311,NUTS3,Intermediate
SE312,NUTS3,Predominantly rural
SE313,NUTS3,Intermediate
SE32,NUTS2,
SE321,NUTS3,Intermediate
SE322,NUTS3,Predominantly rural
SE33,NUTS2,
SE331,NUTS3,Intermediate
SE332,NUTS3,Intermediate
UK,NUTS0,
UKC,NUTS1,
UKC1,NUTS2,
UKC11,NUTS3,Predominantly urban
UKC12,NUTS3,Predominantly urban
UKC13,NUTS3,Predominantly urban
UKC14,NUTS3,Predominantly urban
UKC2,NUTS2,
UKC21,NUTS3,Intermediate
UKC22,NUTS3,Predominantly urban
UKC23,NUTS3,Predominantly urban
UKD,NUTS1,
UKD1,NUTS2,
UKD11,NUTS3,Intermediate
UKD12,NUTS3,Intermediate
UKD3,NUTS2,
UKD33,NUTS3,Predominantly urban
UKD34,NUTS3,Predominantly urban
UKD35,NUTS3,Predominantly urban
UKD36,NUTS3,Predominantly urban
UKD37,NUTS3,Predominantly urban
UKD4,NUTS2,
UKD41,NUTS3,Predominantly urban
UKD42,NUTS3,Predominantly urban
UKD44,NUTS3,Predominantly urban
UKD45,NUTS3,Predominantly urban
UKD46,NUTS3,Predominantly urban
UKD47,NUTS3,Predominantly urban
UKD6,NUTS2,
UKD61,NUTS3,Predominantly urban
UKD62,NUTS3,Predominantly urban
UKD63,NUTS3,Predominantly urban
UKD7,NUTS2,
UKD71,NUTS3,Predominantly urban
UKD72,NUTS3,Predominantly urban
UKD73,NUTS3,Predominantly urban
UKD74,NUTS3,Predominantly urban
UKE,NUTS1,
UKE1,NUTS2,
UKE11,NUTS3,Predominantly urban
UKE12,NUTS3,Predominantly urban
UKE13,NUTS3,Intermediate
UKE2,NUTS2,
UKE21,NUTS3,Intermediate
UKE22,NUTS3,Intermediate
UKE3,NUTS2,
UKE31,NUTS3,Predominantly urban
UKE32,NUTS3,Predominantly urban
UKE4,NUTS2,
UKE41,NUTS3,Predominantly urban
UKE42,NUTS3,Predominantly urban
UKE44,NUTS3,Predominantly urban
UKE45,NUTS3,Predominantly urban
UKF,NUTS1,
UKF1,NUTS2,
UKF11,NUTS3,Predominantly urban
UKF12,NUTS3,Predominantly urban
UKF13,NUTS3,Predominantly urban
UKF14,NUTS3,Predominantly urban
UKF15,NUTS3,Predominantly urban
UKF16,NUTS3,Predominantly urban
UKF2,NUTS2,
UKF21,NUTS3,Predominantly urban
UKF22,NUTS3,Predominantly urban
UKF24,NUTS3,Intermediate
UKF25,NUTS3,Predominantly urban
UKF3,NUTS2,
UKF30,NUTS3,Intermediate
UKG,NUTS1,
UKG1,NUTS2,
UKG11,NUTS3,Predominantly rural
UKG12,NUTS3,Intermediate
UKG13,NUTS3,Predominantly urban
UKG2,NUTS2,
UKG21,NUTS3,Intermediate
UKG22,NUTS3,Intermediate
UKG23,NUTS3,Predominantly urban
UKG24,NUTS3,Predominantly urban
UKG3,NUTS2,
UKG31,NUTS3,Predominantly urban
UKG32,NUTS3,Predominantly urban
UKG33,NUTS3,Predominantly urban
UKG36,NUTS3,Predominantly urban
UKG37,NUTS3,Predominantly urban
UKG38,NUTS3,Predominantly urban
UKG39,NUTS3,Predominantly urban
UKH,NUTS1,
UKH1,NUTS2,
UKH11,NUTS3,Predominantly urban
UKH12,NUTS3,Intermediate
UKH14,NUTS3,Intermediate
UKH15,NUTS3,Predominantly urban
UKH16,NUTS3,Predominantly rural
UKH17,NUTS3,Predominantly rural
UKH2,NUTS2,
UKH21,NUTS3,Predominantly urban
UKH23,NUTS3,Predominantly urban
UKH24,NUTS3,Predominantly urban
UKH25,NUTS3,Predominantly urban
UKH3,NUTS2,
UKH31,NUTS3,Predominantly urban
UKH32,NUTS3,Predominantly urban
UKH34,NUTS3,Intermediate
UKH35,NUTS3,Intermediate
UKH36,NUTS3,Predominantly urban
UKH37,NUTS3,Predominantly urban
UKI,NUTS1,
UKI3,NUTS2,
UKI31,NUTS3,Predominantly urban
UKI32,NUTS3,Predominantly urban
UKI33,NUTS3,Predominantly urban
UKI34,NUTS3,Predominantly urban
UKI4,NUTS2,
UKI41,NUTS3,Predominantly urban
UKI42,NUTS3,Predominantly urban
UKI43,NUTS3,Predominantly urban
UKI44,NUTS3,Predominantly urban
UKI45,NUTS3,Predominantly urban
UKI5,NUTS2,
UKI51,NUTS3,Predominantly urban
UKI52,NUTS3,Predominantly urban
UKI53,NUTS3,Predominantly urban
UKI54,NUTS3,Predominantly urban
UKI6,NUTS2,
UKI61,NUTS3,Predominantly urban
UKI62,NUTS3,Predominantly urban
UKI63,NUTS3,Predominantly urban
UKI7,NUTS2,
UKI71,NUTS3,Predominantly urban
UKI72,NUTS3,Predominantly urban
UKI73,NUTS3,Predominantly urban
UKI74,NUTS3,Predominantly urban
UKI75,NUTS3,Predominantly urban
UKJ,NUTS1,
UKJ1,NUTS2,
UKJ11,NUTS3,Predominantly urban
UKJ12,NUTS3,Predominantly urban
UKJ13,NUTS3,Intermediate
UKJ14,NUTS3,Intermediate
UKJ2,NUTS2,
UKJ21,NUTS3,Predominantly urban
UKJ22,NUTS3,Intermediate
UKJ25,NUTS3,Predominantly urban
UKJ26,NUTS3,Predominantly urban
UKJ27,NUTS3,Predominantly urban
UKJ28,NUTS3,Predominantly urban
UKJ3,NUTS2,
UKJ31,NUTS3,Predominantly urban
UKJ32,NUTS3,Predominantly urban
UKJ34,NUTS3,Predominantly urban
UKJ35,NUTS3,Predominantly urban
UKJ36,NUTS3,Predominantly urban
UKJ37,NUTS3,Predominantly urban
UKJ4,NUTS2,
UKJ41,NUTS3,Predominantly urban
UKJ43,NUTS3,Predominantly urban
UKJ44,NUTS3,Predominantly urban
UKJ45,NUTS3,Intermediate
UKJ46,NUTS3,Intermediate
UKK,NUTS1,
UKK1,NUTS2,
UKK11,NUTS3,Predominantly urban
UKK12,NUTS3,Predominantly urban
UKK13,NUTS3,Intermediate
UKK14,NUTS3,Intermediate
UKK15,NUTS3,Intermediate
UKK2,NUTS2,
UKK21,NUTS3,Predominantly urban
UKK22,NUTS3,Predominantly urban
UKK23,NUTS3,Intermediate
UKK3,NUTS2,
UKK30,NUTS3,Intermediate
UKK4,NUTS2,
UKK41,NUTS3,Predominantly urban
UKK42,NUTS3,Predominantly urban
UKK43,NUTS3,Intermediate
UKL,NUTS1,
UKL1,NUTS2,
UKL11,NUTS3,Predominantly rural
UKL12,NUTS3,Predominantly rural
UKL13,NUTS3,Intermediate
UKL14,NUTS3,Predominantly rural
UKL15,NUTS3,Predominantly urban
UKL16,NUTS3,Predominantly urban
UKL17,NUTS3,Predominantly urban
UKL18,NUTS3,Predominantly urban
UKL2,NUTS2,
UKL21,NUTS3,Predominantly urban
UKL22,NUTS3,Predominantly urban
UKL23,NUTS3,Predominantly urban
UKL24,NUTS3,Predominantly rural
UKM,NUTS1,
UKM2,NUTS2,
UKM21,NUTS3,Predominantly urban
UKM22,NUTS3,Predominantly urban
UKM23,NUTS3,Predominantly urban
UKM24,NUTS3,Predominantly rural
UKM25,NUTS3,Predominantly urban
UKM26,NUTS3,Predominantly urban
UKM27,NUTS3,Intermediate
UKM28,NUTS3,Predominantly urban
UKM3,NUTS2,
UKM31,NUTS3,Predominantly urban
UKM32,NUTS3,Predominantly rural
UKM33,NUTS3,Intermediate
UKM34,NUTS3,Predominantly urban
UKM35,NUTS3,Predominantly urban
UKM36,NUTS3,Predominantly urban
UKM37,NUTS3,Intermediate
UKM38,NUTS3,Predominantly urban
UKM5,NUTS2,
UKM50,NUTS3,Intermediate
UKM6,NUTS2,
UKM61,NUTS3,Predominantly rural
UKM62,NUTS3,Intermediate
UKM63,NUTS3,Predominantly rural
UKM64,NUTS3,Predominantly rural
UKM65,NUTS3,Predominantly rural
UKM66,NUTS3,Predominantly rural
UKN,NUTS1,
UKN0,NUTS2,
UKN01,NUTS3,Predominantly urban
UKN02,NUTS3,Predominantly urban
UKN03,NUTS3,Intermediate
UKN04,NUTS3,Intermediate
UKN05,NUTS3,Predominantly rural
