"geo","common_birds_median","common_birds_mean"
"AT",NA,NA
"BG",NA,NA
"CY",NA,NA
"CZ",66.4,66.3
"CH",96,97.22
"BE",59.9,58.46
"DE",81.2,81.3
"DK",61.6,64.76
"EE",62.3,62.6833333333333
"EL",NA,NA
"ES",NA,NA
"HR",NA,NA
"HU",NA,NA
"FI",61.4,61.82
"FR",62.2,62.14
"IE",NA,NA
"LI",NA,NA
"LT",NA,NA
"LU",NA,NA
"LV",NA,NA
"ME",NA,NA
"MK",NA,NA
"MT",NA,NA
"NL",62,63
"IS",NA,NA
"IT",NA,NA
"PT",NA,NA
"RO",NA,NA
"NO",NA,NA
"PL",NA,NA
"SE",54.8,54.92
"SK",NA,NA
"TR",NA,NA
"UK",71.7,69.5
"SI",NA,NA
