"geo","energy.mean","energy.median"
"AT",113.439071043136,112.79838422153
"AT1",NA,NA
"AT11",7.56998183194758,7.52722771244599
"AT111",NA,NA
"AT112",NA,NA
"AT113",NA,NA
"AT12",37.8083089957991,37.5947733497639
"AT121",NA,NA
"AT122",NA,NA
"AT123",NA,NA
"AT124",NA,NA
"AT125",NA,NA
"AT126",NA,NA
"AT3",NA,NA
"AT31",21.52184481375,21.4002926693078
"AT311",NA,NA
"AT312",NA,NA
"AT313",NA,NA
"AT314",NA,NA
"AT315",NA,NA
"AT32",7.4210532450466,7.37914025181755
"AT321",NA,NA
"AT322",NA,NA
"AT323",NA,NA
"AT33",10.7748584617945,10.71400368083
"AT331",NA,NA
"AT332",NA,NA
"AT333",NA,NA
"AT334",NA,NA
"AT335",NA,NA
"AT34",3.23566075116164,3.21738622560889
"AT341",NA,NA
"AT342",NA,NA
"BE",244.632728868751,239.638481917496
"BE1",NA,NA
"BE10",0.402141117109729,0.393931291476884
"BE100",NA,NA
"BE2",NA,NA
"BE21",17.3032905785214,16.9500389648961
"BE211",NA,NA
"BE212",NA,NA
"BE213",NA,NA
"BE22",15.5843711058524,15.266211723653
"BE221",NA,NA
"BE222",NA,NA
"BE223",NA,NA
"BE23",27.8132019135892,27.2453874616803
"BE231",NA,NA
"BE232",NA,NA
"BE233",NA,NA
"BE234",NA,NA
"BE235",NA,NA
"BE236",NA,NA
"BE24",15.9303995089468,15.6051758581796
"BE241",NA,NA
"BE242",NA,NA
"BE25",38.0612539165855,37.2842225593633
"BE251",NA,NA
"BE252",NA,NA
"BE253",NA,NA
"BE254",NA,NA
"BE255",NA,NA
"BE256",NA,NA
"BE257",NA,NA
"BE258",NA,NA
"BE3",NA,NA
"BE31",11.1252807654357,10.8981549846721
"BE310",NA,NA
"BE32",38.0032707787697,37.227423163848
"BE321",NA,NA
"BE322",NA,NA
"BE323",NA,NA
"BE324",NA,NA
"AT127",NA,NA
"AT13",0.333633314789359,0.331749003977671
"AT130",NA,NA
"AT2",NA,NA
"AT21",9.16618012228021,9.11441091476809
"AT211",NA,NA
"AT212",NA,NA
"AT213",NA,NA
"AT22",15.6075495065675,15.5194004130103
"AT221",NA,NA
"AT222",NA,NA
"AT223",NA,NA
"AT224",NA,NA
"AT225",NA,NA
"AT226",NA,NA
"CH032",NA,NA
"CH033",NA,NA
"CH04",NA,NA
"CH040",NA,NA
"CH05",NA,NA
"CH051",NA,NA
"CH052",NA,NA
"CH053",NA,NA
"CH054",NA,NA
"CH055",NA,NA
"CH056",NA,NA
"CH057",NA,NA
"CH06",NA,NA
"CH061",NA,NA
"CH062",NA,NA
"CH063",NA,NA
"CH064",NA,NA
"CH065",NA,NA
"CH066",NA,NA
"CH07",NA,NA
"CH070",NA,NA
"CY",6.91185169507123,6.95461060293739
"CY0",NA,NA
"CY00",6.91185169507123,6.95461060293739
"CY000",NA,NA
"CZ",161.442651231197,166.054963374451
"CZ0",NA,NA
"CZ01",0.613593696018578,0.631123671112444
"CZ010",NA,NA
"CZ02",25.5813546635507,26.312197423229
"CZ020",NA,NA
"CZ03",33.8336581246235,34.8002638575498
"CZ031",NA,NA
"CZ032",NA,NA
"CZ04",14.4428026338661,14.8554241651825
"CZ041",NA,NA
"CZ042",NA,NA
"CZ05",25.9193629467381,26.6598623844823
"CZ051",NA,NA
"CZ052",NA,NA
"CZ053",NA,NA
"CZ06",33.2579805424508,34.2081395391361
"BE325",NA,NA
"BE326",NA,NA
"BE327",NA,NA
"BE33",28.2957712541209,27.7181050114526
"BE331",NA,NA
"BE332",NA,NA
"BE334",NA,NA
"BE335",NA,NA
"BE336",NA,NA
"BE34",25.06741977444,24.5556612482474
"BE341",NA,NA
"BE342",NA,NA
"BE343",NA,NA
"BE344",NA,NA
"BE345",NA,NA
"BE35",27.0481985791805,26.4960018885917
"BE351",NA,NA
"BE352",NA,NA
"BE353",NA,NA
"BG",49.2506598180438,48.9676100489746
"BG3",NA,NA
"BG31",9.91983138843952,9.8628208632186
"BG311",NA,NA
"BG312",NA,NA
"BG313",NA,NA
"BG314",NA,NA
"BG315",NA,NA
"BG32",8.40194692243514,8.35365987115678
"BG321",NA,NA
"BG322",NA,NA
"BG323",NA,NA
"BG324",NA,NA
"BG325",NA,NA
"BG33",8.70692161631631,8.65688183691219
"BG331",NA,NA
"BG332",NA,NA
"BG333",NA,NA
"BG334",NA,NA
"BG34",8.949736537521,8.89830127006398
"BG341",NA,NA
"BG342",NA,NA
"BG343",NA,NA
"BG344",NA,NA
"BG4",NA,NA
"BG41",5.87150411514893,5.83775983862508
"BG411",NA,NA
"BG412",NA,NA
"BG413",NA,NA
"BG414",NA,NA
"BG415",NA,NA
"BG42",7.40071923818292,7.35818636899796
"BG421",NA,NA
"BG422",NA,NA
"BG423",NA,NA
"BG424",NA,NA
"BG425",NA,NA
"CH",NA,NA
"CH0",NA,NA
"CH01",NA,NA
"CH011",NA,NA
"CH012",NA,NA
"CH013",NA,NA
"CH02",NA,NA
"CH021",NA,NA
"CH022",NA,NA
"CH023",NA,NA
"CH024",NA,NA
"CH025",NA,NA
"CH03",NA,NA
"CH031",NA,NA
"CZ063",NA,NA
"CZ064",NA,NA
"CZ07",18.2163807447987,18.7368109624309
"CZ071",NA,NA
"CZ072",NA,NA
"CZ08",9.57751787915058,9.85114137132784
"CZ080",NA,NA
"DE",0,0
"DE1",NA,NA
"DE11",0,0
"DE111",NA,NA
"DE112",NA,NA
"DE113",NA,NA
"DE114",NA,NA
"DE115",NA,NA
"DE116",NA,NA
"DE117",NA,NA
"DE118",NA,NA
"DE119",NA,NA
"DE11A",NA,NA
"DE11B",NA,NA
"DE11C",NA,NA
"DE11D",NA,NA
"DE12",0,0
"DE121",NA,NA
"DE122",NA,NA
"DE123",NA,NA
"DE124",NA,NA
"DE125",NA,NA
"DE126",NA,NA
"DE127",NA,NA
"DE128",NA,NA
"DE129",NA,NA
"DE12A",NA,NA
"DE12B",NA,NA
"DE12C",NA,NA
"DE13",0,0
"DE131",NA,NA
"DE132",NA,NA
"DE133",NA,NA
"DE134",NA,NA
"DE135",NA,NA
"DE136",NA,NA
"DE214",NA,NA
"DE215",NA,NA
"DE216",NA,NA
"DE217",NA,NA
"DE218",NA,NA
"DE219",NA,NA
"DE21A",NA,NA
"DE21B",NA,NA
"DE21C",NA,NA
"DE21D",NA,NA
"DE21E",NA,NA
"DE21F",NA,NA
"DE21G",NA,NA
"DE21H",NA,NA
"DE21I",NA,NA
"DE21J",NA,NA
"DE21K",NA,NA
"DE21L",NA,NA
"DE21M",NA,NA
"DE21N",NA,NA
"DE22",0,0
"DE221",NA,NA
"DE222",NA,NA
"DE223",NA,NA
"DE224",NA,NA
"DE225",NA,NA
"DE226",NA,NA
"DE227",NA,NA
"DE228",NA,NA
"DE229",NA,NA
"DE22A",NA,NA
"DE22B",NA,NA
"DE22C",NA,NA
"DE23",0,0
"DE231",NA,NA
"DE232",NA,NA
"DE233",NA,NA
"DE234",NA,NA
"DE235",NA,NA
"DE236",NA,NA
"DE237",NA,NA
"DE238",NA,NA
"DE239",NA,NA
"DE23A",NA,NA
"DE24",0,0
"DE241",NA,NA
"DE242",NA,NA
"DE243",NA,NA
"DE244",NA,NA
"DE245",NA,NA
"DE246",NA,NA
"DE247",NA,NA
"DE248",NA,NA
"DE249",NA,NA
"DE24A",NA,NA
"DE24B",NA,NA
"DE24C",NA,NA
"DE24D",NA,NA
"DE25",0,0
"DE251",NA,NA
"DE252",NA,NA
"DE253",NA,NA
"DE254",NA,NA
"DE255",NA,NA
"DE256",NA,NA
"DE257",NA,NA
"DE258",NA,NA
"DE259",NA,NA
"DE25A",NA,NA
"DE25B",NA,NA
"DE25C",NA,NA
"DE26",0,0
"DE261",NA,NA
"DE262",NA,NA
"DE263",NA,NA
"DE264",NA,NA
"DE265",NA,NA
"DE266",NA,NA
"DE267",NA,NA
"DE268",NA,NA
"DE269",NA,NA
"DE26A",NA,NA
"DE26B",NA,NA
"DE26C",NA,NA
"DE137",NA,NA
"DE138",NA,NA
"DE139",NA,NA
"DE13A",NA,NA
"DE14",0,0
"DE141",NA,NA
"DE142",NA,NA
"DE143",NA,NA
"DE144",NA,NA
"DE145",NA,NA
"DE146",NA,NA
"DE147",NA,NA
"DE148",NA,NA
"DE149",NA,NA
"DE2",NA,NA
"DE21",0,0
"DE211",NA,NA
"DE212",NA,NA
"DE213",NA,NA
"DE80O",NA,NA
"DE9",NA,NA
"DE91",0,0
"DE911",NA,NA
"DE912",NA,NA
"DE913",NA,NA
"DE914",NA,NA
"DE915",NA,NA
"DE916",NA,NA
"DE917",NA,NA
"DE918",NA,NA
"DE919",NA,NA
"DE91A",NA,NA
"DE91B",NA,NA
"DE92",0,0
"DE922",NA,NA
"DE923",NA,NA
"DE925",NA,NA
"DE926",NA,NA
"DE927",NA,NA
"DE928",NA,NA
"DE929",NA,NA
"DE93",0,0
"DE931",NA,NA
"DE932",NA,NA
"DE933",NA,NA
"DE934",NA,NA
"DE935",NA,NA
"DE936",NA,NA
"DE937",NA,NA
"DE938",NA,NA
"DE939",NA,NA
"DE93A",NA,NA
"DE93B",NA,NA
"DE94",0,0
"DE941",NA,NA
"DE942",NA,NA
"DE943",NA,NA
"DE944",NA,NA
"DE945",NA,NA
"DE946",NA,NA
"DE947",NA,NA
"DE948",NA,NA
"DE949",NA,NA
"DE94A",NA,NA
"DE94B",NA,NA
"DE94C",NA,NA
"DE94D",NA,NA
"DE94E",NA,NA
"DE94F",NA,NA
"DE94G",NA,NA
"DE94H",NA,NA
"DEA",NA,NA
"DEA1",0,0
"DEA11",NA,NA
"DEA12",NA,NA
"DEA13",NA,NA
"DEA14",NA,NA
"DEA15",NA,NA
"DEA16",NA,NA
"DEA17",NA,NA
"DEA18",NA,NA
"DEA19",NA,NA
"DEA1A",NA,NA
"DEA1B",NA,NA
"DEA1C",NA,NA
"DEA1D",NA,NA
"DEA1E",NA,NA
"DE27",0,0
"DE271",NA,NA
"DE272",NA,NA
"DE273",NA,NA
"DE274",NA,NA
"DE275",NA,NA
"DE276",NA,NA
"DE277",NA,NA
"DE278",NA,NA
"DE279",NA,NA
"DE27A",NA,NA
"DE27B",NA,NA
"DE27C",NA,NA
"DE27D",NA,NA
"DE27E",NA,NA
"DE3",NA,NA
"DE30",0,0
"DE300",NA,NA
"DE4",NA,NA
"DE40",0,0
"DE401",NA,NA
"DE402",NA,NA
"DE403",NA,NA
"DE404",NA,NA
"DE405",NA,NA
"DE406",NA,NA
"DE407",NA,NA
"DE408",NA,NA
"DE409",NA,NA
"DE40A",NA,NA
"DE40B",NA,NA
"DE40C",NA,NA
"DE40D",NA,NA
"DE40E",NA,NA
"DE40F",NA,NA
"DE40G",NA,NA
"DE40H",NA,NA
"DE40I",NA,NA
"DE5",NA,NA
"DE50",0,0
"DE501",NA,NA
"DE502",NA,NA
"DE6",NA,NA
"DE60",0,0
"DE600",NA,NA
"DE7",NA,NA
"DE71",0,0
"DE711",NA,NA
"DE712",NA,NA
"DE713",NA,NA
"DE714",NA,NA
"DE715",NA,NA
"DE716",NA,NA
"DE717",NA,NA
"DE718",NA,NA
"DE719",NA,NA
"DE71A",NA,NA
"DE71B",NA,NA
"DE71C",NA,NA
"DE71D",NA,NA
"DE71E",NA,NA
"DE72",0,0
"DE721",NA,NA
"DE722",NA,NA
"DE723",NA,NA
"DE724",NA,NA
"DE725",NA,NA
"DE73",0,0
"DE731",NA,NA
"DE732",NA,NA
"DE733",NA,NA
"DE734",NA,NA
"DE735",NA,NA
"DE736",NA,NA
"DE737",NA,NA
"DE8",NA,NA
"DE80",0,0
"DE803",NA,NA
"DE804",NA,NA
"DE80J",NA,NA
"DE80K",NA,NA
"DE80L",NA,NA
"DE80M",NA,NA
"DE80N",NA,NA
"DEA1F",NA,NA
"DEA2",0,0
"DEA22",NA,NA
"DEA23",NA,NA
"DEA24",NA,NA
"DEA26",NA,NA
"DEA27",NA,NA
"DEA28",NA,NA
"DEA29",NA,NA
"DEA2A",NA,NA
"DEA2B",NA,NA
"DEA2C",NA,NA
"DEA2D",NA,NA
"DEA3",0,0
"DEA31",NA,NA
"DEA32",NA,NA
"DEA33",NA,NA
"DEA34",NA,NA
"DEA35",NA,NA
"DEA36",NA,NA
"DEA37",NA,NA
"DEA38",NA,NA
"DEA4",0,0
"DEA41",NA,NA
"DEA42",NA,NA
"DEA43",NA,NA
"DEB17",NA,NA
"DEB18",NA,NA
"DEB19",NA,NA
"DEB1A",NA,NA
"DEB1B",NA,NA
"DEB2",0,0
"DEB21",NA,NA
"DEB22",NA,NA
"DEB23",NA,NA
"DEB24",NA,NA
"DEB25",NA,NA
"DEB3",0,0
"DEB31",NA,NA
"DEB32",NA,NA
"DEB33",NA,NA
"DEB34",NA,NA
"DEB35",NA,NA
"DEB36",NA,NA
"DEB37",NA,NA
"DEB38",NA,NA
"DEB39",NA,NA
"DEB3A",NA,NA
"DEB3B",NA,NA
"DEB3C",NA,NA
"DEB3D",NA,NA
"DEB3E",NA,NA
"DEB3F",NA,NA
"DEB3G",NA,NA
"DEB3H",NA,NA
"DEB3I",NA,NA
"DEB3J",NA,NA
"DEB3K",NA,NA
"DEC",NA,NA
"DEC0",0,0
"DEC01",NA,NA
"DEC02",NA,NA
"DEC03",NA,NA
"DEC04",NA,NA
"DEC05",NA,NA
"DEC06",NA,NA
"DED",NA,NA
"DED2",0,0
"DED21",NA,NA
"DED2C",NA,NA
"DED2D",NA,NA
"DED2E",NA,NA
"DED2F",NA,NA
"DED4",0,0
"DED41",NA,NA
"DED42",NA,NA
"DED43",NA,NA
"DED44",NA,NA
"DED45",NA,NA
"DED5",0,0
"DED51",NA,NA
"DED52",NA,NA
"DED53",NA,NA
"DEE",NA,NA
"DEE0",16.0186137510496,15.2001300393179
"DEE01",NA,NA
"DEE02",NA,NA
"DEE03",NA,NA
"DEE04",NA,NA
"DEE05",NA,NA
"DEE06",NA,NA
"DEE07",NA,NA
"DEE08",NA,NA
"DEE09",NA,NA
"DEE0A",NA,NA
"DEE0B",NA,NA
"DEE0C",NA,NA
"DEE0D",NA,NA
"DEE0E",NA,NA
"DEF",NA,NA
"DEF0",0,0
"DEF01",NA,NA
"DEF02",NA,NA
"DEF03",NA,NA
"DEF04",NA,NA
"DEF05",NA,NA
"DEF06",NA,NA
"DEF07",NA,NA
"DEF08",NA,NA
"DEF09",NA,NA
"DEF0A",NA,NA
"DEF0B",NA,NA
"DEF0C",NA,NA
"DEF0D",NA,NA
"DEF0E",NA,NA
"DEF0F",NA,NA
"DEG",NA,NA
"DEG0",0,0
"DEG01",NA,NA
"DEG02",NA,NA
"DEG03",NA,NA
"DEG04",NA,NA
"DEG05",NA,NA
"DEG06",NA,NA
"DEG07",NA,NA
"DEG09",NA,NA
"DEG0A",NA,NA
"DEG0B",NA,NA
"DEG0C",NA,NA
"DEG0D",NA,NA
"DEG0E",NA,NA
"DEG0F",NA,NA
"DEG0G",NA,NA
"DEG0H",NA,NA
"DEA44",NA,NA
"DEA45",NA,NA
"DEA46",NA,NA
"DEA47",NA,NA
"DEA5",0,0
"DEA51",NA,NA
"DEA52",NA,NA
"DEA53",NA,NA
"DEA54",NA,NA
"DEA55",NA,NA
"DEA56",NA,NA
"DEA57",NA,NA
"DEA58",NA,NA
"DEA59",NA,NA
"DEA5A",NA,NA
"DEA5B",NA,NA
"DEA5C",NA,NA
"DEB",NA,NA
"DEB1",0,0
"DEB11",NA,NA
"DEB12",NA,NA
"DEB13",NA,NA
"DEB14",NA,NA
"DEB15",NA,NA
"DEB16",NA,NA
"DK032",NA,NA
"DK04",82.8042538940579,82.6276761636214
"DK041",NA,NA
"DK042",NA,NA
"DK05",50.7813934123748,50.6731035265842
"DK050",NA,NA
"EE",13.0783120898784,12.4100654120528
"EE0",NA,NA
"EE00",13.0783120898784,12.4100654120528
"EE001",NA,NA
"DEG0I",NA,NA
"DEG0J",NA,NA
"DEG0K",NA,NA
"DEG0L",NA,NA
"DEG0M",NA,NA
"DEG0N",NA,NA
"DEG0P",NA,NA
"DK",273.961391952483,273.377177029418
"DK0",NA,NA
"DK01",10.3001969501785,10.2782320713833
"DK011",NA,NA
"DK012",NA,NA
"DK013",NA,NA
"DK014",NA,NA
"DK02",49.163358818353,49.0585193455901
"DK021",NA,NA
"DK022",NA,NA
"DK03",80.9121888775192,80.7396459222391
"DK031",NA,NA
"EE004",NA,NA
"EE006",NA,NA
"EE007",NA,NA
"EE008",NA,NA
"EL3",NA,NA
"EL30",2.16657698784068,1.52588254457146
"EL301",NA,NA
"EL302",NA,NA
"EL303",NA,NA
"EL",193.679141965855,136.404855969516
"EL421",NA,NA
"EL42",8.53431145164338,6.01056733597899
"EL422",NA,NA
"EL304",NA,NA
"EL305",NA,NA
"EL306",NA,NA
"EL307",NA,NA
"EL4",NA,NA
"EL41",9.80044101843782,6.90228040040277
"EL411",NA,NA
"EL412",NA,NA
"EL413",NA,NA
"EL631",NA,NA
"EL632",NA,NA
"EL633",NA,NA
"EL64",NA,NA
"EL641",NA,NA
"EL642",NA,NA
"EL643",NA,NA
"EL644",NA,NA
"EL645",NA,NA
"EL65",NA,NA
"EL651",NA,NA
"EL652",NA,NA
"EL653",NA,NA
"FI200",NA,NA
"EL43",24.1589484773356,17.0147278327312
"EL431",NA,NA
"EL432",NA,NA
"EL433",NA,NA
"EL434",NA,NA
"EL5",NA,NA
"EL51",NA,NA
"EL511",NA,NA
"EL512",NA,NA
"EL513",NA,NA
"EL514",NA,NA
"EL515",NA,NA
"EL52",NA,NA
"EL521",NA,NA
"EL522",NA,NA
"EL523",NA,NA
"EL524",NA,NA
"EL525",NA,NA
"EL526",NA,NA
"EL527",NA,NA
"EL53",NA,NA
"EL531",NA,NA
"EL532",NA,NA
"EL533",NA,NA
"EL54",NA,NA
"EL541",NA,NA
"EL542",NA,NA
"EL543",NA,NA
"EL6",NA,NA
"EL61",NA,NA
"EL611",NA,NA
"EL612",NA,NA
"EL613",NA,NA
"EL62",NA,NA
"EL621",NA,NA
"EL622",NA,NA
"EL623",NA,NA
"EL624",NA,NA
"EL63",NA,NA
"ES",803.786467087454,778.103064682661
"ES1",NA,NA
"ES120",NA,NA
"ES13",7.69109445477974,7.44534078523719
"ES130",NA,NA
"ES2",NA,NA
"ES21",6.45955342748377,6.25315120895117
"ES211",NA,NA
"ES212",NA,NA
"ES213",NA,NA
"ES22",18.8660356419578,18.2632088900577
"ES220",NA,NA
"ES23",7.44582115774684,7.20790470996006
"ES230",NA,NA
"ES24",78.0214012892163,75.5283821509895
"ES241",NA,NA
"ES242",NA,NA
"ES243",NA,NA
"ES3",NA,NA
"ES30",10.4922465952961,10.1569876646328
"ES300",NA,NA
"ES4",NA,NA
"ES41",182.684795166127,176.84746485564
"ES411",NA,NA
"ES412",NA,NA
"ES413",NA,NA
"ES414",NA,NA
"ES415",NA,NA
"ES416",NA,NA
"ES417",NA,NA
"ES418",NA,NA
"ES419",NA,NA
"ES42",139.568095340177,135.108473659208
"ES421",NA,NA
"ES422",NA,NA
"ES423",NA,NA
"ES424",NA,NA
"ES425",NA,NA
"ES43",85.9570791020781,83.2104911181838
"ES431",NA,NA
"ES432",NA,NA
"FI2",NA,NA
"FI20",0.289010220239398,0.286676974634134
"ES11",22.613439053587,21.8908714578995
"ES111",NA,NA
"ES112",NA,NA
"ES113",NA,NA
"ES114",NA,NA
"ES12",11.6016684282887,11.2309601232703
"FI",33.7410192672329,33.4686203020433
"ES5",NA,NA
"ES51",38.8183801620542,37.5780158125313
"ES511",NA,NA
"ES512",NA,NA
"ES513",NA,NA
"ES514",NA,NA
"ES52",22.0004282957424,21.2974482430366
"ES521",NA,NA
"ES522",NA,NA
"ES523",NA,NA
"ES53",6.08112191293371,5.88681172290474
"ES531",NA,NA
"ES532",NA,NA
"ES533",NA,NA
"ES6",NA,NA
"ES61",150.717163816697,145.901295764527
"ES611",NA,NA
"ES612",NA,NA
"ES613",NA,NA
"ES614",NA,NA
"ES615",NA,NA
"ES616",NA,NA
"ES617",NA,NA
"ES618",NA,NA
"ES62",12.9660227036264,12.5517191636656
"ES620",NA,NA
"ES63",NA,NA
"ES630",NA,NA
"ES64",NA,NA
"ES640",NA,NA
"ES7",NA,NA
"ES70",NA,NA
"ES703",NA,NA
"ES704",NA,NA
"ES705",NA,NA
"ES706",NA,NA
"ES707",NA,NA
"ES708",NA,NA
"ES709",NA,NA
"FI1D6",NA,NA
"FI1D7",NA,NA
"FI1",NA,NA
"FI19",11.6961179564709,11.6016925212805
"FI193",NA,NA
"FI194",NA,NA
"FI195",NA,NA
"FI196",NA,NA
"FI197",NA,NA
"FI1C",9.14854091023793,9.0746826471782
"FI1C1",NA,NA
"FI1C2",NA,NA
"FI1C3",NA,NA
"FI1C4",NA,NA
"FI1C5",NA,NA
"FI1D",9.92465531241534,9.84453130028777
"FI1D1",NA,NA
"FI1D2",NA,NA
"FI1D3",NA,NA
"FI1D4",NA,NA
"FI1D5",NA,NA
"FI1B",2.68269486786924,2.66103685866273
"FI1B1",NA,NA
"FR262",NA,NA
"FR263",NA,NA
"FR264",NA,NA
"FR3",NA,NA
"FR30",39.6050199841662,39.6638238619215
"FR301",NA,NA
"FR302",NA,NA
"FR4",NA,NA
"FR41",55.0384055286611,55.1201242519909
"FR411",NA,NA
"FR412",NA,NA
"FR413",NA,NA
"FR414",NA,NA
"FR42",16.6424054936047,16.6671154414494
"FR421",NA,NA
"FR422",NA,NA
"FR43",32.6167580793646,32.6651860780284
"FR431",NA,NA
"FR432",NA,NA
"FR433",NA,NA
"FR434",NA,NA
"FR51",101.899005964573,102.050301348151
"FR511",NA,NA
"FR5",NA,NA
"FR512",NA,NA
"FR513",NA,NA
"FR514",NA,NA
"FR515",NA,NA
"FR",1350.68563217608,1352.6910737295
"FR1",NA,NA
"FR10",27.8342393761203,27.8755664909744
"FR101",NA,NA
"FR102",NA,NA
"FR103",NA,NA
"FR104",NA,NA
"FR105",NA,NA
"FR106",NA,NA
"FR107",NA,NA
"FR108",NA,NA
"FR2",NA,NA
"FR21",74.6042728726301,74.7150421777278
"FR211",NA,NA
"FR212",NA,NA
"FR213",NA,NA
"FR214",NA,NA
"FR22",64.1087332016436,64.2039191682646
"FR221",NA,NA
"FR222",NA,NA
"FR223",NA,NA
"FR23",37.2191167418635,37.2743781302411
"FR231",NA,NA
"FR232",NA,NA
"FR24",112.133070116964,112.299560611101
"FR241",NA,NA
"FR242",NA,NA
"FR243",NA,NA
"FR244",NA,NA
"FR245",NA,NA
"FR246",NA,NA
"FR25",59.8793545153903,59.9682608773716
"FR251",NA,NA
"FR252",NA,NA
"FR253",NA,NA
"FR26",84.9917165191695,85.1179086662863
"FR261",NA,NA
"FR52",80.0334200464413,80.1522503222657
"FR521",NA,NA
"FR522",NA,NA
"FR523",NA,NA
"FR61",70.8063044461075,70.9114346864815
"FR611",NA,NA
"FR612",NA,NA
"FR613",NA,NA
"FR614",NA,NA
"FR615",NA,NA
"FR62",123.867818716861,124.05173247508
"FR621",NA,NA
"FR622",NA,NA
"FR623",NA,NA
"FR624",NA,NA
"FR625",NA,NA
"FR626",NA,NA
"FR627",NA,NA
"FR628",NA,NA
"FR63",41.4071073106483,41.4685868523192
"FR631",NA,NA
"FR632",NA,NA
"FR633",NA,NA
"FR7",NA,NA
"FR71",73.4161904417692,73.5251957317482
"FR711",NA,NA
"FR712",NA,NA
"FR713",NA,NA
"FR714",NA,NA
"FR715",NA,NA
"FR716",NA,NA
"FR717",NA,NA
"FR718",NA,NA
"FR72",69.4716593875051,69.5748080026987
"FR721",NA,NA
"FR722",NA,NA
"FR723",NA,NA
"FR724",NA,NA
"FR8",NA,NA
"FR81",48.8219102848901,48.8943990159984
"FR811",NA,NA
"FR812",NA,NA
"FR813",NA,NA
"FR814",NA,NA
"FR815",NA,NA
"FR82",39.0523668862042,39.1103502077465
"FR821",NA,NA
"FR822",NA,NA
"FR823",NA,NA
"FR824",NA,NA
"FR825",NA,NA
"FR826",NA,NA
"FR524",NA,NA
"FR53",83.8031471692795,83.9275745783206
"FR531",NA,NA
"FR532",NA,NA
"FR533",NA,NA
"FR534",NA,NA
"FR6",NA,NA
"HR033",NA,NA
"HR034",NA,NA
"HR035",NA,NA
"HR036",NA,NA
"HR037",NA,NA
"HR04",27.6882330713987,27.6229442216569
"HR041",NA,NA
"HR042",NA,NA
"HR043",NA,NA
"HR044",NA,NA
"HR045",NA,NA
"HR046",NA,NA
"HR047",NA,NA
"HR048",NA,NA
"HR049",NA,NA
"HR04A",NA,NA
"HR04B",NA,NA
"HR04C",NA,NA
"HR04D",NA,NA
"HR04E",NA,NA
"HU",184.371392034729,181.391561916851
"HU1",NA,NA
"HU10",10.6829231453725,10.5102646012012
"HU101",NA,NA
"HU102",NA,NA
"HU2",NA,NA
"HU21",20.6792820887483,20.3450613243222
"HU211",NA,NA
"HU212",NA,NA
"HU213",NA,NA
"HU22",20.2813599301515,19.9535704261269
"HU221",NA,NA
"HU222",NA,NA
"HU223",NA,NA
"HU23",26.9031014031588,26.4682906066424
"HU231",NA,NA
"HU232",NA,NA
"HU233",NA,NA
"FR83",7.74201256175763,7.75350757830966
"FR831",NA,NA
"FR832",NA,NA
"FRA",NA,NA
"FRA1",NA,NA
"FRA10",NA,NA
"FRA2",NA,NA
"FRA20",NA,NA
"FRA3",NA,NA
"FRA30",NA,NA
"FRA4",NA,NA
"FRA40",NA,NA
"FRA5",NA,NA
"FRA50",NA,NA
"HR031",NA,NA
"HR032",NA,NA
"HR",39.4130693354548,39.3201333234287
"HR0",NA,NA
"HR03",11.7250871109842,11.6974393572028
"HU3",NA,NA
"HU31",21.552335182983,21.2040040412581
"HU311",NA,NA
"HU312",NA,NA
"HU313",NA,NA
"HU32",40.5270850401302,39.8720819658482
"HU321",NA,NA
"HU322",NA,NA
"HU323",NA,NA
"HU33",43.7453052441845,43.0382889514516
"HU331",NA,NA
"IE",103.846568738109,102.43445534853
"IE0",NA,NA
"IE01",47.7178780429012,47.0690067770952
"IE011",NA,NA
"IE012",NA,NA
"IE013",NA,NA
"IE02",56.1284786864197,55.3652394455575
"IE021",NA,NA
"IE022",NA,NA
"IE023",NA,NA
"IE024",NA,NA
"IE025",NA,NA
"HU332",NA,NA
"HU333",NA,NA
"IT",749.887220163133,750.141966133068
"ITC",NA,NA
"ITC1",58.7928330038826,58.8128056569243
"ITC11",NA,NA
"ITC12",NA,NA
"ITC13",NA,NA
"ITC14",NA,NA
"ITC15",NA,NA
"ITC16",NA,NA
"ITC17",NA,NA
"ITC18",NA,NA
"ITC2",3.25332160110249,3.25442679471627
"ITC20",NA,NA
"ITC3",2.31370728460956,2.31449327961056
"ITC31",NA,NA
"ITC32",NA,NA
"ITC33",NA,NA
"ITC34",NA,NA
"ITC4",57.1652425057886,57.1846622461937
"ITC41",NA,NA
"ITC42",NA,NA
"ITC43",NA,NA
"ITC44",NA,NA
"ITC46",NA,NA
"ITC47",NA,NA
"ITC48",NA,NA
"ITC49",NA,NA
"ITC4A",NA,NA
"ITC4B",NA,NA
"ITC4C",NA,NA
"ITC4D",NA,NA
"ITF",NA,NA
"ITF1",26.2893673142243,26.2982981376806
"ITF11",NA,NA
"IS",NA,NA
"IS0",NA,NA
"IS00",NA,NA
"IS001",NA,NA
"ITF12",NA,NA
"ITF13",NA,NA
"IS002",NA,NA
"SE2",NA,NA
"TR62",NA,NA
"TR621",NA,NA
"TR622",NA,NA
"TR63",NA,NA
"TR631",NA,NA
"TR632",NA,NA
"TR633",NA,NA
"TR7",NA,NA
"TR71",NA,NA
"TR711",NA,NA
"SE21",3.39527981258902,2.87914839431092
"SE211",NA,NA
"SE212",NA,NA
"SE213",NA,NA
"UK",388.958555669414,378.165101226583
"UKC",NA,NA
"UKC1",4.93050767428331,4.79368793041415
"UKC11",NA,NA
"UKC12",NA,NA
"UKC13",NA,NA
"UKC14",NA,NA
"UKC2",9.72116348729006,9.45140483639523
"UKC21",NA,NA
"UKC22",NA,NA
"UKC23",NA,NA
"UKD",NA,NA
"UKD1",12.2349052891761,11.8953912434603
"SE214",NA,NA
"SE22",3.61854866007822,3.06847716225655
"SE221",NA,NA
"SE224",NA,NA
"SE23",4.4081250650937,3.73802658503377
"UKD45",NA,NA
"UKD46",NA,NA
"UKD47",NA,NA
"UKD6",3.23365338954886,3.14392071742924
"UKD61",NA,NA
"UKD62",NA,NA
"UKD63",NA,NA
"UKD7",0.411249775054044,0.399837747610577
"UKD71",NA,NA
"UKD72",NA,NA
"UKD73",NA,NA
"UKD74",NA,NA
"UKE",NA,NA
"UKE1",6.4639395593238,6.28456765417389
"UKE11",NA,NA
"UKE12",NA,NA
"UKE13",NA,NA
"UKE2",16.6147602897653,16.1537069059221
"UKE21",NA,NA
"UKE22",NA,NA
"UKE3",1.91707045794844,1.86387246975673
"UKE31",NA,NA
"UKE32",NA,NA
"UKE4",2.22595675187549,2.16418728455594
"UKE41",NA,NA
"UKE42",NA,NA
"UKE44",NA,NA
"UKE45",NA,NA
"UKF",NA,NA
"UKF1",6.83321132786305,6.64359226924999
"UKF11",NA,NA
"UKF12",NA,NA
"UKF13",NA,NA
"UKF14",NA,NA
"UKF15",NA,NA
"UKF16",NA,NA
"UKF2",8.16034488142173,7.93389836306753
"UKF21",NA,NA
"UKF22",NA,NA
"UKF24",NA,NA
"UKF25",NA,NA
"UKF3",11.2058829262679,10.8949238662513
"UKF30",NA,NA
"UKG",NA,NA
"UKG1",9.3260763671508,9.06728123607065
"UKG11",NA,NA
"UKG12",NA,NA
"UKG13",NA,NA
"UKG2",9.68726680823265,9.41844877750374
"UKG21",NA,NA
"UKG22",NA,NA
"UKG23",NA,NA
"UKG24",NA,NA
"UKG3",0.29586637746792,0.287656196152151
"UKG31",NA,NA
"UKG32",NA,NA
"UKG33",NA,NA
"UKG36",NA,NA
"UKG37",NA,NA
"UKG38",NA,NA
"UKG39",NA,NA
"UKH",NA,NA
"UKH1",21.3694990918503,20.7765034846009
"UKH11",NA,NA
"UKH12",NA,NA
"UKH14",NA,NA
"UKH15",NA,NA
"UKH16",NA,NA
"UKH17",NA,NA
"UKH2",3.92325999924647,3.81439100163213
"UKH21",NA,NA
"UKH23",NA,NA
"UKH24",NA,NA
"UKH25",NA,NA
"UKH3",5.84818730333404,5.68590229298622
"UKH31",NA,NA
"UKH32",NA,NA
"UKH34",NA,NA
"UKH35",NA,NA
"UKH36",NA,NA
"UKH37",NA,NA
"UKI",NA,NA
"UKI3",NA,NA
"UKI31",NA,NA
"UKI32",NA,NA
"UKI33",NA,NA
"UKI34",NA,NA
"UKI4",NA,NA
"UKI41",NA,NA
"UKI42",NA,NA
"UKI43",NA,NA
"UKI44",NA,NA
"UKI45",NA,NA
"UKI5",NA,NA
"UKI51",NA,NA
"UKI52",NA,NA
"UKI53",NA,NA
"UKI54",NA,NA
"UKI6",NA,NA
"UKI61",NA,NA
"UKI62",NA,NA
"UKI63",NA,NA
"UKI7",NA,NA
"UKI71",NA,NA
"UKI72",NA,NA
"UKI73",NA,NA
"UKI74",NA,NA
"UKI75",NA,NA
"UKJ",NA,NA
"UKJ1",8.6111033684897,8.37214847071056
"UKJ11",NA,NA
"UKJ12",NA,NA
"UKJ13",NA,NA
"UKJ14",NA,NA
"UKJ2",7.08081422190487,6.88432427558976
"UKJ21",NA,NA
"UKJ22",NA,NA
"UKJ25",NA,NA
"UKJ26",NA,NA
"UKJ27",NA,NA
"UKJ28",NA,NA
"UKJ3",5.87220680438796,5.70925526186959
"UKJ31",NA,NA
"UKJ32",NA,NA
"UKJ34",NA,NA
"UKJ35",NA,NA
"UKJ36",NA,NA
"UKJ37",NA,NA
"UKJ4",4.97271016211637,4.83471931499427
"UKJ41",NA,NA
"UKJ43",NA,NA
"UKJ44",NA,NA
"UKJ45",NA,NA
"UKJ46",NA,NA
"UKK",NA,NA
"UKK1",12.5399754006927,12.1919957734837
"UKK11",NA,NA
"UKK12",NA,NA
"UKK13",NA,NA
"UKK14",NA,NA
"UKK15",NA,NA
"UKK2",11.1116007725983,10.803258007083
"UKK21",NA,NA
"UKK22",NA,NA
"UKK23",NA,NA
"UKK3",5.40371429317737,5.25376324262108
"UKK30",NA,NA
"UKK4",11.5919907936767,11.2703173847503
"UKK41",NA,NA
"UKK42",NA,NA
"UKK43",NA,NA
"UKL",NA,NA
"UKL1",24.55915414302,23.8776468010849
"UKL11",NA,NA
"UKL12",NA,NA
"UKL13",NA,NA
"UKL14",NA,NA
"UKL15",NA,NA
"UKL16",NA,NA
"UKL17",NA,NA
"UKL18",NA,NA
"UKL2",14.6249578847003,14.2191207733783
"UKL21",NA,NA
"UKL22",NA,NA
"UKL23",NA,NA
"UKL24",NA,NA
"UKM21",NA,NA
"UKM22",NA,NA
"UKM23",NA,NA
"UKM24",NA,NA
"UKM25",NA,NA
"UKM26",NA,NA
"UKM27",NA,NA
"UKM28",NA,NA
"UKM32",NA,NA
"UKM33",NA,NA
"UKM34",NA,NA
"UKM35",NA,NA
"UKM36",NA,NA
"UKM37",NA,NA
"UKM38",NA,NA
"UKM50",NA,NA
"UKM64",NA,NA
"UKM65",NA,NA
"UKM66",NA,NA
"UKN",NA,NA
"UKN0",23.4838886285501,22.8322195024743
"UKN01",NA,NA
"UKN02",NA,NA
"UKN03",NA,NA
"UKN04",NA,NA
"UKN05",NA,NA
"UKM31",NA,NA
"UKM62",NA,NA
"UKM61",NA,NA
"UKM2",28.0076361541446,27.2304347261907
"UKM3",17.921241562044,17.4239338115408
"UKM5",10.7474920743791,10.4492531890566
"UKM63",NA,NA
"UKM",NA,NA
"UKM6",62.0367591893206,60.3152623246008
"RO411",NA,NA
"RO412",NA,NA
"RO413",NA,NA
"RO414",NA,NA
"RO415",NA,NA
"RO42",17.8027611560561,18.0686864842252
"RO421",NA,NA
"RO422",NA,NA
"RO423",NA,NA
"RO424",NA,NA
"SE231",NA,NA
"SE232",NA,NA
"SE3",NA,NA
"SE31",1.7180966528289,1.45692122367119
"SE311",NA,NA
"SE312",NA,NA
"TR",NA,NA
"TR1",NA,NA
"TR10",NA,NA
"TR100",NA,NA
"TR712",NA,NA
"TR713",NA,NA
"TR714",NA,NA
"TR715",NA,NA
"TR72",NA,NA
"TR721",NA,NA
"TR722",NA,NA
"TR723",NA,NA
"TR8",NA,NA
"TR81",NA,NA
"TR811",NA,NA
"TR812",NA,NA
"TR813",NA,NA
"TR2",NA,NA
"TR21",NA,NA
"TR211",NA,NA
"TR212",NA,NA
"TR213",NA,NA
"TR22",NA,NA
"TR82",NA,NA
"TR821",NA,NA
"TR822",NA,NA
"TR823",NA,NA
"TR83",NA,NA
"TR831",NA,NA
"TR832",NA,NA
"TR833",NA,NA
"TR834",NA,NA
"TR9",NA,NA
"SE313",NA,NA
"SE32",0.705183886309253,0.597985782035743
"SE321",NA,NA
"TR221",NA,NA
"TR222",NA,NA
"TR3",NA,NA
"TR90",NA,NA
"TR901",NA,NA
"TR902",NA,NA
"TR903",NA,NA
"TR904",NA,NA
"TR905",NA,NA
"TR906",NA,NA
"TRA",NA,NA
"TRA1",NA,NA
"TRA11",NA,NA
"TRA12",NA,NA
"SE",20.4967148312493,17.3809190559881
"SE322",NA,NA
"SE33",0.720239511646444,0.610752735544022
"SE331",NA,NA
"TR31",NA,NA
"TR310",NA,NA
"TR32",NA,NA
"TR321",NA,NA
"TR322",NA,NA
"TRA13",NA,NA
"TRA2",NA,NA
"TRA21",NA,NA
"TRA22",NA,NA
"TRA23",NA,NA
"TRA24",NA,NA
"TRB",NA,NA
"TRB1",NA,NA
"TRB11",NA,NA
"TRB12",NA,NA
"TRB13",NA,NA
"TRB14",NA,NA
"SE1",NA,NA
"SE332",NA,NA
"SI",20.2222405261784,20.0728051558032
"SI0",NA,NA
"SI03",NA,NA
"SI031",NA,NA
"SI032",NA,NA
"SI033",NA,NA
"SI034",NA,NA
"SI035",NA,NA
"SI036",NA,NA
"SI037",NA,NA
"TR323",NA,NA
"TR33",NA,NA
"TR331",NA,NA
"TR332",NA,NA
"TR333",NA,NA
"TR334",NA,NA
"TR4",NA,NA
"TR41",NA,NA
"TRB2",NA,NA
"TRB21",NA,NA
"TRB22",NA,NA
"TRB23",NA,NA
"TRB24",NA,NA
"TRC",NA,NA
"TRC1",NA,NA
"TRC11",NA,NA
"TRC12",NA,NA
"TRC13",NA,NA
"TRC2",NA,NA
"TRC21",NA,NA
"TRC22",NA,NA
"TRC3",NA,NA
"SE11",0.621128937677848,0.526708395857237
"SE110",NA,NA
"SI038",NA,NA
"SI04",NA,NA
"SI041",NA,NA
"SI042",NA,NA
"SI043",NA,NA
"SI044",NA,NA
"SK",33.3044381656777,33.3708809350855
"SK0",NA,NA
"SK01",1.3772860982793,1.38003380121851
"SK010",NA,NA
"SK02",14.3156139861713,14.3441738145727
"SK021",NA,NA
"SK022",NA,NA
"SK023",NA,NA
"TR411",NA,NA
"TR412",NA,NA
"TR413",NA,NA
"TR42",NA,NA
"TR421",NA,NA
"TR422",NA,NA
"TR423",NA,NA
"TR424",NA,NA
"TR425",NA,NA
"TR5",NA,NA
"TR51",NA,NA
"TR510",NA,NA
"TR52",NA,NA
"TRC31",NA,NA
"TRC32",NA,NA
"TRC33",NA,NA
"TRC34",NA,NA
"SE12",5.31004479101092,4.50284152636603
"SE121",NA,NA
"SE122",NA,NA
"SE123",NA,NA
"SE124",NA,NA
"SE125",NA,NA
"SK03",8.15688234247965,8.17315542445966
"SK031",NA,NA
"SK032",NA,NA
"SK04",9.4546557387474,9.47351789483467
"SK041",NA,NA
"SK042",NA,NA
"UKD11",NA,NA
"UKD12",NA,NA
"UKD3",0.90870037632029,0.883484280746516
"UKD33",NA,NA
"UKD34",NA,NA
"UKD35",NA,NA
"UKD36",NA,NA
"UKD37",NA,NA
"UKD4",4.81512427669719,4.68150637895572
"UKD41",NA,NA
"UKD42",NA,NA
"UKD44",NA,NA
"TR521",NA,NA
"TR522",NA,NA
"TR6",NA,NA
"TR61",NA,NA
"TR611",NA,NA
"TR612",NA,NA
"TR613",NA,NA
"ITI42",NA,NA
"ITI43",NA,NA
"ITI44",NA,NA
"ITI45",NA,NA
"LI",NA,NA
"LI0",NA,NA
"LI00",NA,NA
"LI000",NA,NA
"LT",28.8760064399391,28.625557271738
"LT0",NA,NA
"LT00",28.8760064399391,28.625557271738
"NO043",NA,NA
"NO052",NA,NA
"NO053",NA,NA
"NO06",NA,NA
"NO073",NA,NA
"PL218",NA,NA
"PL219",NA,NA
"PL21A",NA,NA
"PL22",25.6692671722197,25.7818773874558
"PL224",NA,NA
"PL225",NA,NA
"PL227",NA,NA
"PL228",NA,NA
"PL229",NA,NA
"PL22A",NA,NA
"PL22B",NA,NA
"PL22C",NA,NA
"PL3",NA,NA
"PL31",97.8407987393104,98.2700230459876
"PL311",NA,NA
"PL312",NA,NA
"PL314",NA,NA
"PL315",NA,NA
"PL32",40.2821522869814,40.4588687397253
"PL323",NA,NA
"PL324",NA,NA
"PL325",NA,NA
"PL326",NA,NA
"PL33",35.275773109445,35.4305267444367
"PL331",NA,NA
"PL332",NA,NA
"PL34",76.0000658370518,76.3334755800901
"PL343",NA,NA
"PL344",NA,NA
"NO061",NA,NA
"NO062",NA,NA
"NO05",NA,NA
"PL345",NA,NA
"PL4",NA,NA
"PL41",123.667255451298,124.209779558457
"PL411",NA,NA
"PL414",NA,NA
"PL415",NA,NA
"PL416",NA,NA
"PL417",NA,NA
"PL418",NA,NA
"PL42",60.2251265447373,60.4893321575163
"PL424",NA,NA
"PL426",NA,NA
"PL427",NA,NA
"PL428",NA,NA
"PL43",29.7073874952046,29.8377128090319
"PL431",NA,NA
"PL432",NA,NA
"PL5",NA,NA
"PL51",65.3685979692857,65.6553678189124
"PL514",NA,NA
"PL515",NA,NA
"PL516",NA,NA
"NO051",NA,NA
"PL517",NA,NA
"PL518",NA,NA
"PL52",37.3946019742604,37.5586508405073
"PL523",NA,NA
"PL524",NA,NA
"PL6",NA,NA
"PL61",74.6190947205529,74.9464461895617
"PL613",NA,NA
"PL616",NA,NA
"PL617",NA,NA
"PL618",NA,NA
"PL619",NA,NA
"PL62",75.2744100164799,75.6046363317407
"PL621",NA,NA
"PL622",NA,NA
"PL623",NA,NA
"PL63",52.1589345451454,52.387754043817
"PL633",NA,NA
"PL634",NA,NA
"PL636",NA,NA
"PL637",NA,NA
"PL638",NA,NA
"NO072",NA,NA
"PT",98.6212859874624,99.9173790866983
"PT1",NA,NA
"PT11",17.5114468494128,17.7415844428533
"PT111",NA,NA
"PT112",NA,NA
"PT119",NA,NA
"PT11A",NA,NA
"PT11B",NA,NA
"PT11C",NA,NA
"PT11D",NA,NA
"PT11E",NA,NA
"PT15",2.49776641703862,2.53059237123514
"PT150",NA,NA
"PT16",15.1122586580927,15.3108658245325
"PT16B",NA,NA
"PT16D",NA,NA
"PT16E",NA,NA
"PT16F",NA,NA
"PT16G",NA,NA
"PT16H",NA,NA
"PT16I",NA,NA
"PT16J",NA,NA
"PT17",2.01408314469437,2.04055247369357
"PT170",NA,NA
"PT18",58.1316338700809,58.8956069693153
"PT181",NA,NA
"PT184",NA,NA
"PT185",NA,NA
"PT186",NA,NA
"PT187",NA,NA
"PT2",NA,NA
"PT20",NA,NA
"PT200",NA,NA
"PT3",NA,NA
"PT30",NA,NA
"PT300",NA,NA
"NO07",NA,NA
"PL",1034.28348557714,1038.82085258278
"PL1",NA,NA
"PL11",69.5079225165047,69.8128514442643
"PL113",NA,NA
"PL114",NA,NA
"PL115",NA,NA
"PL116",NA,NA
"PL117",NA,NA
"RO",141.00521678211,143.111455146915
"RO1",NA,NA
"RO11",19.2586221855738,19.5462941584711
"RO111",NA,NA
"RO112",NA,NA
"RO113",NA,NA
"RO114",NA,NA
"RO115",NA,NA
"RO116",NA,NA
"RO12",18.2953562714589,18.5686396446284
"RO121",NA,NA
"RO122",NA,NA
"RO123",NA,NA
"RO124",NA,NA
"RO125",NA,NA
"RO126",NA,NA
"RO2",NA,NA
"RO21",20.9207661947932,21.2332661248395
"RO211",NA,NA
"RO212",NA,NA
"PL12",132.271050032105,132.851318697887
"PL127",NA,NA
"PL128",NA,NA
"PL129",NA,NA
"PL12A",NA,NA
"PL12B",NA,NA
"PL12C",NA,NA
"PL12D",NA,NA
"PL12E",NA,NA
"PL2",NA,NA
"PL21",39.0203294061055,39.1915102841386
"PL213",NA,NA
"PL214",NA,NA
"PL217",NA,NA
"RO213",NA,NA
"RO214",NA,NA
"RO215",NA,NA
"RO216",NA,NA
"RO22",22.5993264411406,22.9368995427275
"RO221",NA,NA
"RO222",NA,NA
"RO223",NA,NA
"RO224",NA,NA
"RO225",NA,NA
"RO226",NA,NA
"RO3",NA,NA
"RO31",24.3106111601842,24.6737462488423
"RO311",NA,NA
"RO312",NA,NA
"RO313",NA,NA
"RO314",NA,NA
"RO315",NA,NA
"RO316",NA,NA
"RO317",NA,NA
"RO32",0.816167789322341,0.8283591390413
"RO321",NA,NA
"RO322",NA,NA
"RO4",NA,NA
"RO41",17.0016055835812,17.2555638041394
"NO071",NA,NA
"ITF14",NA,NA
"ITF2",10.7968874626034,10.800555298906
"ITF21",NA,NA
"ITF22",NA,NA
"ITF3",31.5477366157585,31.5584537723487
"ITF31",NA,NA
"ITF32",NA,NA
"ITF33",NA,NA
"ITF34",NA,NA
"ITF35",NA,NA
"ITF4",73.4175951489796,73.4425360147306
"ITF43",NA,NA
"ITF44",NA,NA
"ITF45",NA,NA
"LT001",NA,NA
"LT002",NA,NA
"LT003",NA,NA
"LT004",NA,NA
"LT005",NA,NA
"LT006",NA,NA
"LT007",NA,NA
"LT008",NA,NA
"LT009",NA,NA
"LT00A",NA,NA
"LU",7.52534706260917,7.31881952744323
"LU0",NA,NA
"LU00",7.52534706260917,7.31881952744323
"LU000",NA,NA
"ITF46",NA,NA
"ITF47",NA,NA
"ITF48",NA,NA
"ITF5",30.0372880080453,30.0474920465488
"ITF51",NA,NA
"ITF52",NA,NA
"ITF6",30.8907503522477,30.9012443224726
"ITF61",NA,NA
"ITF62",NA,NA
"ITF63",NA,NA
"ITF64",NA,NA
"ITF65",NA,NA
"LV",26.6529953457046,26.1329117811922
"LV0",NA,NA
"LV00",26.6529953457046,26.1329117811922
"LV003",NA,NA
"LV005",NA,NA
"LV006",NA,NA
"LV007",NA,NA
"LV008",NA,NA
"ITG",NA,NA
"ITG1",82.1920805570208,82.2200022240654
"ITG11",NA,NA
"ITG12",NA,NA
"ITG13",NA,NA
"LV009",NA,NA
"ME",NA,NA
"ME0",NA,NA
"ME00",NA,NA
"ME000",NA,NA
"MK",NA,NA
"MK0",NA,NA
"MK00",NA,NA
"ITG14",NA,NA
"ITG15",NA,NA
"ITG16",NA,NA
"ITG17",NA,NA
"ITG18",NA,NA
"ITG19",NA,NA
"ITG2",70.318603339966,70.3424914398437
"ITG25",NA,NA
"ITG26",NA,NA
"ITG27",NA,NA
"ITG28",NA,NA
"MK001",NA,NA
"MK002",NA,NA
"MK003",NA,NA
"MK004",NA,NA
"MK005",NA,NA
"MK006",NA,NA
"MK007",NA,NA
"MK008",NA,NA
"MT",2.30514186593978,2.4062445793582
"MT0",NA,NA
"MT00",2.30514186593978,2.4062445793582
"MT001",NA,NA
"MT002",NA,NA
"NL",1618.00819632612,1625.53434400493
"ITG29",NA,NA
"ITG2A",NA,NA
"ITG2B",NA,NA
"ITG2C",NA,NA
"ITH",NA,NA
"ITH1",14.125204665484,14.1300031723345
"ITH10",NA,NA
"ITH2",8.14477027244957,8.14753715171775
"ITH20",NA,NA
"NL1",NA,NA
"NL11",142.712111407581,143.37593525498
"NL111",NA,NA
"NL112",NA,NA
"NL113",NA,NA
"NL12",198.304679106116,199.22709118273
"NL121",NA,NA
"NL122",NA,NA
"NL123",NA,NA
"NL13",131.555064897195,132.166991863053
"NL131",NA,NA
"NL132",NA,NA
"NL133",NA,NA
"NL2",NA,NA
"NL21",174.037665071359,174.847199393852
"NL211",NA,NA
"NL212",NA,NA
"NL213",NA,NA
"NL22",203.559175107868,204.506028415976
"NL221",NA,NA
"NL224",NA,NA
"NO01",NA,NA
"NO011",NA,NA
"NO012",NA,NA
"NO02",NA,NA
"ITH3",49.3514445585417,49.3682098550739
"ITH31",NA,NA
"ITH32",NA,NA
"ITH33",NA,NA
"ITH34",NA,NA
"ITH35",NA,NA
"ITH36",NA,NA
"ITH37",NA,NA
"ITH4",13.0858028127409,13.0902482219174
"ITH41",NA,NA
"ITH42",NA,NA
"ITH43",NA,NA
"ITH44",NA,NA
"ITH5",64.1088435530645,64.1306221206853
"NL225",NA,NA
"NL226",NA,NA
"NL23",77.5913909592028,77.9523064776093
"NL230",NA,NA
"NL3",NA,NA
"NL31",56.459559538824,56.7221805712355
"NL310",NA,NA
"NL32",112.130944677385,112.652520557484
"NL321",NA,NA
"NL322",NA,NA
"NL323",NA,NA
"NL324",NA,NA
"NL325",NA,NA
"NL326",NA,NA
"NL327",NA,NA
"NL33",112.65639427756,113.180414280809
"NL332",NA,NA
"NL333",NA,NA
"NL337",NA,NA
"NL338",NA,NA
"NL339",NA,NA
"NL33A",NA,NA
"NO",NA,NA
"NO0",NA,NA
"NO021",NA,NA
"NO022",NA,NA
"NO03",NA,NA
"NO031",NA,NA
"NO032",NA,NA
"NO033",NA,NA
"NO034",NA,NA
"ITH51",NA,NA
"ITH52",NA,NA
"ITH53",NA,NA
"ITH54",NA,NA
"ITH55",NA,NA
"ITH56",NA,NA
"ITH57",NA,NA
"ITH58",NA,NA
"ITH59",NA,NA
"ITI",NA,NA
"ITI1",42.8491399448694,42.8636963280462
"ITI11",NA,NA
"ITI12",NA,NA
"ITI13",NA,NA
"ITI14",NA,NA
"NL34",106.999053582341,107.496758526346
"NL341",NA,NA
"NL342",NA,NA
"NL4",NA,NA
"NL41",216.22251047209,217.228267148101
"NL411",NA,NA
"NL412",NA,NA
"NL413",NA,NA
"NL414",NA,NA
"NL42",85.7708897352632,86.1698521040299
"NL421",NA,NA
"NL422",NA,NA
"NL423",NA,NA
"NO04",NA,NA
"NO041",NA,NA
"NO042",NA,NA
"ITI15",NA,NA
"ITI16",NA,NA
"ITI17",NA,NA
"ITI18",NA,NA
"ITI19",NA,NA
"ITI1A",NA,NA
"ITI2",18.5939508540817,18.6002674493214
"ITI21",NA,NA
"ITI22",NA,NA
"ITI3",27.4335150901121,27.4428345947288
"ITI31",NA,NA
"ITI32",NA,NA
"ITI33",NA,NA
"ITI34",NA,NA
"ITI35",NA,NA
"ITI4",35.1791352175607,35.1910860052011
"ITI41",NA,NA
