"geo","weizen_a","rye_a","barley_a","oats_A","cornmaize_a","fruits_a","silomaize_a","olives_a","zitrus_a","vegetables_a","wine_a"
"AT",304.41375,47.565,149.0325,27.995,206.205,8.9075,87.27,0,0,17.2775,44.77875
"AT1",NA,38.2071428571429,93.3642857142857,NA,88.0371428571429,NA,33.8214285714286,0,0,NA,NA
"AT11",NA,5.23285714285714,9.36571428571428,NA,22.7585714285714,NA,3.62571428571429,0,0,NA,NA
"AT111",NA,NA,NA,NA,NA,NA,NA,NA,NA,NA,NA
"AT112",NA,NA,NA,NA,NA,NA,NA,NA,NA,NA,NA
"AT113",NA,NA,NA,NA,NA,NA,NA,NA,NA,NA,NA
"AT12",NA,32.7157142857143,83.72,NA,65.14,NA,30.1871428571429,0,0,NA,NA
"AT121",NA,NA,NA,NA,NA,NA,NA,NA,NA,NA,NA
"AT122",NA,NA,NA,NA,NA,NA,NA,NA,NA,NA,NA
"AT123",NA,NA,NA,NA,NA,NA,NA,NA,NA,NA,NA
"AT124",NA,NA,NA,NA,NA,NA,NA,NA,NA,NA,NA
"AT125",NA,NA,NA,NA,NA,NA,NA,NA,NA,NA,NA
"AT126",NA,NA,NA,NA,NA,NA,NA,NA,NA,NA,NA
"AT3",NA,8.10857142857143,42.8414285714286,NA,50.0271428571429,NA,33.4485714285714,0,0,NA,NA
"AT31",NA,8.02,42.0971428571429,NA,49.8642857142857,NA,28.8614285714286,0,0,NA,NA
"AT311",NA,NA,NA,NA,NA,NA,NA,NA,NA,NA,NA
"AT312",NA,NA,NA,NA,NA,NA,NA,NA,NA,NA,NA
"AT313",NA,NA,NA,NA,NA,NA,NA,NA,NA,NA,NA
"AT314",NA,NA,NA,NA,NA,NA,NA,NA,NA,NA,NA
"AT315",NA,NA,NA,NA,NA,NA,NA,NA,NA,NA,NA
"AT32",NA,0.0342857142857143,0.518571428571429,NA,0.0942857142857143,NA,0.651428571428571,0,0,NA,NA
"AT321",NA,NA,NA,NA,NA,NA,NA,NA,NA,NA,NA
"AT322",NA,NA,NA,NA,NA,NA,NA,NA,NA,NA,NA
"AT323",NA,NA,NA,NA,NA,NA,NA,NA,NA,NA,NA
"AT33",NA,0.05,0.208571428571429,NA,0.0371428571428571,NA,2.56714285714286,0,0,NA,NA
"AT331",NA,NA,NA,NA,NA,NA,NA,NA,NA,NA,NA
"AT332",NA,NA,NA,NA,NA,NA,NA,NA,NA,NA,NA
"AT333",NA,NA,NA,NA,NA,NA,NA,NA,NA,NA,NA
"AT334",NA,NA,NA,NA,NA,NA,NA,NA,NA,NA,NA
"AT335",NA,NA,NA,NA,NA,NA,NA,NA,NA,NA,NA
"AT34",NA,0.00428571428571429,0.02,NA,0.0328571428571429,NA,1.37428571428571,0,0,NA,NA
"AT341",NA,NA,NA,NA,NA,NA,NA,NA,NA,NA,NA
"AT342",NA,NA,NA,NA,NA,NA,NA,NA,NA,NA,NA
"BE",208.8925,0.60125,46.4875,3.09375,63.17125,18.06,173.53625,0,0,56.745,0.08375
"BE1",NA,0.00166666666666667,0.112857142857143,NA,0.0716666666666667,NA,0.11,0,0,NA,NA
"BE10",NA,0.00166666666666667,0.112857142857143,NA,0.0716666666666667,NA,0.11,0,0,NA,NA
"BE100",NA,NA,NA,NA,NA,NA,NA,NA,NA,NA,NA
"BE2",NA,0.2,13.9385714285714,NA,58.2133333333333,NA,118.84,0,0,NA,NA
"BE21",NA,0.0633333333333333,0.33,NA,7.05166666666667,NA,26.7885714285714,0,0,NA,NA
"BE211",NA,NA,NA,NA,NA,NA,NA,NA,NA,NA,NA
"BE212",NA,NA,NA,NA,NA,NA,NA,NA,NA,NA,NA
"BE213",NA,NA,NA,NA,NA,NA,NA,NA,NA,NA,NA
"BE22",NA,0.0883333333333333,2.52571428571429,NA,8.03666666666667,NA,15.9114285714286,0,0,NA,NA
"BE221",NA,NA,NA,NA,NA,NA,NA,NA,NA,NA,NA
"BE222",NA,NA,NA,NA,NA,NA,NA,NA,NA,NA,NA
"BE223",NA,NA,NA,NA,NA,NA,NA,NA,NA,NA,NA
"BE23",NA,0.0383333333333333,2.31285714285714,NA,16.34,NA,33.3085714285714,0,0,NA,NA
"BE231",NA,NA,NA,NA,NA,NA,NA,NA,NA,NA,NA
"BE232",NA,NA,NA,NA,NA,NA,NA,NA,NA,NA,NA
"BE233",NA,NA,NA,NA,NA,NA,NA,NA,NA,NA,NA
"BE234",NA,NA,NA,NA,NA,NA,NA,NA,NA,NA,NA
"BE235",NA,NA,NA,NA,NA,NA,NA,NA,NA,NA,NA
"BE236",NA,NA,NA,NA,NA,NA,NA,NA,NA,NA,NA
"BE24",NA,0.00833333333333333,5.11,NA,11.195,NA,8.84,0,0,NA,NA
"BE241",NA,NA,NA,NA,NA,NA,NA,NA,NA,NA,NA
"BE242",NA,NA,NA,NA,NA,NA,NA,NA,NA,NA,NA
"BE25",NA,0.005,3.50428571428571,NA,15.4433333333333,NA,33.9485714285714,0,0,NA,NA
"BE251",NA,NA,NA,NA,NA,NA,NA,NA,NA,NA,NA
"BE252",NA,NA,NA,NA,NA,NA,NA,NA,NA,NA,NA
"BE253",NA,NA,NA,NA,NA,NA,NA,NA,NA,NA,NA
"BE254",NA,NA,NA,NA,NA,NA,NA,NA,NA,NA,NA
"BE255",NA,NA,NA,NA,NA,NA,NA,NA,NA,NA,NA
"BE256",NA,NA,NA,NA,NA,NA,NA,NA,NA,NA,NA
"BE257",NA,NA,NA,NA,NA,NA,NA,NA,NA,NA,NA
"BE258",NA,NA,NA,NA,NA,NA,NA,NA,NA,NA,NA
"BE3",NA,0.238333333333333,33.34,NA,6.135,NA,54.9642857142857,0,0,NA,NA
"BE31",NA,0.005,4.34571428571429,NA,1.78333333333333,NA,3.86,0,0,NA,NA
"BE310",NA,NA,NA,NA,NA,NA,NA,NA,NA,NA,NA
"BE32",NA,0.0166666666666667,9.85714285714286,NA,3.70166666666667,NA,23.2628571428571,0,0,NA,NA
"BE321",NA,NA,NA,NA,NA,NA,NA,NA,NA,NA,NA
"BE322",NA,NA,NA,NA,NA,NA,NA,NA,NA,NA,NA
"BE323",NA,NA,NA,NA,NA,NA,NA,NA,NA,NA,NA
"BE324",NA,NA,NA,NA,NA,NA,NA,NA,NA,NA,NA
"AT127",NA,NA,NA,NA,NA,NA,NA,NA,NA,NA,NA
"AT13",NA,0.26,0.28,NA,0.135714285714286,NA,0.00714285714285714,0,0,NA,NA
"AT130",NA,NA,NA,NA,NA,NA,NA,NA,NA,NA,NA
"AT2",NA,2.72428571428571,14.2685714285714,NA,67.6742857142857,NA,20.7285714285714,0,0,NA,NA
"AT21",NA,0.778571428571429,5.69142857142857,NA,15.4685714285714,NA,9.22571428571429,0,0,NA,NA
"AT211",NA,NA,NA,NA,NA,NA,NA,NA,NA,NA,NA
"AT212",NA,NA,NA,NA,NA,NA,NA,NA,NA,NA,NA
"AT213",NA,NA,NA,NA,NA,NA,NA,NA,NA,NA,NA
"AT22",NA,1.94428571428571,8.57714285714286,NA,52.2057142857143,NA,11.5014285714286,0,0,NA,NA
"AT221",NA,NA,NA,NA,NA,NA,NA,NA,NA,NA,NA
"AT222",NA,NA,NA,NA,NA,NA,NA,NA,NA,NA,NA
"AT223",NA,NA,NA,NA,NA,NA,NA,NA,NA,NA,NA
"AT224",NA,NA,NA,NA,NA,NA,NA,NA,NA,NA,NA
"AT225",NA,NA,NA,NA,NA,NA,NA,NA,NA,NA,NA
"AT226",NA,NA,NA,NA,NA,NA,NA,NA,NA,NA,NA
"CH032",NA,NA,NA,NA,NA,NA,NA,NA,NA,NA,NA
"CH033",NA,NA,NA,NA,NA,NA,NA,NA,NA,NA,NA
"CH04",NA,0.16,2.44,NA,1.99,NA,5.185,0,0,NA,NA
"CH040",NA,NA,NA,NA,NA,NA,NA,NA,NA,NA,NA
"CH05",NA,0.195,3.08,NA,2.025,NA,7.325,0,0,NA,NA
"CH051",NA,NA,NA,NA,NA,NA,NA,NA,NA,NA,NA
"CH052",NA,NA,NA,NA,NA,NA,NA,NA,NA,NA,NA
"CH053",NA,NA,NA,NA,NA,NA,NA,NA,NA,NA,NA
"CH054",NA,NA,NA,NA,NA,NA,NA,NA,NA,NA,NA
"CH055",NA,NA,NA,NA,NA,NA,NA,NA,NA,NA,NA
"CH056",NA,NA,NA,NA,NA,NA,NA,NA,NA,NA,NA
"CH057",NA,NA,NA,NA,NA,NA,NA,NA,NA,NA,NA
"CH06",NA,0.015,1.995,NA,0.855,NA,5.73,0,0,NA,NA
"CH061",NA,NA,NA,NA,NA,NA,NA,NA,NA,NA,NA
"CH062",NA,NA,NA,NA,NA,NA,NA,NA,NA,NA,NA
"CH063",NA,NA,NA,NA,NA,NA,NA,NA,NA,NA,NA
"CH064",NA,NA,NA,NA,NA,NA,NA,NA,NA,NA,NA
"CH065",NA,NA,NA,NA,NA,NA,NA,NA,NA,NA,NA
"CH066",NA,NA,NA,NA,NA,NA,NA,NA,NA,NA,NA
"CH07",NA,0.005,0.015,NA,0.3,NA,0.195,0,0,NA,NA
"CH070",NA,NA,NA,NA,NA,NA,NA,NA,NA,NA,NA
"CY",8.76625,0,21.22,0.40625,0,5.86625,0.30625,10.685,3.0125,2.92375,6.5925
"CY0",NA,0,24.45,NA,0,NA,0.346,NA,NA,NA,NA
"CY00",NA,0,24.45,NA,0,NA,0.346,NA,NA,NA,NA
"CY000",NA,NA,NA,NA,NA,NA,NA,NA,NA,NA,NA
"CZ",834.87625,27.14125,357.8675,47.745,98.95625,16.79375,217.94625,0,0,9.81125,15.82
"CZ0",NA,27.7542857142857,362.175714285714,NA,100.807142857143,NA,208.2,0,0,NA,NA
"CZ01",NA,0.1,1.87714285714286,NA,0.207142857142857,NA,NA,0,0,NA,NA
"CZ010",NA,NA,NA,NA,NA,NA,NA,NA,NA,NA,NA
"CZ02",NA,4.67428571428571,71.2042857142857,NA,13.8085714285714,NA,NA,0,0,NA,NA
"CZ020",NA,NA,NA,NA,NA,NA,NA,NA,NA,NA,NA
"CZ03",NA,6.85857142857143,64.6385714285714,NA,4.99142857142857,NA,NA,0,0,NA,NA
"CZ031",NA,NA,NA,NA,NA,NA,NA,NA,NA,NA,NA
"CZ032",NA,NA,NA,NA,NA,NA,NA,NA,NA,NA,NA
"CZ04",NA,2.40428571428571,26.0985714285714,NA,4.03285714285714,NA,NA,0,0,NA,NA
"CZ041",NA,NA,NA,NA,NA,NA,NA,NA,NA,NA,NA
"CZ042",NA,NA,NA,NA,NA,NA,NA,NA,NA,NA,NA
"CZ05",NA,3.80428571428571,43.5528571428571,NA,13.4271428571429,NA,NA,0,0,NA,NA
"CZ051",NA,NA,NA,NA,NA,NA,NA,NA,NA,NA,NA
"CZ052",NA,NA,NA,NA,NA,NA,NA,NA,NA,NA,NA
"CZ053",NA,NA,NA,NA,NA,NA,NA,NA,NA,NA,NA
"CZ06",NA,7.24857142857143,88.6985714285714,NA,46.2542857142857,NA,NA,0,0,NA,NA
"BE325",NA,NA,NA,NA,NA,NA,NA,NA,NA,NA,NA
"BE326",NA,NA,NA,NA,NA,NA,NA,NA,NA,NA,NA
"BE327",NA,NA,NA,NA,NA,NA,NA,NA,NA,NA,NA
"BE33",NA,0.0466666666666667,5.30714285714286,NA,0.276666666666667,NA,8.83285714285714,0,0,NA,NA
"BE331",NA,NA,NA,NA,NA,NA,NA,NA,NA,NA,NA
"BE332",NA,NA,NA,NA,NA,NA,NA,NA,NA,NA,NA
"BE334",NA,NA,NA,NA,NA,NA,NA,NA,NA,NA,NA
"BE335",NA,NA,NA,NA,NA,NA,NA,NA,NA,NA,NA
"BE336",NA,NA,NA,NA,NA,NA,NA,NA,NA,NA,NA
"BE34",NA,0.1,2.43571428571429,NA,0.0366666666666667,NA,7.64428571428571,0,0,NA,NA
"BE341",NA,NA,NA,NA,NA,NA,NA,NA,NA,NA,NA
"BE342",NA,NA,NA,NA,NA,NA,NA,NA,NA,NA,NA
"BE343",NA,NA,NA,NA,NA,NA,NA,NA,NA,NA,NA
"BE344",NA,NA,NA,NA,NA,NA,NA,NA,NA,NA,NA
"BE345",NA,NA,NA,NA,NA,NA,NA,NA,NA,NA,NA
"BE35",NA,0.0233333333333333,11.38,NA,0.336666666666667,NA,11.5485714285714,0,0,NA,NA
"BE351",NA,NA,NA,NA,NA,NA,NA,NA,NA,NA,NA
"BE352",NA,NA,NA,NA,NA,NA,NA,NA,NA,NA,NA
"BE353",NA,NA,NA,NA,NA,NA,NA,NA,NA,NA,NA
"BG",1185.25125,11.67875,186.195,16.3175,416.76875,36.5733333333333,25.10375,0,0,26.7,43.425
"BG3",NA,2.72285714285714,170.734285714286,NA,400.587142857143,NA,16.555,0,0,NA,NA
"BG31",NA,0.181428571428571,34.1014285714286,NA,153.324285714286,NA,4,0,0,NA,NA
"BG311",NA,NA,NA,NA,NA,NA,NA,NA,NA,NA,NA
"BG312",NA,NA,NA,NA,NA,NA,NA,NA,NA,NA,NA
"BG313",NA,NA,NA,NA,NA,NA,NA,NA,NA,NA,NA
"BG314",NA,NA,NA,NA,NA,NA,NA,NA,NA,NA,NA
"BG315",NA,NA,NA,NA,NA,NA,NA,NA,NA,NA,NA
"BG32",NA,0.13,41.2757142857143,NA,109.83,NA,2.36,0,0,NA,NA
"BG321",NA,NA,NA,NA,NA,NA,NA,NA,NA,NA,NA
"BG322",NA,NA,NA,NA,NA,NA,NA,NA,NA,NA,NA
"BG323",NA,NA,NA,NA,NA,NA,NA,NA,NA,NA,NA
"BG324",NA,NA,NA,NA,NA,NA,NA,NA,NA,NA,NA
"BG325",NA,NA,NA,NA,NA,NA,NA,NA,NA,NA,NA
"BG33",NA,0.162857142857143,32.0171428571429,NA,125.871428571429,NA,6.715,0,0,NA,NA
"BG331",NA,NA,NA,NA,NA,NA,NA,NA,NA,NA,NA
"BG332",NA,NA,NA,NA,NA,NA,NA,NA,NA,NA,NA
"BG333",NA,NA,NA,NA,NA,NA,NA,NA,NA,NA,NA
"BG334",NA,NA,NA,NA,NA,NA,NA,NA,NA,NA,NA
"BG34",NA,2.23571428571429,63.3571428571429,NA,11.5614285714286,NA,3.475,0,0,NA,NA
"BG341",NA,NA,NA,NA,NA,NA,NA,NA,NA,NA,NA
"BG342",NA,NA,NA,NA,NA,NA,NA,NA,NA,NA,NA
"BG343",NA,NA,NA,NA,NA,NA,NA,NA,NA,NA,NA
"BG344",NA,NA,NA,NA,NA,NA,NA,NA,NA,NA,NA
"BG4",NA,8.32857142857143,24.09,NA,18.8442857142857,NA,6.65,0,0,NA,NA
"BG41",NA,3.73,6.56142857142857,NA,8.97571428571429,NA,1.68,0,0,NA,NA
"BG411",NA,NA,NA,NA,NA,NA,NA,NA,NA,NA,NA
"BG412",NA,NA,NA,NA,NA,NA,NA,NA,NA,NA,NA
"BG413",NA,NA,NA,NA,NA,NA,NA,NA,NA,NA,NA
"BG414",NA,NA,NA,NA,NA,NA,NA,NA,NA,NA,NA
"BG415",NA,NA,NA,NA,NA,NA,NA,NA,NA,NA,NA
"BG42",NA,4.6,17.5142857142857,NA,9.86857142857143,NA,4.965,0,0,NA,NA
"BG421",NA,NA,NA,NA,NA,NA,NA,NA,NA,NA,NA
"BG422",NA,NA,NA,NA,NA,NA,NA,NA,NA,NA,NA
"BG423",NA,NA,NA,NA,NA,NA,NA,NA,NA,NA,NA
"BG424",NA,NA,NA,NA,NA,NA,NA,NA,NA,NA,NA
"BG425",NA,NA,NA,NA,NA,NA,NA,NA,NA,NA,NA
"CH",88.61375,1.98625,28.32,1.8875,15.34,5.6025,56.9725,0,0,15.915,14.8425
"CH0",NA,1.995,28.55,NA,14.285,NA,47.21,0,0,NA,NA
"CH01",NA,0.605,5.3,NA,3.52,NA,5.225,0,0,NA,NA
"CH011",NA,NA,NA,NA,NA,NA,NA,NA,NA,NA,NA
"CH012",NA,NA,NA,NA,NA,NA,NA,NA,NA,NA,NA
"CH013",NA,NA,NA,NA,NA,NA,NA,NA,NA,NA,NA
"CH02",NA,0.815,11.94,NA,3.63,NA,17.185,0,0,NA,NA
"CH021",NA,NA,NA,NA,NA,NA,NA,NA,NA,NA,NA
"CH022",NA,NA,NA,NA,NA,NA,NA,NA,NA,NA,NA
"CH023",NA,NA,NA,NA,NA,NA,NA,NA,NA,NA,NA
"CH024",NA,NA,NA,NA,NA,NA,NA,NA,NA,NA,NA
"CH025",NA,NA,NA,NA,NA,NA,NA,NA,NA,NA,NA
"CH03",NA,0.2,3.785,NA,1.965,NA,6.365,0,0,NA,NA
"CH031",NA,NA,NA,NA,NA,NA,NA,NA,NA,NA,NA
"CZ063",NA,NA,NA,NA,NA,NA,NA,NA,NA,NA,NA
"CZ064",NA,NA,NA,NA,NA,NA,NA,NA,NA,NA,NA
"CZ07",NA,1.49142857142857,48.1157142857143,NA,14.1585714285714,NA,NA,0,0,NA,NA
"CZ071",NA,NA,NA,NA,NA,NA,NA,NA,NA,NA,NA
"CZ072",NA,NA,NA,NA,NA,NA,NA,NA,NA,NA,NA
"CZ08",NA,1.17857142857143,17.9971428571429,NA,3.92857142857143,NA,NA,0,0,NA,NA
"CZ080",NA,NA,NA,NA,NA,NA,NA,NA,NA,NA,NA
"DE",3204.6875,636.00125,1606.7775,148.3425,470.34875,54.06125,2040.675,0,0,127.20875,NA
"DE1",NA,10.9314285714286,155.492857142857,NA,71.8557142857143,NA,120.721428571429,0,0,NA,NA
"DE11",NA,NA,NA,NA,NA,NA,NA,0,0,NA,NA
"DE111",NA,NA,NA,NA,NA,NA,NA,NA,NA,NA,NA
"DE112",NA,NA,NA,NA,NA,NA,NA,NA,NA,NA,NA
"DE113",NA,NA,NA,NA,NA,NA,NA,NA,NA,NA,NA
"DE114",NA,NA,NA,NA,NA,NA,NA,NA,NA,NA,NA
"DE115",NA,NA,NA,NA,NA,NA,NA,NA,NA,NA,NA
"DE116",NA,NA,NA,NA,NA,NA,NA,NA,NA,NA,NA
"DE117",NA,NA,NA,NA,NA,NA,NA,NA,NA,NA,NA
"DE118",NA,NA,NA,NA,NA,NA,NA,NA,NA,NA,NA
"DE119",NA,NA,NA,NA,NA,NA,NA,NA,NA,NA,NA
"DE11A",NA,NA,NA,NA,NA,NA,NA,NA,NA,NA,NA
"DE11B",NA,NA,NA,NA,NA,NA,NA,NA,NA,NA,NA
"DE11C",NA,NA,NA,NA,NA,NA,NA,NA,NA,NA,NA
"DE11D",NA,NA,NA,NA,NA,NA,NA,NA,NA,NA,NA
"DE12",NA,NA,NA,NA,NA,NA,NA,0,0,NA,NA
"DE121",NA,NA,NA,NA,NA,NA,NA,NA,NA,NA,NA
"DE122",NA,NA,NA,NA,NA,NA,NA,NA,NA,NA,NA
"DE123",NA,NA,NA,NA,NA,NA,NA,NA,NA,NA,NA
"DE124",NA,NA,NA,NA,NA,NA,NA,NA,NA,NA,NA
"DE125",NA,NA,NA,NA,NA,NA,NA,NA,NA,NA,NA
"DE126",NA,NA,NA,NA,NA,NA,NA,NA,NA,NA,NA
"DE127",NA,NA,NA,NA,NA,NA,NA,NA,NA,NA,NA
"DE128",NA,NA,NA,NA,NA,NA,NA,NA,NA,NA,NA
"DE129",NA,NA,NA,NA,NA,NA,NA,NA,NA,NA,NA
"DE12A",NA,NA,NA,NA,NA,NA,NA,NA,NA,NA,NA
"DE12B",NA,NA,NA,NA,NA,NA,NA,NA,NA,NA,NA
"DE12C",NA,NA,NA,NA,NA,NA,NA,NA,NA,NA,NA
"DE13",NA,NA,NA,NA,NA,NA,NA,0,0,NA,NA
"DE131",NA,NA,NA,NA,NA,NA,NA,NA,NA,NA,NA
"DE132",NA,NA,NA,NA,NA,NA,NA,NA,NA,NA,NA
"DE133",NA,NA,NA,NA,NA,NA,NA,NA,NA,NA,NA
"DE134",NA,NA,NA,NA,NA,NA,NA,NA,NA,NA,NA
"DE135",NA,NA,NA,NA,NA,NA,NA,NA,NA,NA,NA
"DE136",NA,NA,NA,NA,NA,NA,NA,NA,NA,NA,NA
"DE214",NA,NA,NA,NA,NA,NA,NA,NA,NA,NA,NA
"DE215",NA,NA,NA,NA,NA,NA,NA,NA,NA,NA,NA
"DE216",NA,NA,NA,NA,NA,NA,NA,NA,NA,NA,NA
"DE217",NA,NA,NA,NA,NA,NA,NA,NA,NA,NA,NA
"DE218",NA,NA,NA,NA,NA,NA,NA,NA,NA,NA,NA
"DE219",NA,NA,NA,NA,NA,NA,NA,NA,NA,NA,NA
"DE21A",NA,NA,NA,NA,NA,NA,NA,NA,NA,NA,NA
"DE21B",NA,NA,NA,NA,NA,NA,NA,NA,NA,NA,NA
"DE21C",NA,NA,NA,NA,NA,NA,NA,NA,NA,NA,NA
"DE21D",NA,NA,NA,NA,NA,NA,NA,NA,NA,NA,NA
"DE21E",NA,NA,NA,NA,NA,NA,NA,NA,NA,NA,NA
"DE21F",NA,NA,NA,NA,NA,NA,NA,NA,NA,NA,NA
"DE21G",NA,NA,NA,NA,NA,NA,NA,NA,NA,NA,NA
"DE21H",NA,NA,NA,NA,NA,NA,NA,NA,NA,NA,NA
"DE21I",NA,NA,NA,NA,NA,NA,NA,NA,NA,NA,NA
"DE21J",NA,NA,NA,NA,NA,NA,NA,NA,NA,NA,NA
"DE21K",NA,NA,NA,NA,NA,NA,NA,NA,NA,NA,NA
"DE21L",NA,NA,NA,NA,NA,NA,NA,NA,NA,NA,NA
"DE21M",NA,NA,NA,NA,NA,NA,NA,NA,NA,NA,NA
"DE21N",NA,NA,NA,NA,NA,NA,NA,NA,NA,NA,NA
"DE22",NA,NA,NA,NA,NA,NA,NA,0,0,NA,NA
"DE221",NA,NA,NA,NA,NA,NA,NA,NA,NA,NA,NA
"DE222",NA,NA,NA,NA,NA,NA,NA,NA,NA,NA,NA
"DE223",NA,NA,NA,NA,NA,NA,NA,NA,NA,NA,NA
"DE224",NA,NA,NA,NA,NA,NA,NA,NA,NA,NA,NA
"DE225",NA,NA,NA,NA,NA,NA,NA,NA,NA,NA,NA
"DE226",NA,NA,NA,NA,NA,NA,NA,NA,NA,NA,NA
"DE227",NA,NA,NA,NA,NA,NA,NA,NA,NA,NA,NA
"DE228",NA,NA,NA,NA,NA,NA,NA,NA,NA,NA,NA
"DE229",NA,NA,NA,NA,NA,NA,NA,NA,NA,NA,NA
"DE22A",NA,NA,NA,NA,NA,NA,NA,NA,NA,NA,NA
"DE22B",NA,NA,NA,NA,NA,NA,NA,NA,NA,NA,NA
"DE22C",NA,NA,NA,NA,NA,NA,NA,NA,NA,NA,NA
"DE23",NA,NA,NA,NA,NA,NA,NA,0,0,NA,NA
"DE231",NA,NA,NA,NA,NA,NA,NA,NA,NA,NA,NA
"DE232",NA,NA,NA,NA,NA,NA,NA,NA,NA,NA,NA
"DE233",NA,NA,NA,NA,NA,NA,NA,NA,NA,NA,NA
"DE234",NA,NA,NA,NA,NA,NA,NA,NA,NA,NA,NA
"DE235",NA,NA,NA,NA,NA,NA,NA,NA,NA,NA,NA
"DE236",NA,NA,NA,NA,NA,NA,NA,NA,NA,NA,NA
"DE237",NA,NA,NA,NA,NA,NA,NA,NA,NA,NA,NA
"DE238",NA,NA,NA,NA,NA,NA,NA,NA,NA,NA,NA
"DE239",NA,NA,NA,NA,NA,NA,NA,NA,NA,NA,NA
"DE23A",NA,NA,NA,NA,NA,NA,NA,NA,NA,NA,NA
"DE24",NA,NA,NA,NA,NA,NA,NA,0,0,NA,NA
"DE241",NA,NA,NA,NA,NA,NA,NA,NA,NA,NA,NA
"DE242",NA,NA,NA,NA,NA,NA,NA,NA,NA,NA,NA
"DE243",NA,NA,NA,NA,NA,NA,NA,NA,NA,NA,NA
"DE244",NA,NA,NA,NA,NA,NA,NA,NA,NA,NA,NA
"DE245",NA,NA,NA,NA,NA,NA,NA,NA,NA,NA,NA
"DE246",NA,NA,NA,NA,NA,NA,NA,NA,NA,NA,NA
"DE247",NA,NA,NA,NA,NA,NA,NA,NA,NA,NA,NA
"DE248",NA,NA,NA,NA,NA,NA,NA,NA,NA,NA,NA
"DE249",NA,NA,NA,NA,NA,NA,NA,NA,NA,NA,NA
"DE24A",NA,NA,NA,NA,NA,NA,NA,NA,NA,NA,NA
"DE24B",NA,NA,NA,NA,NA,NA,NA,NA,NA,NA,NA
"DE24C",NA,NA,NA,NA,NA,NA,NA,NA,NA,NA,NA
"DE24D",NA,NA,NA,NA,NA,NA,NA,NA,NA,NA,NA
"DE25",NA,NA,NA,NA,NA,NA,NA,0,0,NA,NA
"DE251",NA,NA,NA,NA,NA,NA,NA,NA,NA,NA,NA
"DE252",NA,NA,NA,NA,NA,NA,NA,NA,NA,NA,NA
"DE253",NA,NA,NA,NA,NA,NA,NA,NA,NA,NA,NA
"DE254",NA,NA,NA,NA,NA,NA,NA,NA,NA,NA,NA
"DE255",NA,NA,NA,NA,NA,NA,NA,NA,NA,NA,NA
"DE256",NA,NA,NA,NA,NA,NA,NA,NA,NA,NA,NA
"DE257",NA,NA,NA,NA,NA,NA,NA,NA,NA,NA,NA
"DE258",NA,NA,NA,NA,NA,NA,NA,NA,NA,NA,NA
"DE259",NA,NA,NA,NA,NA,NA,NA,NA,NA,NA,NA
"DE25A",NA,NA,NA,NA,NA,NA,NA,NA,NA,NA,NA
"DE25B",NA,NA,NA,NA,NA,NA,NA,NA,NA,NA,NA
"DE25C",NA,NA,NA,NA,NA,NA,NA,NA,NA,NA,NA
"DE26",NA,NA,NA,NA,NA,NA,NA,0,0,NA,NA
"DE261",NA,NA,NA,NA,NA,NA,NA,NA,NA,NA,NA
"DE262",NA,NA,NA,NA,NA,NA,NA,NA,NA,NA,NA
"DE263",NA,NA,NA,NA,NA,NA,NA,NA,NA,NA,NA
"DE264",NA,NA,NA,NA,NA,NA,NA,NA,NA,NA,NA
"DE265",NA,NA,NA,NA,NA,NA,NA,NA,NA,NA,NA
"DE266",NA,NA,NA,NA,NA,NA,NA,NA,NA,NA,NA
"DE267",NA,NA,NA,NA,NA,NA,NA,NA,NA,NA,NA
"DE268",NA,NA,NA,NA,NA,NA,NA,NA,NA,NA,NA
"DE269",NA,NA,NA,NA,NA,NA,NA,NA,NA,NA,NA
"DE26A",NA,NA,NA,NA,NA,NA,NA,NA,NA,NA,NA
"DE26B",NA,NA,NA,NA,NA,NA,NA,NA,NA,NA,NA
"DE26C",NA,NA,NA,NA,NA,NA,NA,NA,NA,NA,NA
"DE137",NA,NA,NA,NA,NA,NA,NA,NA,NA,NA,NA
"DE138",NA,NA,NA,NA,NA,NA,NA,NA,NA,NA,NA
"DE139",NA,NA,NA,NA,NA,NA,NA,NA,NA,NA,NA
"DE13A",NA,NA,NA,NA,NA,NA,NA,NA,NA,NA,NA
"DE14",NA,NA,NA,NA,NA,NA,NA,0,0,NA,NA
"DE141",NA,NA,NA,NA,NA,NA,NA,NA,NA,NA,NA
"DE142",NA,NA,NA,NA,NA,NA,NA,NA,NA,NA,NA
"DE143",NA,NA,NA,NA,NA,NA,NA,NA,NA,NA,NA
"DE144",NA,NA,NA,NA,NA,NA,NA,NA,NA,NA,NA
"DE145",NA,NA,NA,NA,NA,NA,NA,NA,NA,NA,NA
"DE146",NA,NA,NA,NA,NA,NA,NA,NA,NA,NA,NA
"DE147",NA,NA,NA,NA,NA,NA,NA,NA,NA,NA,NA
"DE148",NA,NA,NA,NA,NA,NA,NA,NA,NA,NA,NA
"DE149",NA,NA,NA,NA,NA,NA,NA,NA,NA,NA,NA
"DE2",NA,42.1542857142857,350.682857142857,NA,129.557142857143,NA,407.937142857143,0,0,NA,NA
"DE21",NA,NA,NA,NA,NA,NA,NA,0,0,NA,NA
"DE211",NA,NA,NA,NA,NA,NA,NA,NA,NA,NA,NA
"DE212",NA,NA,NA,NA,NA,NA,NA,NA,NA,NA,NA
"DE213",NA,NA,NA,NA,NA,NA,NA,NA,NA,NA,NA
"DE80O",NA,NA,NA,NA,NA,NA,NA,NA,NA,NA,NA
"DE9",NA,130.025714285714,185.458571428571,NA,84.75,NA,505.49,0,0,NA,NA
"DE91",NA,NA,NA,NA,NA,NA,NA,0,0,NA,NA
"DE911",NA,NA,NA,NA,NA,NA,NA,NA,NA,NA,NA
"DE912",NA,NA,NA,NA,NA,NA,NA,NA,NA,NA,NA
"DE913",NA,NA,NA,NA,NA,NA,NA,NA,NA,NA,NA
"DE914",NA,NA,NA,NA,NA,NA,NA,NA,NA,NA,NA
"DE915",NA,NA,NA,NA,NA,NA,NA,NA,NA,NA,NA
"DE916",NA,NA,NA,NA,NA,NA,NA,NA,NA,NA,NA
"DE917",NA,NA,NA,NA,NA,NA,NA,NA,NA,NA,NA
"DE918",NA,NA,NA,NA,NA,NA,NA,NA,NA,NA,NA
"DE919",NA,NA,NA,NA,NA,NA,NA,NA,NA,NA,NA
"DE91A",NA,NA,NA,NA,NA,NA,NA,NA,NA,NA,NA
"DE91B",NA,NA,NA,NA,NA,NA,NA,NA,NA,NA,NA
"DE92",NA,NA,NA,NA,NA,NA,NA,0,0,NA,NA
"DE922",NA,NA,NA,NA,NA,NA,NA,NA,NA,NA,NA
"DE923",NA,NA,NA,NA,NA,NA,NA,NA,NA,NA,NA
"DE925",NA,NA,NA,NA,NA,NA,NA,NA,NA,NA,NA
"DE926",NA,NA,NA,NA,NA,NA,NA,NA,NA,NA,NA
"DE927",NA,NA,NA,NA,NA,NA,NA,NA,NA,NA,NA
"DE928",NA,NA,NA,NA,NA,NA,NA,NA,NA,NA,NA
"DE929",NA,NA,NA,NA,NA,NA,NA,NA,NA,NA,NA
"DE93",NA,NA,NA,NA,NA,NA,NA,0,0,NA,NA
"DE931",NA,NA,NA,NA,NA,NA,NA,NA,NA,NA,NA
"DE932",NA,NA,NA,NA,NA,NA,NA,NA,NA,NA,NA
"DE933",NA,NA,NA,NA,NA,NA,NA,NA,NA,NA,NA
"DE934",NA,NA,NA,NA,NA,NA,NA,NA,NA,NA,NA
"DE935",NA,NA,NA,NA,NA,NA,NA,NA,NA,NA,NA
"DE936",NA,NA,NA,NA,NA,NA,NA,NA,NA,NA,NA
"DE937",NA,NA,NA,NA,NA,NA,NA,NA,NA,NA,NA
"DE938",NA,NA,NA,NA,NA,NA,NA,NA,NA,NA,NA
"DE939",NA,NA,NA,NA,NA,NA,NA,NA,NA,NA,NA
"DE93A",NA,NA,NA,NA,NA,NA,NA,NA,NA,NA,NA
"DE93B",NA,NA,NA,NA,NA,NA,NA,NA,NA,NA,NA
"DE94",NA,NA,NA,NA,NA,NA,NA,0,0,NA,NA
"DE941",NA,NA,NA,NA,NA,NA,NA,NA,NA,NA,NA
"DE942",NA,NA,NA,NA,NA,NA,NA,NA,NA,NA,NA
"DE943",NA,NA,NA,NA,NA,NA,NA,NA,NA,NA,NA
"DE944",NA,NA,NA,NA,NA,NA,NA,NA,NA,NA,NA
"DE945",NA,NA,NA,NA,NA,NA,NA,NA,NA,NA,NA
"DE946",NA,NA,NA,NA,NA,NA,NA,NA,NA,NA,NA
"DE947",NA,NA,NA,NA,NA,NA,NA,NA,NA,NA,NA
"DE948",NA,NA,NA,NA,NA,NA,NA,NA,NA,NA,NA
"DE949",NA,NA,NA,NA,NA,NA,NA,NA,NA,NA,NA
"DE94A",NA,NA,NA,NA,NA,NA,NA,NA,NA,NA,NA
"DE94B",NA,NA,NA,NA,NA,NA,NA,NA,NA,NA,NA
"DE94C",NA,NA,NA,NA,NA,NA,NA,NA,NA,NA,NA
"DE94D",NA,NA,NA,NA,NA,NA,NA,NA,NA,NA,NA
"DE94E",NA,NA,NA,NA,NA,NA,NA,NA,NA,NA,NA
"DE94F",NA,NA,NA,NA,NA,NA,NA,NA,NA,NA,NA
"DE94G",NA,NA,NA,NA,NA,NA,NA,NA,NA,NA,NA
"DE94H",NA,NA,NA,NA,NA,NA,NA,NA,NA,NA,NA
"DEA",NA,17.8714285714286,155.258571428571,NA,101.882857142857,NA,181.07,0,0,NA,NA
"DEA1",NA,NA,NA,NA,NA,NA,NA,0,0,NA,NA
"DEA11",NA,NA,NA,NA,NA,NA,NA,NA,NA,NA,NA
"DEA12",NA,NA,NA,NA,NA,NA,NA,NA,NA,NA,NA
"DEA13",NA,NA,NA,NA,NA,NA,NA,NA,NA,NA,NA
"DEA14",NA,NA,NA,NA,NA,NA,NA,NA,NA,NA,NA
"DEA15",NA,NA,NA,NA,NA,NA,NA,NA,NA,NA,NA
"DEA16",NA,NA,NA,NA,NA,NA,NA,NA,NA,NA,NA
"DEA17",NA,NA,NA,NA,NA,NA,NA,NA,NA,NA,NA
"DEA18",NA,NA,NA,NA,NA,NA,NA,NA,NA,NA,NA
"DEA19",NA,NA,NA,NA,NA,NA,NA,NA,NA,NA,NA
"DEA1A",NA,NA,NA,NA,NA,NA,NA,NA,NA,NA,NA
"DEA1B",NA,NA,NA,NA,NA,NA,NA,NA,NA,NA,NA
"DEA1C",NA,NA,NA,NA,NA,NA,NA,NA,NA,NA,NA
"DEA1D",NA,NA,NA,NA,NA,NA,NA,NA,NA,NA,NA
"DEA1E",NA,NA,NA,NA,NA,NA,NA,NA,NA,NA,NA
"DE27",NA,NA,NA,NA,NA,NA,NA,0,0,NA,NA
"DE271",NA,NA,NA,NA,NA,NA,NA,NA,NA,NA,NA
"DE272",NA,NA,NA,NA,NA,NA,NA,NA,NA,NA,NA
"DE273",NA,NA,NA,NA,NA,NA,NA,NA,NA,NA,NA
"DE274",NA,NA,NA,NA,NA,NA,NA,NA,NA,NA,NA
"DE275",NA,NA,NA,NA,NA,NA,NA,NA,NA,NA,NA
"DE276",NA,NA,NA,NA,NA,NA,NA,NA,NA,NA,NA
"DE277",NA,NA,NA,NA,NA,NA,NA,NA,NA,NA,NA
"DE278",NA,NA,NA,NA,NA,NA,NA,NA,NA,NA,NA
"DE279",NA,NA,NA,NA,NA,NA,NA,NA,NA,NA,NA
"DE27A",NA,NA,NA,NA,NA,NA,NA,NA,NA,NA,NA
"DE27B",NA,NA,NA,NA,NA,NA,NA,NA,NA,NA,NA
"DE27C",NA,NA,NA,NA,NA,NA,NA,NA,NA,NA,NA
"DE27D",NA,NA,NA,NA,NA,NA,NA,NA,NA,NA,NA
"DE27E",NA,NA,NA,NA,NA,NA,NA,NA,NA,NA,NA
"DE3",NA,0.484285714285714,0.0628571428571429,NA,0,NA,0.0433333333333333,0,0,NA,NA
"DE30",NA,NA,NA,NA,NA,NA,NA,0,0,NA,NA
"DE300",NA,NA,NA,NA,NA,NA,NA,NA,NA,NA,NA
"DE4",NA,198.2,85.7928571428571,NA,23.2442857142857,NA,168.914285714286,0,0,NA,NA
"DE40",NA,NA,NA,NA,NA,NA,NA,0,0,NA,NA
"DE401",NA,NA,NA,NA,NA,NA,NA,NA,NA,NA,NA
"DE402",NA,NA,NA,NA,NA,NA,NA,NA,NA,NA,NA
"DE403",NA,NA,NA,NA,NA,NA,NA,NA,NA,NA,NA
"DE404",NA,NA,NA,NA,NA,NA,NA,NA,NA,NA,NA
"DE405",NA,NA,NA,NA,NA,NA,NA,NA,NA,NA,NA
"DE406",NA,NA,NA,NA,NA,NA,NA,NA,NA,NA,NA
"DE407",NA,NA,NA,NA,NA,NA,NA,NA,NA,NA,NA
"DE408",NA,NA,NA,NA,NA,NA,NA,NA,NA,NA,NA
"DE409",NA,NA,NA,NA,NA,NA,NA,NA,NA,NA,NA
"DE40A",NA,NA,NA,NA,NA,NA,NA,NA,NA,NA,NA
"DE40B",NA,NA,NA,NA,NA,NA,NA,NA,NA,NA,NA
"DE40C",NA,NA,NA,NA,NA,NA,NA,NA,NA,NA,NA
"DE40D",NA,NA,NA,NA,NA,NA,NA,NA,NA,NA,NA
"DE40E",NA,NA,NA,NA,NA,NA,NA,NA,NA,NA,NA
"DE40F",NA,NA,NA,NA,NA,NA,NA,NA,NA,NA,NA
"DE40G",NA,NA,NA,NA,NA,NA,NA,NA,NA,NA,NA
"DE40H",NA,NA,NA,NA,NA,NA,NA,NA,NA,NA,NA
"DE40I",NA,NA,NA,NA,NA,NA,NA,NA,NA,NA,NA
"DE5",NA,0.0171428571428571,0.178571428571429,NA,0,NA,0.556666666666667,0,0,NA,NA
"DE50",NA,NA,NA,NA,NA,NA,NA,0,0,NA,NA
"DE501",NA,NA,NA,NA,NA,NA,NA,NA,NA,NA,NA
"DE502",NA,NA,NA,NA,NA,NA,NA,NA,NA,NA,NA
"DE6",NA,0.381428571428571,0.474285714285714,NA,0,NA,0.755714285714286,0,0,NA,NA
"DE60",NA,NA,NA,NA,NA,NA,NA,0,0,NA,NA
"DE600",NA,NA,NA,NA,NA,NA,NA,NA,NA,NA,NA
"DE7",NA,15.7257142857143,88.8985714285714,NA,6.29,NA,42.3928571428571,0,0,NA,NA
"DE71",NA,NA,NA,NA,NA,NA,NA,0,0,NA,NA
"DE711",NA,NA,NA,NA,NA,NA,NA,NA,NA,NA,NA
"DE712",NA,NA,NA,NA,NA,NA,NA,NA,NA,NA,NA
"DE713",NA,NA,NA,NA,NA,NA,NA,NA,NA,NA,NA
"DE714",NA,NA,NA,NA,NA,NA,NA,NA,NA,NA,NA
"DE715",NA,NA,NA,NA,NA,NA,NA,NA,NA,NA,NA
"DE716",NA,NA,NA,NA,NA,NA,NA,NA,NA,NA,NA
"DE717",NA,NA,NA,NA,NA,NA,NA,NA,NA,NA,NA
"DE718",NA,NA,NA,NA,NA,NA,NA,NA,NA,NA,NA
"DE719",NA,NA,NA,NA,NA,NA,NA,NA,NA,NA,NA
"DE71A",NA,NA,NA,NA,NA,NA,NA,NA,NA,NA,NA
"DE71B",NA,NA,NA,NA,NA,NA,NA,NA,NA,NA,NA
"DE71C",NA,NA,NA,NA,NA,NA,NA,NA,NA,NA,NA
"DE71D",NA,NA,NA,NA,NA,NA,NA,NA,NA,NA,NA
"DE71E",NA,NA,NA,NA,NA,NA,NA,NA,NA,NA,NA
"DE72",NA,NA,NA,NA,NA,NA,NA,0,0,NA,NA
"DE721",NA,NA,NA,NA,NA,NA,NA,NA,NA,NA,NA
"DE722",NA,NA,NA,NA,NA,NA,NA,NA,NA,NA,NA
"DE723",NA,NA,NA,NA,NA,NA,NA,NA,NA,NA,NA
"DE724",NA,NA,NA,NA,NA,NA,NA,NA,NA,NA,NA
"DE725",NA,NA,NA,NA,NA,NA,NA,NA,NA,NA,NA
"DE73",NA,NA,NA,NA,NA,NA,NA,0,0,NA,NA
"DE731",NA,NA,NA,NA,NA,NA,NA,NA,NA,NA,NA
"DE732",NA,NA,NA,NA,NA,NA,NA,NA,NA,NA,NA
"DE733",NA,NA,NA,NA,NA,NA,NA,NA,NA,NA,NA
"DE734",NA,NA,NA,NA,NA,NA,NA,NA,NA,NA,NA
"DE735",NA,NA,NA,NA,NA,NA,NA,NA,NA,NA,NA
"DE736",NA,NA,NA,NA,NA,NA,NA,NA,NA,NA,NA
"DE737",NA,NA,NA,NA,NA,NA,NA,NA,NA,NA,NA
"DE8",NA,69.7414285714286,125.67,NA,4.73285714285714,NA,144.784285714286,0,0,NA,NA
"DE80",NA,NA,NA,NA,NA,NA,NA,0,0,NA,NA
"DE803",NA,NA,NA,NA,NA,NA,NA,NA,NA,NA,NA
"DE804",NA,NA,NA,NA,NA,NA,NA,NA,NA,NA,NA
"DE80J",NA,NA,NA,NA,NA,NA,NA,NA,NA,NA,NA
"DE80K",NA,NA,NA,NA,NA,NA,NA,NA,NA,NA,NA
"DE80L",NA,NA,NA,NA,NA,NA,NA,NA,NA,NA,NA
"DE80M",NA,NA,NA,NA,NA,NA,NA,NA,NA,NA,NA
"DE80N",NA,NA,NA,NA,NA,NA,NA,NA,NA,NA,NA
"DEA1F",NA,NA,NA,NA,NA,NA,NA,NA,NA,NA,NA
"DEA2",NA,NA,NA,NA,NA,NA,NA,0,0,NA,NA
"DEA22",NA,NA,NA,NA,NA,NA,NA,NA,NA,NA,NA
"DEA23",NA,NA,NA,NA,NA,NA,NA,NA,NA,NA,NA
"DEA24",NA,NA,NA,NA,NA,NA,NA,NA,NA,NA,NA
"DEA26",NA,NA,NA,NA,NA,NA,NA,NA,NA,NA,NA
"DEA27",NA,NA,NA,NA,NA,NA,NA,NA,NA,NA,NA
"DEA28",NA,NA,NA,NA,NA,NA,NA,NA,NA,NA,NA
"DEA29",NA,NA,NA,NA,NA,NA,NA,NA,NA,NA,NA
"DEA2A",NA,NA,NA,NA,NA,NA,NA,NA,NA,NA,NA
"DEA2B",NA,NA,NA,NA,NA,NA,NA,NA,NA,NA,NA
"DEA2C",NA,NA,NA,NA,NA,NA,NA,NA,NA,NA,NA
"DEA2D",NA,NA,NA,NA,NA,NA,NA,NA,NA,NA,NA
"DEA3",NA,NA,NA,NA,NA,NA,NA,0,0,NA,NA
"DEA31",NA,NA,NA,NA,NA,NA,NA,NA,NA,NA,NA
"DEA32",NA,NA,NA,NA,NA,NA,NA,NA,NA,NA,NA
"DEA33",NA,NA,NA,NA,NA,NA,NA,NA,NA,NA,NA
"DEA34",NA,NA,NA,NA,NA,NA,NA,NA,NA,NA,NA
"DEA35",NA,NA,NA,NA,NA,NA,NA,NA,NA,NA,NA
"DEA36",NA,NA,NA,NA,NA,NA,NA,NA,NA,NA,NA
"DEA37",NA,NA,NA,NA,NA,NA,NA,NA,NA,NA,NA
"DEA38",NA,NA,NA,NA,NA,NA,NA,NA,NA,NA,NA
"DEA4",NA,NA,NA,NA,NA,NA,NA,0,0,NA,NA
"DEA41",NA,NA,NA,NA,NA,NA,NA,NA,NA,NA,NA
"DEA42",NA,NA,NA,NA,NA,NA,NA,NA,NA,NA,NA
"DEA43",NA,NA,NA,NA,NA,NA,NA,NA,NA,NA,NA
"DEB17",NA,NA,NA,NA,NA,NA,NA,NA,NA,NA,NA
"DEB18",NA,NA,NA,NA,NA,NA,NA,NA,NA,NA,NA
"DEB19",NA,NA,NA,NA,NA,NA,NA,NA,NA,NA,NA
"DEB1A",NA,NA,NA,NA,NA,NA,NA,NA,NA,NA,NA
"DEB1B",NA,NA,NA,NA,NA,NA,NA,NA,NA,NA,NA
"DEB2",NA,NA,NA,NA,NA,NA,NA,0,0,NA,NA
"DEB21",NA,NA,NA,NA,NA,NA,NA,NA,NA,NA,NA
"DEB22",NA,NA,NA,NA,NA,NA,NA,NA,NA,NA,NA
"DEB23",NA,NA,NA,NA,NA,NA,NA,NA,NA,NA,NA
"DEB24",NA,NA,NA,NA,NA,NA,NA,NA,NA,NA,NA
"DEB25",NA,NA,NA,NA,NA,NA,NA,NA,NA,NA,NA
"DEB3",NA,NA,NA,NA,NA,NA,NA,0,0,NA,NA
"DEB31",NA,NA,NA,NA,NA,NA,NA,NA,NA,NA,NA
"DEB32",NA,NA,NA,NA,NA,NA,NA,NA,NA,NA,NA
"DEB33",NA,NA,NA,NA,NA,NA,NA,NA,NA,NA,NA
"DEB34",NA,NA,NA,NA,NA,NA,NA,NA,NA,NA,NA
"DEB35",NA,NA,NA,NA,NA,NA,NA,NA,NA,NA,NA
"DEB36",NA,NA,NA,NA,NA,NA,NA,NA,NA,NA,NA
"DEB37",NA,NA,NA,NA,NA,NA,NA,NA,NA,NA,NA
"DEB38",NA,NA,NA,NA,NA,NA,NA,NA,NA,NA,NA
"DEB39",NA,NA,NA,NA,NA,NA,NA,NA,NA,NA,NA
"DEB3A",NA,NA,NA,NA,NA,NA,NA,NA,NA,NA,NA
"DEB3B",NA,NA,NA,NA,NA,NA,NA,NA,NA,NA,NA
"DEB3C",NA,NA,NA,NA,NA,NA,NA,NA,NA,NA,NA
"DEB3D",NA,NA,NA,NA,NA,NA,NA,NA,NA,NA,NA
"DEB3E",NA,NA,NA,NA,NA,NA,NA,NA,NA,NA,NA
"DEB3F",NA,NA,NA,NA,NA,NA,NA,NA,NA,NA,NA
"DEB3G",NA,NA,NA,NA,NA,NA,NA,NA,NA,NA,NA
"DEB3H",NA,NA,NA,NA,NA,NA,NA,NA,NA,NA,NA
"DEB3I",NA,NA,NA,NA,NA,NA,NA,NA,NA,NA,NA
"DEB3J",NA,NA,NA,NA,NA,NA,NA,NA,NA,NA,NA
"DEB3K",NA,NA,NA,NA,NA,NA,NA,NA,NA,NA,NA
"DEC",NA,3.25571428571429,4.50571428571429,NA,0.3,NA,4.06714285714286,0,0,NA,NA
"DEC0",NA,NA,NA,NA,NA,NA,NA,0,0,NA,NA
"DEC01",NA,NA,NA,NA,NA,NA,NA,NA,NA,NA,NA
"DEC02",NA,NA,NA,NA,NA,NA,NA,NA,NA,NA,NA
"DEC03",NA,NA,NA,NA,NA,NA,NA,NA,NA,NA,NA
"DEC04",NA,NA,NA,NA,NA,NA,NA,NA,NA,NA,NA
"DEC05",NA,NA,NA,NA,NA,NA,NA,NA,NA,NA,NA
"DEC06",NA,NA,NA,NA,NA,NA,NA,NA,NA,NA,NA
"DED",NA,36.2828571428571,120.204285714286,NA,19.5585714285714,NA,77.0557142857143,0,0,NA,NA
"DED2",NA,NA,NA,NA,NA,NA,NA,0,0,NA,NA
"DED21",NA,NA,NA,NA,NA,NA,NA,NA,NA,NA,NA
"DED2C",NA,NA,NA,NA,NA,NA,NA,NA,NA,NA,NA
"DED2D",NA,NA,NA,NA,NA,NA,NA,NA,NA,NA,NA
"DED2E",NA,NA,NA,NA,NA,NA,NA,NA,NA,NA,NA
"DED2F",NA,NA,NA,NA,NA,NA,NA,NA,NA,NA,NA
"DED4",NA,NA,NA,NA,NA,NA,NA,0,0,NA,NA
"DED41",NA,NA,NA,NA,NA,NA,NA,NA,NA,NA,NA
"DED42",NA,NA,NA,NA,NA,NA,NA,NA,NA,NA,NA
"DED43",NA,NA,NA,NA,NA,NA,NA,NA,NA,NA,NA
"DED44",NA,NA,NA,NA,NA,NA,NA,NA,NA,NA,NA
"DED45",NA,NA,NA,NA,NA,NA,NA,NA,NA,NA,NA
"DED5",NA,NA,NA,NA,NA,NA,NA,0,0,NA,NA
"DED51",NA,NA,NA,NA,NA,NA,NA,NA,NA,NA,NA
"DED52",NA,NA,NA,NA,NA,NA,NA,NA,NA,NA,NA
"DED53",NA,NA,NA,NA,NA,NA,NA,NA,NA,NA,NA
"DEE",NA,78.2114285714286,102.137142857143,NA,17.6585714285714,NA,114.692857142857,0,0,NA,NA
"DEE0",NA,NA,NA,NA,NA,NA,NA,0,0,NA,NA
"DEE01",NA,NA,NA,NA,NA,NA,NA,NA,NA,NA,NA
"DEE02",NA,NA,NA,NA,NA,NA,NA,NA,NA,NA,NA
"DEE03",NA,NA,NA,NA,NA,NA,NA,NA,NA,NA,NA
"DEE04",NA,NA,NA,NA,NA,NA,NA,NA,NA,NA,NA
"DEE05",NA,NA,NA,NA,NA,NA,NA,NA,NA,NA,NA
"DEE06",NA,NA,NA,NA,NA,NA,NA,NA,NA,NA,NA
"DEE07",NA,NA,NA,NA,NA,NA,NA,NA,NA,NA,NA
"DEE08",NA,NA,NA,NA,NA,NA,NA,NA,NA,NA,NA
"DEE09",NA,NA,NA,NA,NA,NA,NA,NA,NA,NA,NA
"DEE0A",NA,NA,NA,NA,NA,NA,NA,NA,NA,NA,NA
"DEE0B",NA,NA,NA,NA,NA,NA,NA,NA,NA,NA,NA
"DEE0C",NA,NA,NA,NA,NA,NA,NA,NA,NA,NA,NA
"DEE0D",NA,NA,NA,NA,NA,NA,NA,NA,NA,NA,NA
"DEE0E",NA,NA,NA,NA,NA,NA,NA,NA,NA,NA,NA
"DEF",NA,24.22,59.7385714285714,NA,1.045,NA,177.124285714286,0,0,NA,NA
"DEF0",NA,NA,NA,NA,NA,NA,NA,0,0,NA,NA
"DEF01",NA,NA,NA,NA,NA,NA,NA,NA,NA,NA,NA
"DEF02",NA,NA,NA,NA,NA,NA,NA,NA,NA,NA,NA
"DEF03",NA,NA,NA,NA,NA,NA,NA,NA,NA,NA,NA
"DEF04",NA,NA,NA,NA,NA,NA,NA,NA,NA,NA,NA
"DEF05",NA,NA,NA,NA,NA,NA,NA,NA,NA,NA,NA
"DEF06",NA,NA,NA,NA,NA,NA,NA,NA,NA,NA,NA
"DEF07",NA,NA,NA,NA,NA,NA,NA,NA,NA,NA,NA
"DEF08",NA,NA,NA,NA,NA,NA,NA,NA,NA,NA,NA
"DEF09",NA,NA,NA,NA,NA,NA,NA,NA,NA,NA,NA
"DEF0A",NA,NA,NA,NA,NA,NA,NA,NA,NA,NA,NA
"DEF0B",NA,NA,NA,NA,NA,NA,NA,NA,NA,NA,NA
"DEF0C",NA,NA,NA,NA,NA,NA,NA,NA,NA,NA,NA
"DEF0D",NA,NA,NA,NA,NA,NA,NA,NA,NA,NA,NA
"DEF0E",NA,NA,NA,NA,NA,NA,NA,NA,NA,NA,NA
"DEF0F",NA,NA,NA,NA,NA,NA,NA,NA,NA,NA,NA
"DEG",NA,11.1942857142857,101.124285714286,NA,4.65,NA,54.9414285714286,0,0,NA,NA
"DEG0",NA,NA,NA,NA,NA,NA,NA,0,0,NA,NA
"DEG01",NA,NA,NA,NA,NA,NA,NA,NA,NA,NA,NA
"DEG02",NA,NA,NA,NA,NA,NA,NA,NA,NA,NA,NA
"DEG03",NA,NA,NA,NA,NA,NA,NA,NA,NA,NA,NA
"DEG04",NA,NA,NA,NA,NA,NA,NA,NA,NA,NA,NA
"DEG05",NA,NA,NA,NA,NA,NA,NA,NA,NA,NA,NA
"DEG06",NA,NA,NA,NA,NA,NA,NA,NA,NA,NA,NA
"DEG07",NA,NA,NA,NA,NA,NA,NA,NA,NA,NA,NA
"DEG09",NA,NA,NA,NA,NA,NA,NA,NA,NA,NA,NA
"DEG0A",NA,NA,NA,NA,NA,NA,NA,NA,NA,NA,NA
"DEG0B",NA,NA,NA,NA,NA,NA,NA,NA,NA,NA,NA
"DEG0C",NA,NA,NA,NA,NA,NA,NA,NA,NA,NA,NA
"DEG0D",NA,NA,NA,NA,NA,NA,NA,NA,NA,NA,NA
"DEG0E",NA,NA,NA,NA,NA,NA,NA,NA,NA,NA,NA
"DEG0F",NA,NA,NA,NA,NA,NA,NA,NA,NA,NA,NA
"DEG0G",NA,NA,NA,NA,NA,NA,NA,NA,NA,NA,NA
"DEG0H",NA,NA,NA,NA,NA,NA,NA,NA,NA,NA,NA
"DEA44",NA,NA,NA,NA,NA,NA,NA,NA,NA,NA,NA
"DEA45",NA,NA,NA,NA,NA,NA,NA,NA,NA,NA,NA
"DEA46",NA,NA,NA,NA,NA,NA,NA,NA,NA,NA,NA
"DEA47",NA,NA,NA,NA,NA,NA,NA,NA,NA,NA,NA
"DEA5",NA,NA,NA,NA,NA,NA,NA,0,0,NA,NA
"DEA51",NA,NA,NA,NA,NA,NA,NA,NA,NA,NA,NA
"DEA52",NA,NA,NA,NA,NA,NA,NA,NA,NA,NA,NA
"DEA53",NA,NA,NA,NA,NA,NA,NA,NA,NA,NA,NA
"DEA54",NA,NA,NA,NA,NA,NA,NA,NA,NA,NA,NA
"DEA55",NA,NA,NA,NA,NA,NA,NA,NA,NA,NA,NA
"DEA56",NA,NA,NA,NA,NA,NA,NA,NA,NA,NA,NA
"DEA57",NA,NA,NA,NA,NA,NA,NA,NA,NA,NA,NA
"DEA58",NA,NA,NA,NA,NA,NA,NA,NA,NA,NA,NA
"DEA59",NA,NA,NA,NA,NA,NA,NA,NA,NA,NA,NA
"DEA5A",NA,NA,NA,NA,NA,NA,NA,NA,NA,NA,NA
"DEA5B",NA,NA,NA,NA,NA,NA,NA,NA,NA,NA,NA
"DEA5C",NA,NA,NA,NA,NA,NA,NA,NA,NA,NA,NA
"DEB",NA,11.4342857142857,76.9071428571429,NA,10.2314285714286,NA,32.3,0,0,NA,NA
"DEB1",NA,NA,NA,NA,NA,NA,NA,0,0,NA,NA
"DEB11",NA,NA,NA,NA,NA,NA,NA,NA,NA,NA,NA
"DEB12",NA,NA,NA,NA,NA,NA,NA,NA,NA,NA,NA
"DEB13",NA,NA,NA,NA,NA,NA,NA,NA,NA,NA,NA
"DEB14",NA,NA,NA,NA,NA,NA,NA,NA,NA,NA,NA
"DEB15",NA,NA,NA,NA,NA,NA,NA,NA,NA,NA,NA
"DEB16",NA,NA,NA,NA,NA,NA,NA,NA,NA,NA,NA
"DK032",NA,NA,NA,NA,NA,NA,NA,NA,NA,NA,NA
"DK04",NA,30.2428571428571,216.642857142857,NA,2.8,NA,50.2,0,0,NA,0
"DK041",NA,NA,NA,NA,NA,NA,NA,NA,NA,NA,NA
"DK042",NA,NA,NA,NA,NA,NA,NA,NA,NA,NA,NA
"DK05",NA,21.9285714285714,99.8714285714286,NA,0.228571428571429,NA,33.4,0,0,NA,0
"DK050",NA,NA,NA,NA,NA,NA,NA,NA,NA,NA,NA
"EE",144.33125,13.71375,120.03625,32.5275,0,1.975,5.6675,0,0,2.4475,0
"EE0",NA,13.94,118.2,NA,0,NA,3.94,0,0,NA,0
"EE00",NA,NA,NA,NA,NA,NA,NA,NA,NA,NA,NA
"EE001",NA,NA,NA,NA,NA,NA,NA,NA,NA,NA,NA
"DEG0I",NA,NA,NA,NA,NA,NA,NA,NA,NA,NA,NA
"DEG0J",NA,NA,NA,NA,NA,NA,NA,NA,NA,NA,NA
"DEG0K",NA,NA,NA,NA,NA,NA,NA,NA,NA,NA,NA
"DEG0L",NA,NA,NA,NA,NA,NA,NA,NA,NA,NA,NA
"DEG0M",NA,NA,NA,NA,NA,NA,NA,NA,NA,NA,NA
"DEG0N",NA,NA,NA,NA,NA,NA,NA,NA,NA,NA,NA
"DEG0P",NA,NA,NA,NA,NA,NA,NA,NA,NA,NA,NA
"DK",644.5875,87.625,649.8,52.6625,9.4625,3.59,178.1,0,0,11.88375,0
"DK0",NA,84.2,647.614285714286,NA,10.0142857142857,NA,178.66,0,0,NA,0
"DK01",NA,3.85714285714286,19.2571428571429,NA,0.214285714285714,NA,2.4,0,0,NA,0
"DK011",NA,NA,NA,NA,NA,NA,NA,NA,NA,NA,NA
"DK012",NA,NA,NA,NA,NA,NA,NA,NA,NA,NA,NA
"DK013",NA,NA,NA,NA,NA,NA,NA,NA,NA,NA,NA
"DK014",NA,NA,NA,NA,NA,NA,NA,NA,NA,NA,NA
"DK02",NA,6.54285714285714,129.414285714286,NA,1.24285714285714,NA,5.9,0,0,NA,0
"DK021",NA,NA,NA,NA,NA,NA,NA,NA,NA,NA,NA
"DK022",NA,NA,NA,NA,NA,NA,NA,NA,NA,NA,NA
"DK03",NA,21.5857142857143,182.357142857143,NA,5.51428571428571,NA,86.3,0,0,NA,0
"DK031",NA,NA,NA,NA,NA,NA,NA,NA,NA,NA,NA
"EE004",NA,NA,NA,NA,NA,NA,NA,NA,NA,NA,NA
"EE006",NA,NA,NA,NA,NA,NA,NA,NA,NA,NA,NA
"EE007",NA,NA,NA,NA,NA,NA,NA,NA,NA,NA,NA
"EE008",NA,NA,NA,NA,NA,NA,NA,NA,NA,NA,NA
"EL3",NA,0,0.862857142857143,NA,0.02,NA,0.161428571428571,NA,NA,NA,NA
"EL30",NA,0,0.862857142857143,NA,0.02,NA,0.161428571428571,NA,NA,NA,NA
"EL301",NA,NA,NA,NA,NA,NA,NA,NA,NA,NA,NA
"EL302",NA,NA,NA,NA,NA,NA,NA,NA,NA,NA,NA
"EL303",NA,NA,NA,NA,NA,NA,NA,NA,NA,NA,NA
"EL",561.7675,15.9475,133.62875,84.62625,165.57375,131.7425,61.4225,931.78875,49.405,90.84125,103.34
"EL421",NA,NA,NA,NA,NA,NA,NA,NA,NA,NA,NA
"EL42",NA,0.0771428571428571,4.09,NA,0.05,NA,2.97142857142857,NA,NA,NA,NA
"EL422",NA,NA,NA,NA,NA,NA,NA,NA,NA,NA,NA
"EL304",NA,NA,NA,NA,NA,NA,NA,NA,NA,NA,NA
"EL305",NA,NA,NA,NA,NA,NA,NA,NA,NA,NA,NA
"EL306",NA,NA,NA,NA,NA,NA,NA,NA,NA,NA,NA
"EL307",NA,NA,NA,NA,NA,NA,NA,NA,NA,NA,NA
"EL4",NA,0.134285714285714,11.3814285714286,NA,0.0928571428571429,NA,4.25142857142857,NA,NA,NA,NA
"EL41",NA,0.0128571428571429,3.75142857142857,NA,0.0257142857142857,NA,0.584285714285714,NA,NA,NA,NA
"EL411",NA,NA,NA,NA,NA,NA,NA,NA,NA,NA,NA
"EL412",NA,NA,NA,NA,NA,NA,NA,NA,NA,NA,NA
"EL413",NA,NA,NA,NA,NA,NA,NA,NA,NA,NA,NA
"EL631",NA,NA,NA,NA,NA,NA,NA,NA,NA,NA,NA
"EL632",NA,NA,NA,NA,NA,NA,NA,NA,NA,NA,NA
"EL633",NA,NA,NA,NA,NA,NA,NA,NA,NA,NA,NA
"EL64",NA,0.175714285714286,15.95,NA,9.06714285714286,NA,7.13,NA,NA,NA,NA
"EL641",NA,NA,NA,NA,NA,NA,NA,NA,NA,NA,NA
"EL642",NA,NA,NA,NA,NA,NA,NA,NA,NA,NA,NA
"EL643",NA,NA,NA,NA,NA,NA,NA,NA,NA,NA,NA
"EL644",NA,NA,NA,NA,NA,NA,NA,NA,NA,NA,NA
"EL645",NA,NA,NA,NA,NA,NA,NA,NA,NA,NA,NA
"EL65",NA,0.02,3.55142857142857,NA,1.42142857142857,NA,3.19714285714286,NA,NA,NA,NA
"EL651",NA,NA,NA,NA,NA,NA,NA,NA,NA,NA,NA
"EL652",NA,NA,NA,NA,NA,NA,NA,NA,NA,NA,NA
"EL653",NA,NA,NA,NA,NA,NA,NA,NA,NA,NA,NA
"FI200",NA,NA,NA,NA,NA,NA,NA,NA,NA,NA,NA
"EL43",NA,0.0457142857142857,3.53714285714286,NA,0.0171428571428571,NA,0.695714285714286,NA,NA,NA,NA
"EL431",NA,NA,NA,NA,NA,NA,NA,NA,NA,NA,NA
"EL432",NA,NA,NA,NA,NA,NA,NA,NA,NA,NA,NA
"EL433",NA,NA,NA,NA,NA,NA,NA,NA,NA,NA,NA
"EL434",NA,NA,NA,NA,NA,NA,NA,NA,NA,NA,NA
"EL5",NA,14.9871428571429,64.2957142857143,NA,111.427142857143,NA,22.7757142857143,NA,NA,NA,NA
"EL51",NA,0.794285714285714,12.76,NA,42.0928571428571,NA,5.38571428571429,NA,NA,NA,NA
"EL511",NA,NA,NA,NA,NA,NA,NA,NA,NA,NA,NA
"EL512",NA,NA,NA,NA,NA,NA,NA,NA,NA,NA,NA
"EL513",NA,NA,NA,NA,NA,NA,NA,NA,NA,NA,NA
"EL514",NA,NA,NA,NA,NA,NA,NA,NA,NA,NA,NA
"EL515",NA,NA,NA,NA,NA,NA,NA,NA,NA,NA,NA
"EL52",NA,3.66714285714286,31.7171428571429,NA,49.0942857142857,NA,7.65428571428571,NA,NA,NA,NA
"EL521",NA,NA,NA,NA,NA,NA,NA,NA,NA,NA,NA
"EL522",NA,NA,NA,NA,NA,NA,NA,NA,NA,NA,NA
"EL523",NA,NA,NA,NA,NA,NA,NA,NA,NA,NA,NA
"EL524",NA,NA,NA,NA,NA,NA,NA,NA,NA,NA,NA
"EL525",NA,NA,NA,NA,NA,NA,NA,NA,NA,NA,NA
"EL526",NA,NA,NA,NA,NA,NA,NA,NA,NA,NA,NA
"EL527",NA,NA,NA,NA,NA,NA,NA,NA,NA,NA,NA
"EL53",NA,10.1485714285714,19.4871428571429,NA,12.4,NA,6.35857142857143,NA,NA,NA,NA
"EL531",NA,NA,NA,NA,NA,NA,NA,NA,NA,NA,NA
"EL532",NA,NA,NA,NA,NA,NA,NA,NA,NA,NA,NA
"EL533",NA,NA,NA,NA,NA,NA,NA,NA,NA,NA,NA
"EL54",NA,0.375714285714286,0.331428571428571,NA,7.84,NA,3.37571428571429,NA,NA,NA,NA
"EL541",NA,NA,NA,NA,NA,NA,NA,NA,NA,NA,NA
"EL542",NA,NA,NA,NA,NA,NA,NA,NA,NA,NA,NA
"EL543",NA,NA,NA,NA,NA,NA,NA,NA,NA,NA,NA
"EL6",NA,0.995714285714286,57.1742857142857,NA,57.1871428571429,NA,26.6528571428571,NA,NA,NA,NA
"EL61",NA,0.79,34.7757142857143,NA,27.86,NA,9.06142857142857,NA,NA,NA,NA
"EL611",NA,NA,NA,NA,NA,NA,NA,NA,NA,NA,NA
"EL612",NA,NA,NA,NA,NA,NA,NA,NA,NA,NA,NA
"EL613",NA,NA,NA,NA,NA,NA,NA,NA,NA,NA,NA
"EL62",NA,0,0.33,NA,0.1,NA,0.13,NA,NA,NA,NA
"EL621",NA,NA,NA,NA,NA,NA,NA,NA,NA,NA,NA
"EL622",NA,NA,NA,NA,NA,NA,NA,NA,NA,NA,NA
"EL623",NA,NA,NA,NA,NA,NA,NA,NA,NA,NA,NA
"EL624",NA,NA,NA,NA,NA,NA,NA,NA,NA,NA,NA
"EL63",NA,0.00714285714285714,2.56428571428571,NA,18.7414285714286,NA,7.14142857142857,NA,NA,NA,NA
"ES",2163.74125,174.115,2701.68,480.9475,378.74875,941.063333333333,105.06125,2526.675,305.54375,361.91625,952.55625
"ES1",NA,5.71571428571429,0.652857142857143,NA,19.4471428571429,NA,76.8957142857143,NA,NA,NA,NA
"ES120",NA,NA,NA,NA,NA,NA,NA,NA,NA,NA,NA
"ES13",NA,0.0957142857142857,0.215714285714286,NA,0.317142857142857,NA,1.27714285714286,NA,NA,NA,NA
"ES130",NA,NA,NA,NA,NA,NA,NA,NA,NA,NA,NA
"ES2",NA,14.8728571428571,557.107142857143,NA,90.7642857142857,NA,5.41285714285714,NA,NA,NA,NA
"ES21",NA,0.205714285714286,14.31,NA,0.311428571428571,NA,1.05428571428571,NA,NA,NA,NA
"ES211",NA,NA,NA,NA,NA,NA,NA,NA,NA,NA,NA
"ES212",NA,NA,NA,NA,NA,NA,NA,NA,NA,NA,NA
"ES213",NA,NA,NA,NA,NA,NA,NA,NA,NA,NA,NA
"ES22",NA,0.134285714285714,91.2514285714286,NA,17.45,NA,3.7,NA,NA,NA,NA
"ES220",NA,NA,NA,NA,NA,NA,NA,NA,NA,NA,NA
"ES23",NA,0.171428571428571,16.9257142857143,NA,0.672857142857143,NA,0.0628571428571429,NA,NA,NA,NA
"ES230",NA,NA,NA,NA,NA,NA,NA,NA,NA,NA,NA
"ES24",NA,14.3628571428571,434.622857142857,NA,72.3328571428571,NA,0.597142857142857,NA,NA,NA,NA
"ES241",NA,NA,NA,NA,NA,NA,NA,NA,NA,NA,NA
"ES242",NA,NA,NA,NA,NA,NA,NA,NA,NA,NA,NA
"ES243",NA,NA,NA,NA,NA,NA,NA,NA,NA,NA,NA
"ES3",NA,1.51857142857143,40.4042857142857,NA,6.49428571428571,NA,0.0185714285714286,NA,NA,NA,NA
"ES30",NA,1.51857142857143,40.4042857142857,NA,6.49428571428571,NA,0.0185714285714286,NA,NA,NA,NA
"ES300",NA,NA,NA,NA,NA,NA,NA,NA,NA,NA,NA
"ES4",NA,134.115714285714,1764.59285714286,NA,197.274285714286,NA,12.3857142857143,NA,NA,NA,NA
"ES41",NA,97.8185714285714,889.784285714286,NA,108.808571428571,NA,10.14,NA,NA,NA,NA
"ES411",NA,NA,NA,NA,NA,NA,NA,NA,NA,NA,NA
"ES412",NA,NA,NA,NA,NA,NA,NA,NA,NA,NA,NA
"ES413",NA,NA,NA,NA,NA,NA,NA,NA,NA,NA,NA
"ES414",NA,NA,NA,NA,NA,NA,NA,NA,NA,NA,NA
"ES415",NA,NA,NA,NA,NA,NA,NA,NA,NA,NA,NA
"ES416",NA,NA,NA,NA,NA,NA,NA,NA,NA,NA,NA
"ES417",NA,NA,NA,NA,NA,NA,NA,NA,NA,NA,NA
"ES418",NA,NA,NA,NA,NA,NA,NA,NA,NA,NA,NA
"ES419",NA,NA,NA,NA,NA,NA,NA,NA,NA,NA,NA
"ES42",NA,35.9742857142857,822.932857142857,NA,32.8357142857143,NA,1.60428571428571,NA,NA,NA,NA
"ES421",NA,NA,NA,NA,NA,NA,NA,NA,NA,NA,NA
"ES422",NA,NA,NA,NA,NA,NA,NA,NA,NA,NA,NA
"ES423",NA,NA,NA,NA,NA,NA,NA,NA,NA,NA,NA
"ES424",NA,NA,NA,NA,NA,NA,NA,NA,NA,NA,NA
"ES425",NA,NA,NA,NA,NA,NA,NA,NA,NA,NA,NA
"ES43",NA,0.324285714285714,51.8757142857143,NA,55.6342857142857,NA,0.64,NA,NA,NA,NA
"ES431",NA,NA,NA,NA,NA,NA,NA,NA,NA,NA,NA
"ES432",NA,NA,NA,NA,NA,NA,NA,NA,NA,NA,NA
"FI2",NA,0.242857142857143,0.828571428571429,NA,0,NA,0,0,0,NA,0
"FI20",NA,0.242857142857143,0.828571428571429,NA,0,NA,0,0,0,NA,0
"ES11",NA,5.62142857142857,0.438571428571429,NA,18.7785714285714,NA,67.5257142857143,NA,NA,NA,NA
"ES111",NA,NA,NA,NA,NA,NA,NA,NA,NA,NA,NA
"ES112",NA,NA,NA,NA,NA,NA,NA,NA,NA,NA,NA
"ES113",NA,NA,NA,NA,NA,NA,NA,NA,NA,NA,NA
"ES114",NA,NA,NA,NA,NA,NA,NA,NA,NA,NA,NA
"ES12",NA,0,0,NA,0.354285714285714,NA,8.09571428571429,NA,NA,NA,NA
"FI",229.75,24.3875,442.2125,318.1,0,1.57125,0,0,0,16.16125,0
"ES5",NA,1.47,214.928571428571,NA,38.4485714285714,NA,8.29571428571429,NA,NA,NA,NA
"ES51",NA,0.78,177.13,NA,37.5371428571429,NA,8.03285714285714,NA,NA,NA,NA
"ES511",NA,NA,NA,NA,NA,NA,NA,NA,NA,NA,NA
"ES512",NA,NA,NA,NA,NA,NA,NA,NA,NA,NA,NA
"ES513",NA,NA,NA,NA,NA,NA,NA,NA,NA,NA,NA
"ES514",NA,NA,NA,NA,NA,NA,NA,NA,NA,NA,NA
"ES52",NA,0.692857142857143,17.6128571428571,NA,0.648571428571429,NA,0.151428571428571,NA,NA,NA,NA
"ES521",NA,NA,NA,NA,NA,NA,NA,NA,NA,NA,NA
"ES522",NA,NA,NA,NA,NA,NA,NA,NA,NA,NA,NA
"ES523",NA,NA,NA,NA,NA,NA,NA,NA,NA,NA,NA
"ES53",NA,0.00142857142857143,20.1871428571429,NA,0.264285714285714,NA,0.111428571428571,NA,NA,NA,NA
"ES531",NA,NA,NA,NA,NA,NA,NA,NA,NA,NA,NA
"ES532",NA,NA,NA,NA,NA,NA,NA,NA,NA,NA,NA
"ES533",NA,NA,NA,NA,NA,NA,NA,NA,NA,NA,NA
"ES6",NA,25.47,138.752857142857,NA,31.4542857142857,NA,1.45714285714286,NA,NA,NA,NA
"ES61",NA,24.7557142857143,113.122857142857,NA,31.2414285714286,NA,1.42857142857143,NA,NA,NA,NA
"ES611",NA,NA,NA,NA,NA,NA,NA,NA,NA,NA,NA
"ES612",NA,NA,NA,NA,NA,NA,NA,NA,NA,NA,NA
"ES613",NA,NA,NA,NA,NA,NA,NA,NA,NA,NA,NA
"ES614",NA,NA,NA,NA,NA,NA,NA,NA,NA,NA,NA
"ES615",NA,NA,NA,NA,NA,NA,NA,NA,NA,NA,NA
"ES616",NA,NA,NA,NA,NA,NA,NA,NA,NA,NA,NA
"ES617",NA,NA,NA,NA,NA,NA,NA,NA,NA,NA,NA
"ES618",NA,NA,NA,NA,NA,NA,NA,NA,NA,NA,NA
"ES62",NA,0.717142857142857,25.6342857142857,NA,0.211428571428571,NA,0.0314285714285714,NA,NA,NA,NA
"ES620",NA,NA,NA,NA,NA,NA,NA,NA,NA,NA,NA
"ES63",NA,0,0,NA,0,NA,0,NA,NA,NA,NA
"ES630",NA,NA,NA,NA,NA,NA,NA,NA,NA,NA,NA
"ES64",NA,0,0,NA,0,NA,0,NA,NA,NA,NA
"ES640",NA,NA,NA,NA,NA,NA,NA,NA,NA,NA,NA
"ES7",NA,0.141428571428571,0.118571428571429,NA,0.7,NA,0.514285714285714,NA,NA,NA,NA
"ES70",NA,0.141428571428571,0.118571428571429,NA,0.7,NA,0.514285714285714,NA,NA,NA,NA
"ES703",NA,NA,NA,NA,NA,NA,NA,NA,NA,NA,NA
"ES704",NA,NA,NA,NA,NA,NA,NA,NA,NA,NA,NA
"ES705",NA,NA,NA,NA,NA,NA,NA,NA,NA,NA,NA
"ES706",NA,NA,NA,NA,NA,NA,NA,NA,NA,NA,NA
"ES707",NA,NA,NA,NA,NA,NA,NA,NA,NA,NA,NA
"ES708",NA,NA,NA,NA,NA,NA,NA,NA,NA,NA,NA
"ES709",NA,NA,NA,NA,NA,NA,NA,NA,NA,NA,NA
"FI1D6",NA,NA,NA,NA,NA,NA,NA,NA,NA,NA,NA
"FI1D7",NA,NA,NA,NA,NA,NA,NA,NA,NA,NA,NA
"FI1",NA,23.5142857142857,452.971428571429,NA,0,NA,0,0,0,NA,0
"FI19",NA,7.67142857142857,183.557142857143,NA,0,NA,0,0,0,NA,0
"FI193",NA,NA,NA,NA,NA,NA,NA,NA,NA,NA,NA
"FI194",NA,NA,NA,NA,NA,NA,NA,NA,NA,NA,NA
"FI195",NA,NA,NA,NA,NA,NA,NA,NA,NA,NA,NA
"FI196",NA,NA,NA,NA,NA,NA,NA,NA,NA,NA,NA
"FI197",NA,NA,NA,NA,NA,NA,NA,NA,NA,NA,NA
"FI1C",NA,11.95,139.9,NA,0,NA,0,0,0,NA,0
"FI1C1",NA,NA,NA,NA,NA,NA,NA,NA,NA,NA,NA
"FI1C2",NA,NA,NA,NA,NA,NA,NA,NA,NA,NA,NA
"FI1C3",NA,NA,NA,NA,NA,NA,NA,NA,NA,NA,NA
"FI1C4",NA,NA,NA,NA,NA,NA,NA,NA,NA,NA,NA
"FI1C5",NA,NA,NA,NA,NA,NA,NA,NA,NA,NA,NA
"FI1D",NA,3.6,112.7,NA,0,NA,0,0,0,NA,0
"FI1D1",NA,NA,NA,NA,NA,NA,NA,NA,NA,NA,NA
"FI1D2",NA,NA,NA,NA,NA,NA,NA,NA,NA,NA,NA
"FI1D3",NA,NA,NA,NA,NA,NA,NA,NA,NA,NA,NA
"FI1D4",NA,NA,NA,NA,NA,NA,NA,NA,NA,NA,NA
"FI1D5",NA,NA,NA,NA,NA,NA,NA,NA,NA,NA,NA
"FI1B",NA,4.6,31.1,NA,0,NA,0,0,0,NA,0
"FI1B1",NA,NA,NA,NA,NA,NA,NA,NA,NA,NA,NA
"FR262",NA,NA,NA,NA,NA,NA,NA,NA,NA,NA,NA
"FR263",NA,NA,NA,NA,NA,NA,NA,NA,NA,NA,NA
"FR264",NA,NA,NA,NA,NA,NA,NA,NA,NA,NA,NA
"FR3",NA,0.0833333333333333,52.98,NA,20.8366666666667,NA,65.9933333333333,NA,NA,NA,NA
"FR30",NA,0.0833333333333333,52.98,NA,20.8366666666667,NA,65.9933333333333,NA,NA,NA,NA
"FR301",NA,NA,NA,NA,NA,NA,NA,NA,NA,NA,NA
"FR302",NA,NA,NA,NA,NA,NA,NA,NA,NA,NA,NA
"FR4",NA,2.285,191.19,NA,180.346666666667,NA,111.633333333333,NA,NA,NA,NA
"FR41",NA,0.711666666666667,155.286666666667,NA,17.4633333333333,NA,76.9716666666667,NA,NA,NA,NA
"FR411",NA,NA,NA,NA,NA,NA,NA,NA,NA,NA,NA
"FR412",NA,NA,NA,NA,NA,NA,NA,NA,NA,NA,NA
"FR413",NA,NA,NA,NA,NA,NA,NA,NA,NA,NA,NA
"FR414",NA,NA,NA,NA,NA,NA,NA,NA,NA,NA,NA
"FR42",NA,0.166666666666667,4.90166666666667,NA,132.575,NA,13.13,NA,NA,NA,NA
"FR421",NA,NA,NA,NA,NA,NA,NA,NA,NA,NA,NA
"FR422",NA,NA,NA,NA,NA,NA,NA,NA,NA,NA,NA
"FR43",NA,1.41,31.0016666666667,NA,30.3116666666667,NA,21.5316666666667,NA,NA,NA,NA
"FR431",NA,NA,NA,NA,NA,NA,NA,NA,NA,NA,NA
"FR432",NA,NA,NA,NA,NA,NA,NA,NA,NA,NA,NA
"FR433",NA,NA,NA,NA,NA,NA,NA,NA,NA,NA,NA
"FR434",NA,NA,NA,NA,NA,NA,NA,NA,NA,NA,NA
"FR51",NA,1.31,58.2366666666667,NA,140.97,NA,273.156666666667,NA,NA,NA,NA
"FR511",NA,NA,NA,NA,NA,NA,NA,NA,NA,NA,NA
"FR5",NA,2.27333333333333,237.908333333333,NA,445.588333333333,NA,650.933333333333,NA,NA,NA,NA
"FR512",NA,NA,NA,NA,NA,NA,NA,NA,NA,NA,NA
"FR513",NA,NA,NA,NA,NA,NA,NA,NA,NA,NA,NA
"FR514",NA,NA,NA,NA,NA,NA,NA,NA,NA,NA,NA
"FR515",NA,NA,NA,NA,NA,NA,NA,NA,NA,NA,NA
"FR",5385.17125,27.3525,1733.8775,148.6375,1641.70125,160.3525,1429.7075,17.15625,4.08,241.445,759.59125
"FR1",NA,0.506666666666667,72.7216666666667,NA,40.605,NA,1.78,NA,NA,NA,NA
"FR10",NA,0.506666666666667,72.7216666666667,NA,40.605,NA,1.78,NA,NA,NA,NA
"FR101",NA,NA,NA,NA,NA,NA,NA,NA,NA,NA,NA
"FR102",NA,NA,NA,NA,NA,NA,NA,NA,NA,NA,NA
"FR103",NA,NA,NA,NA,NA,NA,NA,NA,NA,NA,NA
"FR104",NA,NA,NA,NA,NA,NA,NA,NA,NA,NA,NA
"FR105",NA,NA,NA,NA,NA,NA,NA,NA,NA,NA,NA
"FR106",NA,NA,NA,NA,NA,NA,NA,NA,NA,NA,NA
"FR107",NA,NA,NA,NA,NA,NA,NA,NA,NA,NA,NA
"FR108",NA,NA,NA,NA,NA,NA,NA,NA,NA,NA,NA
"FR2",NA,9.79833333333333,936.1,NA,298.213333333333,NA,385.531666666667,NA,NA,NA,NA
"FR21",NA,0.291666666666667,278.67,NA,48.5383333333333,NA,37.2216666666667,NA,NA,NA,NA
"FR211",NA,NA,NA,NA,NA,NA,NA,NA,NA,NA,NA
"FR212",NA,NA,NA,NA,NA,NA,NA,NA,NA,NA,NA
"FR213",NA,NA,NA,NA,NA,NA,NA,NA,NA,NA,NA
"FR214",NA,NA,NA,NA,NA,NA,NA,NA,NA,NA,NA
"FR22",NA,0.666666666666667,105.941666666667,NA,44.8,NA,46.5816666666667,NA,NA,NA,NA
"FR221",NA,NA,NA,NA,NA,NA,NA,NA,NA,NA,NA
"FR222",NA,NA,NA,NA,NA,NA,NA,NA,NA,NA,NA
"FR223",NA,NA,NA,NA,NA,NA,NA,NA,NA,NA,NA
"FR23",NA,0.085,53.5616666666667,NA,9.58833333333333,NA,50.9633333333333,NA,NA,NA,NA
"FR231",NA,NA,NA,NA,NA,NA,NA,NA,NA,NA,NA
"FR232",NA,NA,NA,NA,NA,NA,NA,NA,NA,NA,NA
"FR24",NA,6.61333333333333,262.398333333333,NA,130.193333333333,NA,33.0033333333333,NA,NA,NA,NA
"FR241",NA,NA,NA,NA,NA,NA,NA,NA,NA,NA,NA
"FR242",NA,NA,NA,NA,NA,NA,NA,NA,NA,NA,NA
"FR243",NA,NA,NA,NA,NA,NA,NA,NA,NA,NA,NA
"FR244",NA,NA,NA,NA,NA,NA,NA,NA,NA,NA,NA
"FR245",NA,NA,NA,NA,NA,NA,NA,NA,NA,NA,NA
"FR246",NA,NA,NA,NA,NA,NA,NA,NA,NA,NA,NA
"FR25",NA,0.326666666666667,45.3566666666667,NA,17.8283333333333,NA,183.475,NA,NA,NA,NA
"FR251",NA,NA,NA,NA,NA,NA,NA,NA,NA,NA,NA
"FR252",NA,NA,NA,NA,NA,NA,NA,NA,NA,NA,NA
"FR253",NA,NA,NA,NA,NA,NA,NA,NA,NA,NA,NA
"FR26",NA,1.815,190.175,NA,47.27,NA,34.2866666666667,NA,NA,NA,NA
"FR261",NA,NA,NA,NA,NA,NA,NA,NA,NA,NA,NA
"FR52",NA,0.393333333333333,83.2283333333333,NA,128.136666666667,NA,319.718333333333,NA,NA,NA,NA
"FR521",NA,NA,NA,NA,NA,NA,NA,NA,NA,NA,NA
"FR522",NA,NA,NA,NA,NA,NA,NA,NA,NA,NA,NA
"FR523",NA,NA,NA,NA,NA,NA,NA,NA,NA,NA,NA
"FR61",NA,0.448333333333333,18.4766666666667,NA,313.523333333333,NA,57.47,NA,NA,NA,NA
"FR611",NA,NA,NA,NA,NA,NA,NA,NA,NA,NA,NA
"FR612",NA,NA,NA,NA,NA,NA,NA,NA,NA,NA,NA
"FR613",NA,NA,NA,NA,NA,NA,NA,NA,NA,NA,NA
"FR614",NA,NA,NA,NA,NA,NA,NA,NA,NA,NA,NA
"FR615",NA,NA,NA,NA,NA,NA,NA,NA,NA,NA,NA
"FR62",NA,1.215,87.305,NA,162.918333333333,NA,43.2733333333333,NA,NA,NA,NA
"FR621",NA,NA,NA,NA,NA,NA,NA,NA,NA,NA,NA
"FR622",NA,NA,NA,NA,NA,NA,NA,NA,NA,NA,NA
"FR623",NA,NA,NA,NA,NA,NA,NA,NA,NA,NA,NA
"FR624",NA,NA,NA,NA,NA,NA,NA,NA,NA,NA,NA
"FR625",NA,NA,NA,NA,NA,NA,NA,NA,NA,NA,NA
"FR626",NA,NA,NA,NA,NA,NA,NA,NA,NA,NA,NA
"FR627",NA,NA,NA,NA,NA,NA,NA,NA,NA,NA,NA
"FR628",NA,NA,NA,NA,NA,NA,NA,NA,NA,NA,NA
"FR63",NA,1.43833333333333,12.4333333333333,NA,7.72333333333333,NA,30.4466666666667,NA,NA,NA,NA
"FR631",NA,NA,NA,NA,NA,NA,NA,NA,NA,NA,NA
"FR632",NA,NA,NA,NA,NA,NA,NA,NA,NA,NA,NA
"FR633",NA,NA,NA,NA,NA,NA,NA,NA,NA,NA,NA
"FR7",NA,7.85333333333333,66.9883333333333,NA,161.62,NA,87.0166666666667,NA,NA,NA,NA
"FR71",NA,3.40333333333333,40.56,NA,118.713333333333,NA,54.85,NA,NA,NA,NA
"FR711",NA,NA,NA,NA,NA,NA,NA,NA,NA,NA,NA
"FR712",NA,NA,NA,NA,NA,NA,NA,NA,NA,NA,NA
"FR713",NA,NA,NA,NA,NA,NA,NA,NA,NA,NA,NA
"FR714",NA,NA,NA,NA,NA,NA,NA,NA,NA,NA,NA
"FR715",NA,NA,NA,NA,NA,NA,NA,NA,NA,NA,NA
"FR716",NA,NA,NA,NA,NA,NA,NA,NA,NA,NA,NA
"FR717",NA,NA,NA,NA,NA,NA,NA,NA,NA,NA,NA
"FR718",NA,NA,NA,NA,NA,NA,NA,NA,NA,NA,NA
"FR72",NA,4.45,26.4283333333333,NA,42.905,NA,32.1666666666667,NA,NA,NA,NA
"FR721",NA,NA,NA,NA,NA,NA,NA,NA,NA,NA,NA
"FR722",NA,NA,NA,NA,NA,NA,NA,NA,NA,NA,NA
"FR723",NA,NA,NA,NA,NA,NA,NA,NA,NA,NA,NA
"FR724",NA,NA,NA,NA,NA,NA,NA,NA,NA,NA,NA
"FR8",NA,2.255,21.3616666666667,NA,8.93333333333333,NA,1.66333333333333,NA,NA,NA,NA
"FR81",NA,1.78833333333333,11.2933333333333,NA,4.05333333333333,NA,0.943333333333333,NA,NA,NA,NA
"FR811",NA,NA,NA,NA,NA,NA,NA,NA,NA,NA,NA
"FR812",NA,NA,NA,NA,NA,NA,NA,NA,NA,NA,NA
"FR813",NA,NA,NA,NA,NA,NA,NA,NA,NA,NA,NA
"FR814",NA,NA,NA,NA,NA,NA,NA,NA,NA,NA,NA
"FR815",NA,NA,NA,NA,NA,NA,NA,NA,NA,NA,NA
"FR82",NA,0.466666666666667,9.81,NA,4.185,NA,0.598333333333333,NA,NA,NA,NA
"FR821",NA,NA,NA,NA,NA,NA,NA,NA,NA,NA,NA
"FR822",NA,NA,NA,NA,NA,NA,NA,NA,NA,NA,NA
"FR823",NA,NA,NA,NA,NA,NA,NA,NA,NA,NA,NA
"FR824",NA,NA,NA,NA,NA,NA,NA,NA,NA,NA,NA
"FR825",NA,NA,NA,NA,NA,NA,NA,NA,NA,NA,NA
"FR826",NA,NA,NA,NA,NA,NA,NA,NA,NA,NA,NA
"FR524",NA,NA,NA,NA,NA,NA,NA,NA,NA,NA,NA
"FR53",NA,0.571666666666667,96.445,NA,176.483333333333,NA,58.06,NA,NA,NA,NA
"FR531",NA,NA,NA,NA,NA,NA,NA,NA,NA,NA,NA
"FR532",NA,NA,NA,NA,NA,NA,NA,NA,NA,NA,NA
"FR533",NA,NA,NA,NA,NA,NA,NA,NA,NA,NA,NA
"FR534",NA,NA,NA,NA,NA,NA,NA,NA,NA,NA,NA
"FR6",NA,3.09666666666667,118.211666666667,NA,484.16,NA,131.19,NA,NA,NA,NA
"HR033",NA,NA,NA,NA,NA,NA,NA,NA,NA,NA,NA
"HR034",NA,NA,NA,NA,NA,NA,NA,NA,NA,NA,NA
"HR035",NA,NA,NA,NA,NA,NA,NA,NA,NA,NA,NA
"HR036",NA,NA,NA,NA,NA,NA,NA,NA,NA,NA,NA
"HR037",NA,NA,NA,NA,NA,NA,NA,NA,NA,NA,NA
"HR04",NA,0.8225,46.69,NA,262.455,NA,29.67,NA,NA,NA,NA
"HR041",NA,NA,NA,NA,NA,NA,NA,NA,NA,NA,NA
"HR042",NA,NA,NA,NA,NA,NA,NA,NA,NA,NA,NA
"HR043",NA,NA,NA,NA,NA,NA,NA,NA,NA,NA,NA
"HR044",NA,NA,NA,NA,NA,NA,NA,NA,NA,NA,NA
"HR045",NA,NA,NA,NA,NA,NA,NA,NA,NA,NA,NA
"HR046",NA,NA,NA,NA,NA,NA,NA,NA,NA,NA,NA
"HR047",NA,NA,NA,NA,NA,NA,NA,NA,NA,NA,NA
"HR048",NA,NA,NA,NA,NA,NA,NA,NA,NA,NA,NA
"HR049",NA,NA,NA,NA,NA,NA,NA,NA,NA,NA,NA
"HR04A",NA,NA,NA,NA,NA,NA,NA,NA,NA,NA,NA
"HR04B",NA,NA,NA,NA,NA,NA,NA,NA,NA,NA,NA
"HR04C",NA,NA,NA,NA,NA,NA,NA,NA,NA,NA,NA
"HR04D",NA,NA,NA,NA,NA,NA,NA,NA,NA,NA,NA
"HR04E",NA,NA,NA,NA,NA,NA,NA,NA,NA,NA,NA
"HU",1037.18,33.0575,280.4175,46.85375,1135.01875,82.32,88.845,0,0,81.15,71.78875
"HU1",NA,7.54,16.2371428571429,NA,60.8928571428571,NA,6.58,0,0,NA,NA
"HU10",NA,7.54,16.2371428571429,NA,60.8928571428571,NA,6.58,0,0,NA,NA
"HU101",NA,NA,NA,NA,NA,NA,NA,NA,NA,NA,NA
"HU102",NA,NA,NA,NA,NA,NA,NA,NA,NA,NA,NA
"HU2",NA,6.92,122.602857142857,NA,544.144285714286,NA,40.138,0,0,NA,NA
"HU21",NA,2.47714285714286,32.8028571428571,NA,149.284285714286,NA,13.924,0,0,NA,NA
"HU211",NA,NA,NA,NA,NA,NA,NA,NA,NA,NA,NA
"HU212",NA,NA,NA,NA,NA,NA,NA,NA,NA,NA,NA
"HU213",NA,NA,NA,NA,NA,NA,NA,NA,NA,NA,NA
"HU22",NA,2.16142857142857,48.97,NA,119.374285714286,NA,15.49,0,0,NA,NA
"HU221",NA,NA,NA,NA,NA,NA,NA,NA,NA,NA,NA
"HU222",NA,NA,NA,NA,NA,NA,NA,NA,NA,NA,NA
"HU223",NA,NA,NA,NA,NA,NA,NA,NA,NA,NA,NA
"HU23",NA,2.28285714285714,40.8285714285714,NA,275.485714285714,NA,10.728,0,0,NA,NA
"HU231",NA,NA,NA,NA,NA,NA,NA,NA,NA,NA,NA
"HU232",NA,NA,NA,NA,NA,NA,NA,NA,NA,NA,NA
"HU233",NA,NA,NA,NA,NA,NA,NA,NA,NA,NA,NA
"FR83",NA,0,0.261666666666667,NA,0.698333333333333,NA,0.128333333333333,NA,NA,NA,NA
"FR831",NA,NA,NA,NA,NA,NA,NA,NA,NA,NA,NA
"FR832",NA,NA,NA,NA,NA,NA,NA,NA,NA,NA,NA
"FRA",NA,0,0,NA,0.4625,NA,0.1075,NA,NA,NA,NA
"FRA1",NA,0,0,NA,0,NA,0,NA,NA,NA,NA
"FRA10",NA,NA,NA,NA,NA,NA,NA,NA,NA,NA,NA
"FRA2",NA,0,0,NA,0.0025,NA,0.015,NA,NA,NA,NA
"FRA20",NA,NA,NA,NA,NA,NA,NA,NA,NA,NA,NA
"FRA3",NA,0,0,NA,0.37,NA,0.0125,NA,NA,NA,NA
"FRA30",NA,NA,NA,NA,NA,NA,NA,NA,NA,NA,NA
"FRA4",NA,0,0,NA,0.095,NA,0.08,NA,NA,NA,NA
"FRA40",NA,NA,NA,NA,NA,NA,NA,NA,NA,NA,NA
"FRA5",NA,0,0,NA,0,NA,0,NA,NA,NA,NA
"FRA50",NA,NA,NA,NA,NA,NA,NA,NA,NA,NA,NA
"HR031",NA,NA,NA,NA,NA,NA,NA,NA,NA,NA,NA
"HR032",NA,NA,NA,NA,NA,NA,NA,NA,NA,NA,NA
"HR",161.98,1.09125,51.36125,23.62125,275.505,27.12,29.97,18.0766666666667,2.12285714285714,8.48,28.3314285714286
"HR0",NA,1.07571428571429,51.1271428571429,NA,279.72,NA,30.0114285714286,NA,NA,NA,NA
"HR03",NA,0.334285714285714,3.22,NA,1.79571428571429,NA,0.784285714285714,NA,NA,NA,NA
"HU3",NA,19.68,143.597142857143,NA,550.974285714286,NA,44.89,0,0,NA,NA
"HU31",NA,1.69857142857143,28.88,NA,59.2128571428571,NA,9.386,0,0,NA,NA
"HU311",NA,NA,NA,NA,NA,NA,NA,NA,NA,NA,NA
"HU312",NA,NA,NA,NA,NA,NA,NA,NA,NA,NA,NA
"HU313",NA,NA,NA,NA,NA,NA,NA,NA,NA,NA,NA
"HU32",NA,5.74,41.19,NA,254.428571428571,NA,19.32,0,0,NA,NA
"HU321",NA,NA,NA,NA,NA,NA,NA,NA,NA,NA,NA
"HU322",NA,NA,NA,NA,NA,NA,NA,NA,NA,NA,NA
"HU323",NA,NA,NA,NA,NA,NA,NA,NA,NA,NA,NA
"HU33",NA,12.2428571428571,73.5257142857143,NA,237.334285714286,NA,16.184,0,0,NA,NA
"HU331",NA,NA,NA,NA,NA,NA,NA,NA,NA,NA,NA
"IE",75.315,0,194.4375,22.645,0,0.74125,14.95375,0,0,4.42375,0
"IE0",NA,0.005,194.4375,NA,0,NA,14.95375,0,0,NA,0
"IE01",NA,0,41.905,NA,0,NA,2.4575,0,0,NA,0
"IE011",NA,NA,NA,NA,NA,NA,NA,NA,NA,NA,NA
"IE012",NA,NA,NA,NA,NA,NA,NA,NA,NA,NA,NA
"IE013",NA,NA,NA,NA,NA,NA,NA,NA,NA,NA,NA
"IE02",NA,0,152.5325,NA,0,NA,12.49875,0,0,NA,0
"IE021",NA,NA,NA,NA,NA,NA,NA,NA,NA,NA,NA
"IE022",NA,NA,NA,NA,NA,NA,NA,NA,NA,NA,NA
"IE023",NA,NA,NA,NA,NA,NA,NA,NA,NA,NA,NA
"IE024",NA,NA,NA,NA,NA,NA,NA,NA,NA,NA,NA
"IE025",NA,NA,NA,NA,NA,NA,NA,NA,NA,NA,NA
"HU332",NA,NA,NA,NA,NA,NA,NA,NA,NA,NA,NA
"HU333",NA,NA,NA,NA,NA,NA,NA,NA,NA,NA,NA
"IT",1843.50285714286,4.36125,247.43375,109.678571428571,839.33875,393.595,317.59,1142.48875,153.98125,423.325714285714,700.6325
"ITC",NA,1.42,37.7233333333333,NA,384.811666666667,NA,172.033333333333,NA,NA,NA,NA
"ITC1",NA,0.348,18.0333333333333,NA,179.186666666667,NA,21.1166666666667,NA,NA,NA,NA
"ITC11",NA,NA,NA,NA,NA,NA,NA,NA,NA,NA,NA
"ITC12",NA,NA,NA,NA,NA,NA,NA,NA,NA,NA,NA
"ITC13",NA,NA,NA,NA,NA,NA,NA,NA,NA,NA,NA
"ITC14",NA,NA,NA,NA,NA,NA,NA,NA,NA,NA,NA
"ITC15",NA,NA,NA,NA,NA,NA,NA,NA,NA,NA,NA
"ITC16",NA,NA,NA,NA,NA,NA,NA,NA,NA,NA,NA
"ITC17",NA,NA,NA,NA,NA,NA,NA,NA,NA,NA,NA
"ITC18",NA,NA,NA,NA,NA,NA,NA,NA,NA,NA,NA
"ITC2",NA,0.01,0.004,NA,0.02,NA,0,NA,NA,NA,NA
"ITC20",NA,NA,NA,NA,NA,NA,NA,NA,NA,NA,NA
"ITC3",NA,0,0.108,NA,0.194,NA,0.125,NA,NA,NA,NA
"ITC31",NA,NA,NA,NA,NA,NA,NA,NA,NA,NA,NA
"ITC32",NA,NA,NA,NA,NA,NA,NA,NA,NA,NA,NA
"ITC33",NA,NA,NA,NA,NA,NA,NA,NA,NA,NA,NA
"ITC34",NA,NA,NA,NA,NA,NA,NA,NA,NA,NA,NA
"ITC4",NA,1.07,19.575,NA,205.428333333333,NA,143.473333333333,NA,NA,NA,NA
"ITC41",NA,NA,NA,NA,NA,NA,NA,NA,NA,NA,NA
"ITC42",NA,NA,NA,NA,NA,NA,NA,NA,NA,NA,NA
"ITC43",NA,NA,NA,NA,NA,NA,NA,NA,NA,NA,NA
"ITC44",NA,NA,NA,NA,NA,NA,NA,NA,NA,NA,NA
"ITC46",NA,NA,NA,NA,NA,NA,NA,NA,NA,NA,NA
"ITC47",NA,NA,NA,NA,NA,NA,NA,NA,NA,NA,NA
"ITC48",NA,NA,NA,NA,NA,NA,NA,NA,NA,NA,NA
"ITC49",NA,NA,NA,NA,NA,NA,NA,NA,NA,NA,NA
"ITC4A",NA,NA,NA,NA,NA,NA,NA,NA,NA,NA,NA
"ITC4B",NA,NA,NA,NA,NA,NA,NA,NA,NA,NA,NA
"ITC4C",NA,NA,NA,NA,NA,NA,NA,NA,NA,NA,NA
"ITC4D",NA,NA,NA,NA,NA,NA,NA,NA,NA,NA,NA
"ITF",NA,1.86166666666667,90.5633333333333,NA,31.505,NA,28.1766666666667,NA,NA,NA,NA
"ITF1",NA,0.194,19.9916666666667,NA,7.57333333333333,NA,0.7175,NA,NA,NA,NA
"ITF11",NA,NA,NA,NA,NA,NA,NA,NA,NA,NA,NA
"IS",0.025,0,2.84,0.0142857142857143,0,0,0,0,0,0.19,0
"IS0",0,0,NA,0,0,0,0,0,0,0,0
"IS00",NA,NA,NA,NA,NA,NA,NA,NA,NA,NA,NA
"IS001",NA,NA,NA,NA,NA,NA,NA,NA,NA,NA,NA
"ITF12",NA,NA,NA,NA,NA,NA,NA,NA,NA,NA,NA
"ITF13",NA,NA,NA,NA,NA,NA,NA,NA,NA,NA,NA
"IS002",NA,NA,NA,NA,NA,NA,NA,NA,NA,NA,NA
"SE2",NA,17.55,186.425714285714,NA,1.58833333333333,NA,13.6766666666667,0,0,NA,NA
"TR62",NA,0.766666666666667,23.4,NA,109.2,NA,7.66666666666667,NA,NA,NA,NA
"TR621",NA,NA,NA,NA,NA,NA,NA,NA,NA,NA,NA
"TR622",NA,NA,NA,NA,NA,NA,NA,NA,NA,NA,NA
"TR63",NA,0,40.6,NA,77.8,NA,7,NA,NA,NA,NA
"TR631",NA,NA,NA,NA,NA,NA,NA,NA,NA,NA,NA
"TR632",NA,NA,NA,NA,NA,NA,NA,NA,NA,NA,NA
"TR633",NA,NA,NA,NA,NA,NA,NA,NA,NA,NA,NA
"TR7",NA,54.4,529.2,NA,3.2,NA,25.6666666666667,NA,NA,NA,NA
"TR71",NA,35.2,312.4,NA,3.2,NA,13.6666666666667,NA,NA,NA,NA
"TR711",NA,NA,NA,NA,NA,NA,NA,NA,NA,NA,NA
"SE21",NA,1.33,35.7785714285714,NA,0.293333333333333,NA,5.37833333333333,0,0,NA,NA
"SE211",NA,NA,NA,NA,NA,NA,NA,NA,NA,NA,NA
"SE212",NA,NA,NA,NA,NA,NA,NA,NA,NA,NA,NA
"SE213",NA,NA,NA,NA,NA,NA,NA,NA,NA,NA,NA
"UK",1862.125,14.91375,1073.25,140.125,4.34125,23.3875,172.3075,0,0,117.72,1.59875
"UKC",NA,0,43.1428571428571,NA,0,NA,NA,0,0,NA,NA
"UKC1",NA,NA,NA,NA,0,NA,NA,0,0,NA,NA
"UKC11",NA,NA,NA,NA,NA,NA,NA,NA,NA,NA,NA
"UKC12",NA,NA,NA,NA,NA,NA,NA,NA,NA,NA,NA
"UKC13",NA,NA,NA,NA,NA,NA,NA,NA,NA,NA,NA
"UKC14",NA,NA,NA,NA,NA,NA,NA,NA,NA,NA,NA
"UKC2",NA,NA,NA,NA,0,NA,NA,0,0,NA,NA
"UKC21",NA,NA,NA,NA,NA,NA,NA,NA,NA,NA,NA
"UKC22",NA,NA,NA,NA,NA,NA,NA,NA,NA,NA,NA
"UKC23",NA,NA,NA,NA,NA,NA,NA,NA,NA,NA,NA
"UKD",NA,0,43,NA,0,NA,NA,0,0,NA,NA
"UKD1",NA,NA,NA,NA,0,NA,NA,0,0,NA,NA
"SE214",NA,NA,NA,NA,NA,NA,NA,NA,NA,NA,NA
"SE22",NA,12.0016666666667,83.6085714285714,NA,1.175,NA,5.36333333333333,0,0,NA,NA
"SE221",NA,NA,NA,NA,NA,NA,NA,NA,NA,NA,NA
"SE224",NA,NA,NA,NA,NA,NA,NA,NA,NA,NA,NA
"SE23",NA,4.21833333333333,67.0242857142857,NA,0.12,NA,2.935,0,0,NA,NA
"UKD45",NA,NA,NA,NA,NA,NA,NA,NA,NA,NA,NA
"UKD46",NA,NA,NA,NA,NA,NA,NA,NA,NA,NA,NA
"UKD47",NA,NA,NA,NA,NA,NA,NA,NA,NA,NA,NA
"UKD6",NA,NA,NA,NA,0,NA,NA,0,0,NA,NA
"UKD61",NA,NA,NA,NA,NA,NA,NA,NA,NA,NA,NA
"UKD62",NA,NA,NA,NA,NA,NA,NA,NA,NA,NA,NA
"UKD63",NA,NA,NA,NA,NA,NA,NA,NA,NA,NA,NA
"UKD7",NA,NA,NA,NA,0,NA,NA,0,0,NA,NA
"UKD71",NA,NA,NA,NA,NA,NA,NA,NA,NA,NA,NA
"UKD72",NA,NA,NA,NA,NA,NA,NA,NA,NA,NA,NA
"UKD73",NA,NA,NA,NA,NA,NA,NA,NA,NA,NA,NA
"UKD74",NA,NA,NA,NA,NA,NA,NA,NA,NA,NA,NA
"UKE",NA,0.4,117.714285714286,NA,0,NA,NA,0,0,NA,NA
"UKE1",NA,NA,NA,NA,0,NA,NA,0,0,NA,NA
"UKE11",NA,NA,NA,NA,NA,NA,NA,NA,NA,NA,NA
"UKE12",NA,NA,NA,NA,NA,NA,NA,NA,NA,NA,NA
"UKE13",NA,NA,NA,NA,NA,NA,NA,NA,NA,NA,NA
"UKE2",NA,NA,NA,NA,0,NA,NA,0,0,NA,NA
"UKE21",NA,NA,NA,NA,NA,NA,NA,NA,NA,NA,NA
"UKE22",NA,NA,NA,NA,NA,NA,NA,NA,NA,NA,NA
"UKE3",NA,NA,NA,NA,0,NA,NA,0,0,NA,NA
"UKE31",NA,NA,NA,NA,NA,NA,NA,NA,NA,NA,NA
"UKE32",NA,NA,NA,NA,NA,NA,NA,NA,NA,NA,NA
"UKE4",NA,NA,NA,NA,0,NA,NA,0,0,NA,NA
"UKE41",NA,NA,NA,NA,NA,NA,NA,NA,NA,NA,NA
"UKE42",NA,NA,NA,NA,NA,NA,NA,NA,NA,NA,NA
"UKE44",NA,NA,NA,NA,NA,NA,NA,NA,NA,NA,NA
"UKE45",NA,NA,NA,NA,NA,NA,NA,NA,NA,NA,NA
"UKF",NA,1,83.5714285714286,NA,0,NA,NA,0,0,NA,NA
"UKF1",NA,NA,NA,NA,0,NA,NA,0,0,NA,NA
"UKF11",NA,NA,NA,NA,NA,NA,NA,NA,NA,NA,NA
"UKF12",NA,NA,NA,NA,NA,NA,NA,NA,NA,NA,NA
"UKF13",NA,NA,NA,NA,NA,NA,NA,NA,NA,NA,NA
"UKF14",NA,NA,NA,NA,NA,NA,NA,NA,NA,NA,NA
"UKF15",NA,NA,NA,NA,NA,NA,NA,NA,NA,NA,NA
"UKF16",NA,NA,NA,NA,NA,NA,NA,NA,NA,NA,NA
"UKF2",NA,NA,NA,NA,0,NA,NA,0,0,NA,NA
"UKF21",NA,NA,NA,NA,NA,NA,NA,NA,NA,NA,NA
"UKF22",NA,NA,NA,NA,NA,NA,NA,NA,NA,NA,NA
"UKF24",NA,NA,NA,NA,NA,NA,NA,NA,NA,NA,NA
"UKF25",NA,NA,NA,NA,NA,NA,NA,NA,NA,NA,NA
"UKF3",NA,NA,NA,NA,0,NA,NA,0,0,NA,NA
"UKF30",NA,NA,NA,NA,NA,NA,NA,NA,NA,NA,NA
"UKG",NA,0,56.5714285714286,NA,0,NA,NA,0,0,NA,NA
"UKG1",NA,NA,NA,NA,0,NA,NA,0,0,NA,NA
"UKG11",NA,NA,NA,NA,NA,NA,NA,NA,NA,NA,NA
"UKG12",NA,NA,NA,NA,NA,NA,NA,NA,NA,NA,NA
"UKG13",NA,NA,NA,NA,NA,NA,NA,NA,NA,NA,NA
"UKG2",NA,NA,NA,NA,0,NA,NA,0,0,NA,NA
"UKG21",NA,NA,NA,NA,NA,NA,NA,NA,NA,NA,NA
"UKG22",NA,NA,NA,NA,NA,NA,NA,NA,NA,NA,NA
"UKG23",NA,NA,NA,NA,NA,NA,NA,NA,NA,NA,NA
"UKG24",NA,NA,NA,NA,NA,NA,NA,NA,NA,NA,NA
"UKG3",NA,NA,NA,NA,0,NA,NA,0,0,NA,NA
"UKG31",NA,NA,NA,NA,NA,NA,NA,NA,NA,NA,NA
"UKG32",NA,NA,NA,NA,NA,NA,NA,NA,NA,NA,NA
"UKG33",NA,NA,NA,NA,NA,NA,NA,NA,NA,NA,NA
"UKG36",NA,NA,NA,NA,NA,NA,NA,NA,NA,NA,NA
"UKG37",NA,NA,NA,NA,NA,NA,NA,NA,NA,NA,NA
"UKG38",NA,NA,NA,NA,NA,NA,NA,NA,NA,NA,NA
"UKG39",NA,NA,NA,NA,NA,NA,NA,NA,NA,NA,NA
"UKH",NA,3,149.285714285714,NA,0,NA,NA,0,0,NA,NA
"UKH1",NA,NA,NA,NA,0,NA,NA,0,0,NA,NA
"UKH11",NA,NA,NA,NA,NA,NA,NA,NA,NA,NA,NA
"UKH12",NA,NA,NA,NA,NA,NA,NA,NA,NA,NA,NA
"UKH14",NA,NA,NA,NA,NA,NA,NA,NA,NA,NA,NA
"UKH15",NA,NA,NA,NA,NA,NA,NA,NA,NA,NA,NA
"UKH16",NA,NA,NA,NA,NA,NA,NA,NA,NA,NA,NA
"UKH17",NA,NA,NA,NA,NA,NA,NA,NA,NA,NA,NA
"UKH2",NA,NA,NA,NA,0,NA,NA,0,0,NA,NA
"UKH21",NA,NA,NA,NA,NA,NA,NA,NA,NA,NA,NA
"UKH23",NA,NA,NA,NA,NA,NA,NA,NA,NA,NA,NA
"UKH24",NA,NA,NA,NA,NA,NA,NA,NA,NA,NA,NA
"UKH25",NA,NA,NA,NA,NA,NA,NA,NA,NA,NA,NA
"UKH3",NA,NA,NA,NA,0,NA,NA,0,0,NA,NA
"UKH31",NA,NA,NA,NA,NA,NA,NA,NA,NA,NA,NA
"UKH32",NA,NA,NA,NA,NA,NA,NA,NA,NA,NA,NA
"UKH34",NA,NA,NA,NA,NA,NA,NA,NA,NA,NA,NA
"UKH35",NA,NA,NA,NA,NA,NA,NA,NA,NA,NA,NA
"UKH36",NA,NA,NA,NA,NA,NA,NA,NA,NA,NA,NA
"UKH37",NA,NA,NA,NA,NA,NA,NA,NA,NA,NA,NA
"UKI",NA,0,0.166666666666667,NA,0,NA,NA,0,0,NA,NA
"UKI3",NA,NA,NA,NA,0,NA,NA,0,0,NA,NA
"UKI31",NA,NA,NA,NA,NA,NA,NA,NA,NA,NA,NA
"UKI32",NA,NA,NA,NA,NA,NA,NA,NA,NA,NA,NA
"UKI33",NA,NA,NA,NA,NA,NA,NA,NA,NA,NA,NA
"UKI34",NA,NA,NA,NA,NA,NA,NA,NA,NA,NA,NA
"UKI4",NA,NA,NA,NA,0,NA,NA,0,0,NA,NA
"UKI41",NA,NA,NA,NA,NA,NA,NA,NA,NA,NA,NA
"UKI42",NA,NA,NA,NA,NA,NA,NA,NA,NA,NA,NA
"UKI43",NA,NA,NA,NA,NA,NA,NA,NA,NA,NA,NA
"UKI44",NA,NA,NA,NA,NA,NA,NA,NA,NA,NA,NA
"UKI45",NA,NA,NA,NA,NA,NA,NA,NA,NA,NA,NA
"UKI5",NA,NA,NA,NA,0,NA,NA,0,0,NA,NA
"UKI51",NA,NA,NA,NA,NA,NA,NA,NA,NA,NA,NA
"UKI52",NA,NA,NA,NA,NA,NA,NA,NA,NA,NA,NA
"UKI53",NA,NA,NA,NA,NA,NA,NA,NA,NA,NA,NA
"UKI54",NA,NA,NA,NA,NA,NA,NA,NA,NA,NA,NA
"UKI6",NA,NA,NA,NA,0,NA,NA,0,0,NA,NA
"UKI61",NA,NA,NA,NA,NA,NA,NA,NA,NA,NA,NA
"UKI62",NA,NA,NA,NA,NA,NA,NA,NA,NA,NA,NA
"UKI63",NA,NA,NA,NA,NA,NA,NA,NA,NA,NA,NA
"UKI7",NA,NA,NA,NA,0,NA,NA,0,0,NA,NA
"UKI71",NA,NA,NA,NA,NA,NA,NA,NA,NA,NA,NA
"UKI72",NA,NA,NA,NA,NA,NA,NA,NA,NA,NA,NA
"UKI73",NA,NA,NA,NA,NA,NA,NA,NA,NA,NA,NA
"UKI74",NA,NA,NA,NA,NA,NA,NA,NA,NA,NA,NA
"UKI75",NA,NA,NA,NA,NA,NA,NA,NA,NA,NA,NA
"UKJ",NA,1,81.8571428571429,NA,0,NA,NA,0,0,NA,NA
"UKJ1",NA,NA,NA,NA,0,NA,NA,0,0,NA,NA
"UKJ11",NA,NA,NA,NA,NA,NA,NA,NA,NA,NA,NA
"UKJ12",NA,NA,NA,NA,NA,NA,NA,NA,NA,NA,NA
"UKJ13",NA,NA,NA,NA,NA,NA,NA,NA,NA,NA,NA
"UKJ14",NA,NA,NA,NA,NA,NA,NA,NA,NA,NA,NA
"UKJ2",NA,NA,NA,NA,0,NA,NA,0,0,NA,NA
"UKJ21",NA,NA,NA,NA,NA,NA,NA,NA,NA,NA,NA
"UKJ22",NA,NA,NA,NA,NA,NA,NA,NA,NA,NA,NA
"UKJ25",NA,NA,NA,NA,NA,NA,NA,NA,NA,NA,NA
"UKJ26",NA,NA,NA,NA,NA,NA,NA,NA,NA,NA,NA
"UKJ27",NA,NA,NA,NA,NA,NA,NA,NA,NA,NA,NA
"UKJ28",NA,NA,NA,NA,NA,NA,NA,NA,NA,NA,NA
"UKJ3",NA,NA,NA,NA,0,NA,NA,0,0,NA,NA
"UKJ31",NA,NA,NA,NA,NA,NA,NA,NA,NA,NA,NA
"UKJ32",NA,NA,NA,NA,NA,NA,NA,NA,NA,NA,NA
"UKJ34",NA,NA,NA,NA,NA,NA,NA,NA,NA,NA,NA
"UKJ35",NA,NA,NA,NA,NA,NA,NA,NA,NA,NA,NA
"UKJ36",NA,NA,NA,NA,NA,NA,NA,NA,NA,NA,NA
"UKJ37",NA,NA,NA,NA,NA,NA,NA,NA,NA,NA,NA
"UKJ4",NA,NA,NA,NA,0,NA,NA,0,0,NA,NA
"UKJ41",NA,NA,NA,NA,NA,NA,NA,NA,NA,NA,NA
"UKJ43",NA,NA,NA,NA,NA,NA,NA,NA,NA,NA,NA
"UKJ44",NA,NA,NA,NA,NA,NA,NA,NA,NA,NA,NA
"UKJ45",NA,NA,NA,NA,NA,NA,NA,NA,NA,NA,NA
"UKJ46",NA,NA,NA,NA,NA,NA,NA,NA,NA,NA,NA
"UKK",NA,1,124.142857142857,NA,0,NA,NA,0,0,NA,NA
"UKK1",NA,NA,NA,NA,0,NA,NA,0,0,NA,NA
"UKK11",NA,NA,NA,NA,NA,NA,NA,NA,NA,NA,NA
"UKK12",NA,NA,NA,NA,NA,NA,NA,NA,NA,NA,NA
"UKK13",NA,NA,NA,NA,NA,NA,NA,NA,NA,NA,NA
"UKK14",NA,NA,NA,NA,NA,NA,NA,NA,NA,NA,NA
"UKK15",NA,NA,NA,NA,NA,NA,NA,NA,NA,NA,NA
"UKK2",NA,NA,NA,NA,0,NA,NA,0,0,NA,NA
"UKK21",NA,NA,NA,NA,NA,NA,NA,NA,NA,NA,NA
"UKK22",NA,NA,NA,NA,NA,NA,NA,NA,NA,NA,NA
"UKK23",NA,NA,NA,NA,NA,NA,NA,NA,NA,NA,NA
"UKK3",NA,NA,NA,NA,0,NA,NA,0,0,NA,NA
"UKK30",NA,NA,NA,NA,NA,NA,NA,NA,NA,NA,NA
"UKK4",NA,NA,NA,NA,0,NA,NA,0,0,NA,NA
"UKK41",NA,NA,NA,NA,NA,NA,NA,NA,NA,NA,NA
"UKK42",NA,NA,NA,NA,NA,NA,NA,NA,NA,NA,NA
"UKK43",NA,NA,NA,NA,NA,NA,NA,NA,NA,NA,NA
"UKL",NA,0.166666666666667,21.4285714285714,NA,0.05,NA,NA,0,0,NA,NA
"UKL1",NA,NA,NA,NA,0,NA,NA,0,0,NA,NA
"UKL11",NA,NA,NA,NA,NA,NA,NA,NA,NA,NA,NA
"UKL12",NA,NA,NA,NA,NA,NA,NA,NA,NA,NA,NA
"UKL13",NA,NA,NA,NA,NA,NA,NA,NA,NA,NA,NA
"UKL14",NA,NA,NA,NA,NA,NA,NA,NA,NA,NA,NA
"UKL15",NA,NA,NA,NA,NA,NA,NA,NA,NA,NA,NA
"UKL16",NA,NA,NA,NA,NA,NA,NA,NA,NA,NA,NA
"UKL17",NA,NA,NA,NA,NA,NA,NA,NA,NA,NA,NA
"UKL18",NA,NA,NA,NA,NA,NA,NA,NA,NA,NA,NA
"UKL2",NA,NA,NA,NA,0,NA,NA,0,0,NA,NA
"UKL21",NA,NA,NA,NA,NA,NA,NA,NA,NA,NA,NA
"UKL22",NA,NA,NA,NA,NA,NA,NA,NA,NA,NA,NA
"UKL23",NA,NA,NA,NA,NA,NA,NA,NA,NA,NA,NA
"UKL24",NA,NA,NA,NA,NA,NA,NA,NA,NA,NA,NA
"UKM21",NA,NA,NA,NA,NA,NA,NA,NA,NA,NA,NA
"UKM22",NA,NA,NA,NA,NA,NA,NA,NA,NA,NA,NA
"UKM23",NA,NA,NA,NA,NA,NA,NA,NA,NA,NA,NA
"UKM24",NA,NA,NA,NA,NA,NA,NA,NA,NA,NA,NA
"UKM25",NA,NA,NA,NA,NA,NA,NA,NA,NA,NA,NA
"UKM26",NA,NA,NA,NA,NA,NA,NA,NA,NA,NA,NA
"UKM27",NA,NA,NA,NA,NA,NA,NA,NA,NA,NA,NA
"UKM28",NA,NA,NA,NA,NA,NA,NA,NA,NA,NA,NA
"UKM32",NA,NA,NA,NA,NA,NA,NA,NA,NA,NA,NA
"UKM33",NA,NA,NA,NA,NA,NA,NA,NA,NA,NA,NA
"UKM34",NA,NA,NA,NA,NA,NA,NA,NA,NA,NA,NA
"UKM35",NA,NA,NA,NA,NA,NA,NA,NA,NA,NA,NA
"UKM36",NA,NA,NA,NA,NA,NA,NA,NA,NA,NA,NA
"UKM37",NA,NA,NA,NA,NA,NA,NA,NA,NA,NA,NA
"UKM38",NA,NA,NA,NA,NA,NA,NA,NA,NA,NA,NA
"UKM50",NA,NA,NA,NA,NA,NA,NA,NA,NA,NA,NA
"UKM64",NA,NA,NA,NA,NA,NA,NA,NA,NA,NA,NA
"UKM65",NA,NA,NA,NA,NA,NA,NA,NA,NA,NA,NA
"UKM66",NA,NA,NA,NA,NA,NA,NA,NA,NA,NA,NA
"UKN",NA,0,24.1428571428571,NA,0.05,NA,NA,0,0,NA,NA
"UKN0",NA,NA,NA,NA,0,NA,NA,0,0,NA,NA
"UKN01",NA,NA,NA,NA,NA,NA,NA,NA,NA,NA,NA
"UKN02",NA,NA,NA,NA,NA,NA,NA,NA,NA,NA,NA
"UKN03",NA,NA,NA,NA,NA,NA,NA,NA,NA,NA,NA
"UKN04",NA,NA,NA,NA,NA,NA,NA,NA,NA,NA,NA
"UKN05",NA,NA,NA,NA,NA,NA,NA,NA,NA,NA,NA
"UKM31",NA,NA,NA,NA,NA,NA,NA,NA,NA,NA,NA
"UKM62",NA,NA,NA,NA,NA,NA,NA,NA,NA,NA,NA
"UKM61",NA,NA,NA,NA,NA,NA,NA,NA,NA,NA,NA
"UKM2",NA,NA,NA,NA,0,NA,NA,0,0,NA,NA
"UKM3",NA,NA,NA,NA,0,NA,NA,0,0,NA,NA
"UKM5",NA,NA,NA,NA,0,NA,NA,0,0,NA,NA
"UKM63",NA,NA,NA,NA,NA,NA,NA,NA,NA,NA,NA
"UKM",NA,0,313,NA,0,NA,NA,0,0,NA,NA
"UKM6",NA,NA,NA,NA,0,NA,NA,0,0,NA,NA
"RO411",NA,NA,NA,NA,NA,NA,NA,NA,NA,NA,NA
"RO412",NA,NA,NA,NA,NA,NA,NA,NA,NA,NA,NA
"RO413",NA,NA,NA,NA,NA,NA,NA,NA,NA,NA,NA
"RO414",NA,NA,NA,NA,NA,NA,NA,NA,NA,NA,NA
"RO415",NA,NA,NA,NA,NA,NA,NA,NA,NA,NA,NA
"RO42",NA,0.464285714285714,34.2528571428571,NA,337.58,NA,NA,0,0,NA,NA
"RO421",NA,NA,NA,NA,NA,NA,NA,NA,NA,NA,NA
"RO422",NA,NA,NA,NA,NA,NA,NA,NA,NA,NA,NA
"RO423",NA,NA,NA,NA,NA,NA,NA,NA,NA,NA,NA
"RO424",NA,NA,NA,NA,NA,NA,NA,NA,NA,NA,NA
"SE231",NA,NA,NA,NA,NA,NA,NA,NA,NA,NA,NA
"SE232",NA,NA,NA,NA,NA,NA,NA,NA,NA,NA,NA
"SE3",NA,0.515,43.2157142857143,NA,0.0175,NA,0.103333333333333,0,0,NA,NA
"SE31",NA,0.511666666666667,27.1628571428571,NA,0.0175,NA,0.103333333333333,0,0,NA,NA
"SE311",NA,NA,NA,NA,NA,NA,NA,NA,NA,NA,NA
"SE312",NA,NA,NA,NA,NA,NA,NA,NA,NA,NA,NA
"TR",7997.875,123.875,2763.5,95.625,641.5,1756.16666666667,290.625,838.75,130.142857142857,1993.71428571429,455
"TR1",NA,0,6.2,NA,0,NA,1,NA,NA,NA,NA
"TR10",NA,NA,6.2,NA,0,NA,1,NA,NA,NA,NA
"TR100",NA,NA,NA,NA,NA,NA,NA,NA,NA,NA,NA
"TR712",NA,NA,NA,NA,NA,NA,NA,NA,NA,NA,NA
"TR713",NA,NA,NA,NA,NA,NA,NA,NA,NA,NA,NA
"TR714",NA,NA,NA,NA,NA,NA,NA,NA,NA,NA,NA
"TR715",NA,NA,NA,NA,NA,NA,NA,NA,NA,NA,NA
"TR72",NA,19,216.6,NA,0.1,NA,12,NA,NA,NA,NA
"TR721",NA,NA,NA,NA,NA,NA,NA,NA,NA,NA,NA
"TR722",NA,NA,NA,NA,NA,NA,NA,NA,NA,NA,NA
"TR723",NA,NA,NA,NA,NA,NA,NA,NA,NA,NA,NA
"TR8",NA,2.2,175.6,NA,48,NA,31.2,NA,NA,NA,NA
"TR81",NA,0,8,NA,15.4,NA,9.4,NA,NA,NA,NA
"TR811",NA,NA,NA,NA,NA,NA,NA,NA,NA,NA,NA
"TR812",NA,NA,NA,NA,NA,NA,NA,NA,NA,NA,NA
"TR813",NA,NA,NA,NA,NA,NA,NA,NA,NA,NA,NA
"TR2",NA,14.4,70.2,NA,13.6,NA,39,NA,NA,NA,NA
"TR21",NA,1,30.8,NA,6.4,NA,14.4,NA,NA,NA,NA
"TR211",NA,NA,NA,NA,NA,NA,NA,NA,NA,NA,NA
"TR212",NA,NA,NA,NA,NA,NA,NA,NA,NA,NA,NA
"TR213",NA,NA,NA,NA,NA,NA,NA,NA,NA,NA,NA
"TR22",NA,13.6,39.4,NA,7.2,NA,24.6,NA,NA,NA,NA
"TR82",NA,1,40.4,NA,6,NA,4.2,NA,NA,NA,NA
"TR821",NA,NA,NA,NA,NA,NA,NA,NA,NA,NA,NA
"TR822",NA,NA,NA,NA,NA,NA,NA,NA,NA,NA,NA
"TR823",NA,NA,NA,NA,NA,NA,NA,NA,NA,NA,NA
"TR83",NA,1.4,127.2,NA,26.6,NA,17.8,NA,NA,NA,NA
"TR831",NA,NA,NA,NA,NA,NA,NA,NA,NA,NA,NA
"TR832",NA,NA,NA,NA,NA,NA,NA,NA,NA,NA,NA
"TR833",NA,NA,NA,NA,NA,NA,NA,NA,NA,NA,NA
"TR834",NA,NA,NA,NA,NA,NA,NA,NA,NA,NA,NA
"TR9",NA,1,19.4,NA,24.4,NA,2,NA,NA,NA,NA
"SE313",NA,NA,NA,NA,NA,NA,NA,NA,NA,NA,NA
"SE32",NA,0.004,5.05714285714286,NA,0,NA,0,0,0,NA,NA
"SE321",NA,NA,NA,NA,NA,NA,NA,NA,NA,NA,NA
"TR221",NA,NA,NA,NA,NA,NA,NA,NA,NA,NA,NA
"TR222",NA,NA,NA,NA,NA,NA,NA,NA,NA,NA,NA
"TR3",NA,9.4,364.2,NA,74.8,NA,71.6,NA,NA,NA,NA
"TR90",NA,1,19.4,NA,24.4,NA,2,NA,NA,NA,NA
"TR901",NA,NA,NA,NA,NA,NA,NA,NA,NA,NA,NA
"TR902",NA,NA,NA,NA,NA,NA,NA,NA,NA,NA,NA
"TR903",NA,NA,NA,NA,NA,NA,NA,NA,NA,NA,NA
"TR904",NA,NA,NA,NA,NA,NA,NA,NA,NA,NA,NA
"TR905",NA,NA,NA,NA,NA,NA,NA,NA,NA,NA,NA
"TR906",NA,NA,NA,NA,NA,NA,NA,NA,NA,NA,NA
"TRA",NA,13,186.8,NA,2.6,NA,9,NA,NA,NA,NA
"TRA1",NA,11.4,61.6,NA,0.05,NA,6,NA,NA,NA,NA
"TRA11",NA,NA,NA,NA,NA,NA,NA,NA,NA,NA,NA
"TRA12",NA,NA,NA,NA,NA,NA,NA,NA,NA,NA,NA
"SE",416.7475,22.9275,333.27,188.0875,1.53125,2.08125,15.16125,0,0,18.685,0.0375
"SE322",NA,NA,NA,NA,NA,NA,NA,NA,NA,NA,NA
"SE33",NA,0,10.9814285714286,NA,0,NA,0,0,0,NA,NA
"SE331",NA,NA,NA,NA,NA,NA,NA,NA,NA,NA,NA
"TR31",NA,1,14.6,NA,16.4,NA,29.2,NA,NA,NA,NA
"TR310",NA,NA,NA,NA,NA,NA,NA,NA,NA,NA,NA
"TR32",NA,2.4,76.2,NA,25.8,NA,29.2,NA,NA,NA,NA
"TR321",NA,NA,NA,NA,NA,NA,NA,NA,NA,NA,NA
"TR322",NA,NA,NA,NA,NA,NA,NA,NA,NA,NA,NA
"TRA13",NA,NA,NA,NA,NA,NA,NA,NA,NA,NA,NA
"TRA2",NA,1.8,125.2,NA,2.6,NA,5.66666666666667,NA,NA,NA,NA
"TRA21",NA,NA,NA,NA,NA,NA,NA,NA,NA,NA,NA
"TRA22",NA,NA,NA,NA,NA,NA,NA,NA,NA,NA,NA
"TRA23",NA,NA,NA,NA,NA,NA,NA,NA,NA,NA,NA
"TRA24",NA,NA,NA,NA,NA,NA,NA,NA,NA,NA,NA
"TRB",NA,0.666666666666667,110.4,NA,0.25,NA,4,NA,NA,NA,NA
"TRB1",NA,0,91.4,NA,0,NA,1.8,NA,NA,NA,NA
"TRB11",NA,NA,NA,NA,NA,NA,NA,NA,NA,NA,NA
"TRB12",NA,NA,NA,NA,NA,NA,NA,NA,NA,NA,NA
"TRB13",NA,NA,NA,NA,NA,NA,NA,NA,NA,NA,NA
"TRB14",NA,NA,NA,NA,NA,NA,NA,NA,NA,NA,NA
"SE1",NA,4.945,107.095714285714,NA,0.075,NA,1.15166666666667,0,0,NA,NA
"SE332",NA,NA,NA,NA,NA,NA,NA,NA,NA,NA,NA
"SI",31.4125,1.11625,18.70375,1.47875,38.55,3.96333333333333,28.17375,0.88,0,4.76625,16.07375
"SI0",NA,1.12142857142857,18.4657142857143,NA,38.5871428571429,NA,28.0285714285714,0,0,NA,NA
"SI03",NA,1.05571428571429,15.7171428571429,NA,36.5857142857143,NA,20.205,0,0,NA,NA
"SI031",NA,NA,NA,NA,NA,NA,NA,NA,NA,NA,NA
"SI032",NA,NA,NA,NA,NA,NA,NA,NA,NA,NA,NA
"SI033",NA,NA,NA,NA,NA,NA,NA,NA,NA,NA,NA
"SI034",NA,NA,NA,NA,NA,NA,NA,NA,NA,NA,NA
"SI035",NA,NA,NA,NA,NA,NA,NA,NA,NA,NA,NA
"SI036",NA,NA,NA,NA,NA,NA,NA,NA,NA,NA,NA
"SI037",NA,NA,NA,NA,NA,NA,NA,NA,NA,NA,NA
"TR323",NA,NA,NA,NA,NA,NA,NA,NA,NA,NA,NA
"TR33",NA,6,273.4,NA,32.6,NA,13.4,NA,NA,NA,NA
"TR331",NA,NA,NA,NA,NA,NA,NA,NA,NA,NA,NA
"TR332",NA,NA,NA,NA,NA,NA,NA,NA,NA,NA,NA
"TR333",NA,NA,NA,NA,NA,NA,NA,NA,NA,NA,NA
"TR334",NA,NA,NA,NA,NA,NA,NA,NA,NA,NA,NA
"TR4",NA,8.2,152.8,NA,62.4,NA,34.8,NA,NA,NA,NA
"TR41",NA,8.2,123.2,NA,15.6,NA,16.2,NA,NA,NA,NA
"TRB2",NA,0.833333333333333,19.1,NA,0,NA,3.66666666666667,NA,NA,NA,NA
"TRB21",NA,NA,NA,NA,NA,NA,NA,NA,NA,NA,NA
"TRB22",NA,NA,NA,NA,NA,NA,NA,NA,NA,NA,NA
"TRB23",NA,NA,NA,NA,NA,NA,NA,NA,NA,NA,NA
"TRB24",NA,NA,NA,NA,NA,NA,NA,NA,NA,NA,NA
"TRC",NA,0,417.2,NA,168,NA,14.75,NA,NA,NA,NA
"TRC1",NA,0,101.4,NA,10.4,NA,5.5,NA,NA,NA,NA
"TRC11",NA,NA,NA,NA,NA,NA,NA,NA,NA,NA,NA
"TRC12",NA,NA,NA,NA,NA,NA,NA,NA,NA,NA,NA
"TRC13",NA,NA,NA,NA,NA,NA,NA,NA,NA,NA,NA
"TRC2",NA,NA,273.4,NA,94.6,NA,10.6666666666667,NA,NA,NA,NA
"TRC21",NA,NA,NA,NA,NA,NA,NA,NA,NA,NA,NA
"TRC22",NA,NA,NA,NA,NA,NA,NA,NA,NA,NA,NA
"TRC3",NA,NA,42.4,NA,63,NA,1.66666666666667,NA,NA,NA,NA
"SE11",NA,0.165,9.65142857142857,NA,0.015,NA,0.0516666666666667,0,0,NA,NA
"SE110",NA,NA,NA,NA,NA,NA,NA,NA,NA,NA,NA
"SI038",NA,NA,NA,NA,NA,NA,NA,NA,NA,NA,NA
"SI04",NA,0.0685714285714286,2.74857142857143,NA,2.00142857142857,NA,8.505,0,0,NA,NA
"SI041",NA,NA,NA,NA,NA,NA,NA,NA,NA,NA,NA
"SI042",NA,NA,NA,NA,NA,NA,NA,NA,NA,NA,NA
"SI043",NA,NA,NA,NA,NA,NA,NA,NA,NA,NA,NA
"SI044",NA,NA,NA,NA,NA,NA,NA,NA,NA,NA,NA
"SK",376.1625,14.36,131.515,15.3025,197.84,4.114,83.3475,0,0,8.41375,9.5225
"SK0",NA,14.9871428571429,133.112857142857,NA,199.272857142857,NA,83.62,0,0,NA,NA
"SK01",NA,2.77428571428571,5.82857142857143,NA,12.33,NA,3.28857142857143,0,0,NA,NA
"SK010",NA,NA,NA,NA,NA,NA,NA,NA,NA,NA,NA
"SK02",NA,6.47428571428571,88.99,NA,147.325714285714,NA,38.7114285714286,0,0,NA,NA
"SK021",NA,NA,NA,NA,NA,NA,NA,NA,NA,NA,NA
"SK022",NA,NA,NA,NA,NA,NA,NA,NA,NA,NA,NA
"SK023",NA,NA,NA,NA,NA,NA,NA,NA,NA,NA,NA
"TR411",NA,NA,NA,NA,NA,NA,NA,NA,NA,NA,NA
"TR412",NA,NA,NA,NA,NA,NA,NA,NA,NA,NA,NA
"TR413",NA,NA,NA,NA,NA,NA,NA,NA,NA,NA,NA
"TR42",NA,0,29.6,NA,46.8,NA,18.6,NA,NA,NA,NA
"TR421",NA,NA,NA,NA,NA,NA,NA,NA,NA,NA,NA
"TR422",NA,NA,NA,NA,NA,NA,NA,NA,NA,NA,NA
"TR423",NA,NA,NA,NA,NA,NA,NA,NA,NA,NA,NA
"TR424",NA,NA,NA,NA,NA,NA,NA,NA,NA,NA,NA
"TR425",NA,NA,NA,NA,NA,NA,NA,NA,NA,NA,NA
"TR5",NA,16.6,568.6,NA,56.2,NA,19.8,NA,NA,NA,NA
"TR51",NA,3.4,229.4,NA,0.6,NA,2.8,NA,NA,NA,NA
"TR510",NA,NA,NA,NA,NA,NA,NA,NA,NA,NA,NA
"TR52",NA,13.2,339.4,NA,55.4,NA,21.25,NA,NA,NA,NA
"TRC31",NA,NA,NA,NA,NA,NA,NA,NA,NA,NA,NA
"TRC32",NA,NA,NA,NA,NA,NA,NA,NA,NA,NA,NA
"TRC33",NA,NA,NA,NA,NA,NA,NA,NA,NA,NA,NA
"TRC34",NA,NA,NA,NA,NA,NA,NA,NA,NA,NA,NA
"SE12",NA,4.76333333333333,97.43,NA,0.065,NA,1.08333333333333,0,0,NA,NA
"SE121",NA,NA,NA,NA,NA,NA,NA,NA,NA,NA,NA
"SE122",NA,NA,NA,NA,NA,NA,NA,NA,NA,NA,NA
"SE123",NA,NA,NA,NA,NA,NA,NA,NA,NA,NA,NA
"SE124",NA,NA,NA,NA,NA,NA,NA,NA,NA,NA,NA
"SE125",NA,NA,NA,NA,NA,NA,NA,NA,NA,NA,NA
"SK03",NA,3.52714285714286,12.7157142857143,NA,15.0742857142857,NA,22.4914285714286,0,0,NA,NA
"SK031",NA,NA,NA,NA,NA,NA,NA,NA,NA,NA,NA
"SK032",NA,NA,NA,NA,NA,NA,NA,NA,NA,NA,NA
"SK04",NA,2.21285714285714,25.5785714285714,NA,24.5442857142857,NA,19.13,0,0,NA,NA
"SK041",NA,NA,NA,NA,NA,NA,NA,NA,NA,NA,NA
"SK042",NA,NA,NA,NA,NA,NA,NA,NA,NA,NA,NA
"UKD11",NA,NA,NA,NA,NA,NA,NA,NA,NA,NA,NA
"UKD12",NA,NA,NA,NA,NA,NA,NA,NA,NA,NA,NA
"UKD3",NA,NA,NA,NA,0,NA,NA,0,0,NA,NA
"UKD33",NA,NA,NA,NA,NA,NA,NA,NA,NA,NA,NA
"UKD34",NA,NA,NA,NA,NA,NA,NA,NA,NA,NA,NA
"UKD35",NA,NA,NA,NA,NA,NA,NA,NA,NA,NA,NA
"UKD36",NA,NA,NA,NA,NA,NA,NA,NA,NA,NA,NA
"UKD37",NA,NA,NA,NA,NA,NA,NA,NA,NA,NA,NA
"UKD4",NA,NA,NA,NA,0,NA,NA,0,0,NA,NA
"UKD41",NA,NA,NA,NA,NA,NA,NA,NA,NA,NA,NA
"UKD42",NA,NA,NA,NA,NA,NA,NA,NA,NA,NA,NA
"UKD44",NA,NA,NA,NA,NA,NA,NA,NA,NA,NA,NA
"TR521",NA,NA,NA,NA,NA,NA,NA,NA,NA,NA,NA
"TR522",NA,NA,NA,NA,NA,NA,NA,NA,NA,NA,NA
"TR6",NA,3.8,185.2,NA,194,NA,21.6,NA,NA,NA,NA
"TR61",NA,3.4,121,NA,7,NA,10,NA,NA,NA,NA
"TR611",NA,NA,NA,NA,NA,NA,NA,NA,NA,NA,NA
"TR612",NA,NA,NA,NA,NA,NA,NA,NA,NA,NA,NA
"TR613",NA,NA,NA,NA,NA,NA,NA,NA,NA,NA,NA
"ITI42",NA,NA,NA,NA,NA,NA,NA,NA,NA,NA,NA
"ITI43",NA,NA,NA,NA,NA,NA,NA,NA,NA,NA,NA
"ITI44",NA,NA,NA,NA,NA,NA,NA,NA,NA,NA,NA
"ITI45",NA,NA,NA,NA,NA,NA,NA,NA,NA,NA,NA
"LI",NA,NA,NA,NA,NA,NA,NA,NA,NA,NA,NA
"LI0",NA,NA,NA,NA,NA,NA,NA,NA,NA,NA,NA
"LI00",NA,NA,NA,NA,NA,NA,NA,NA,NA,NA,NA
"LI000",NA,NA,NA,NA,NA,NA,NA,NA,NA,NA,NA
"LT",699.975,41.4825,211.83625,87.60375,12.48375,20.88125,23.9725,0,0,12.36,0
"LT0",NA,46.94,235.6,NA,13.16,NA,22.32,0,0,NA,0
"LT00",NA,NA,NA,NA,NA,NA,NA,NA,NA,NA,NA
"NO043",NA,NA,NA,NA,NA,NA,NA,NA,NA,NA,NA
"NO052",NA,NA,NA,NA,NA,NA,NA,NA,NA,NA,NA
"NO053",NA,NA,NA,NA,NA,NA,NA,NA,NA,NA,NA
"NO06",NA,0.0333333333333333,30.8,NA,0,NA,0,NA,NA,NA,NA
"NO073",NA,NA,NA,NA,NA,NA,NA,NA,NA,NA,NA
"PL218",NA,NA,NA,NA,NA,NA,NA,NA,NA,NA,NA
"PL219",NA,NA,NA,NA,NA,NA,NA,NA,NA,NA,NA
"PL21A",NA,NA,NA,NA,NA,NA,NA,NA,NA,NA,NA
"PL22",NA,27.7271428571429,30.3871428571429,NA,17.7657142857143,NA,9.86666666666667,0,0,NA,NA
"PL224",NA,NA,NA,NA,NA,NA,NA,NA,NA,NA,NA
"PL225",NA,NA,NA,NA,NA,NA,NA,NA,NA,NA,NA
"PL227",NA,NA,NA,NA,NA,NA,NA,NA,NA,NA,NA
"PL228",NA,NA,NA,NA,NA,NA,NA,NA,NA,NA,NA
"PL229",NA,NA,NA,NA,NA,NA,NA,NA,NA,NA,NA
"PL22A",NA,NA,NA,NA,NA,NA,NA,NA,NA,NA,NA
"PL22B",NA,NA,NA,NA,NA,NA,NA,NA,NA,NA,NA
"PL22C",NA,NA,NA,NA,NA,NA,NA,NA,NA,NA,NA
"PL3",NA,171.74,204.64,NA,73.6414285714286,NA,146.636666666667,0,0,NA,NA
"PL31",NA,68.9485714285714,114.402857142857,NA,30.4114285714286,NA,31.3866666666667,0,0,NA,NA
"PL311",NA,NA,NA,NA,NA,NA,NA,NA,NA,NA,NA
"PL312",NA,NA,NA,NA,NA,NA,NA,NA,NA,NA,NA
"PL314",NA,NA,NA,NA,NA,NA,NA,NA,NA,NA,NA
"PL315",NA,NA,NA,NA,NA,NA,NA,NA,NA,NA,NA
"PL32",NA,15.8828571428571,20.3185714285714,NA,22.2542857142857,NA,3.35,0,0,NA,NA
"PL323",NA,NA,NA,NA,NA,NA,NA,NA,NA,NA,NA
"PL324",NA,NA,NA,NA,NA,NA,NA,NA,NA,NA,NA
"PL325",NA,NA,NA,NA,NA,NA,NA,NA,NA,NA,NA
"PL326",NA,NA,NA,NA,NA,NA,NA,NA,NA,NA,NA
"PL33",NA,22.6657142857143,49.1928571428571,NA,5.28571428571429,NA,7.44333333333333,0,0,NA,NA
"PL331",NA,NA,NA,NA,NA,NA,NA,NA,NA,NA,NA
"PL332",NA,NA,NA,NA,NA,NA,NA,NA,NA,NA,NA
"PL34",NA,64.26,20.74,NA,15.7185714285714,NA,104.49,0,0,NA,NA
"PL343",NA,NA,NA,NA,NA,NA,NA,NA,NA,NA,NA
"PL344",NA,NA,NA,NA,NA,NA,NA,NA,NA,NA,NA
"NO061",NA,NA,NA,NA,NA,NA,NA,NA,NA,NA,NA
"NO062",NA,NA,NA,NA,NA,NA,NA,NA,NA,NA,NA
"NO05",NA,0,1.2,NA,0,NA,0,NA,NA,NA,NA
"PL345",NA,NA,NA,NA,NA,NA,NA,NA,NA,NA,NA
"PL4",NA,310.998571428571,244.325714285714,NA,141.687142857143,NA,112.703333333333,0,0,NA,NA
"PL41",NA,201.125714285714,160.522857142857,NA,118.08,NA,95.8133333333333,0,0,NA,NA
"PL411",NA,NA,NA,NA,NA,NA,NA,NA,NA,NA,NA
"PL414",NA,NA,NA,NA,NA,NA,NA,NA,NA,NA,NA
"PL415",NA,NA,NA,NA,NA,NA,NA,NA,NA,NA,NA
"PL416",NA,NA,NA,NA,NA,NA,NA,NA,NA,NA,NA
"PL417",NA,NA,NA,NA,NA,NA,NA,NA,NA,NA,NA
"PL418",NA,NA,NA,NA,NA,NA,NA,NA,NA,NA,NA
"PL42",NA,70.7614285714286,56.4528571428571,NA,7.18857142857143,NA,10.9066666666667,0,0,NA,NA
"PL424",NA,NA,NA,NA,NA,NA,NA,NA,NA,NA,NA
"PL426",NA,NA,NA,NA,NA,NA,NA,NA,NA,NA,NA
"PL427",NA,NA,NA,NA,NA,NA,NA,NA,NA,NA,NA
"PL428",NA,NA,NA,NA,NA,NA,NA,NA,NA,NA,NA
"PL43",NA,39.0971428571429,27.3357142857143,NA,16.4185714285714,NA,5.98333333333333,0,0,NA,NA
"PL431",NA,NA,NA,NA,NA,NA,NA,NA,NA,NA,NA
"PL432",NA,NA,NA,NA,NA,NA,NA,NA,NA,NA,NA
"PL5",NA,50.8214285714286,119.341428571429,NA,129.16,NA,23.6133333333333,0,0,NA,NA
"PL51",NA,33.3428571428571,59.8971428571429,NA,80.3871428571429,NA,10.8766666666667,0,0,NA,NA
"PL514",NA,NA,NA,NA,NA,NA,NA,NA,NA,NA,NA
"PL515",NA,NA,NA,NA,NA,NA,NA,NA,NA,NA,NA
"PL516",NA,NA,NA,NA,NA,NA,NA,NA,NA,NA,NA
"NO051",NA,NA,NA,NA,NA,NA,NA,NA,NA,NA,NA
"PL517",NA,NA,NA,NA,NA,NA,NA,NA,NA,NA,NA
"PL518",NA,NA,NA,NA,NA,NA,NA,NA,NA,NA,NA
"PL52",NA,17.5071428571429,59.4585714285714,NA,48.8285714285714,NA,12.7033333333333,0,0,NA,NA
"PL523",NA,NA,NA,NA,NA,NA,NA,NA,NA,NA,NA
"PL524",NA,NA,NA,NA,NA,NA,NA,NA,NA,NA,NA
"PL6",NA,166.437142857143,185.208571428571,NA,89.0285714285714,NA,113.203333333333,0,0,NA,NA
"PL61",NA,65.36,103.118571428571,NA,71.0285714285714,NA,60.1233333333333,0,0,NA,NA
"PL613",NA,NA,NA,NA,NA,NA,NA,NA,NA,NA,NA
"PL616",NA,NA,NA,NA,NA,NA,NA,NA,NA,NA,NA
"PL617",NA,NA,NA,NA,NA,NA,NA,NA,NA,NA,NA
"PL618",NA,NA,NA,NA,NA,NA,NA,NA,NA,NA,NA
"PL619",NA,NA,NA,NA,NA,NA,NA,NA,NA,NA,NA
"PL62",NA,39.5142857142857,40.06,NA,11.1214285714286,NA,33.15,0,0,NA,NA
"PL621",NA,NA,NA,NA,NA,NA,NA,NA,NA,NA,NA
"PL622",NA,NA,NA,NA,NA,NA,NA,NA,NA,NA,NA
"PL623",NA,NA,NA,NA,NA,NA,NA,NA,NA,NA,NA
"PL63",NA,61.5628571428571,42.0157142857143,NA,6.87714285714286,NA,19.93,0,0,NA,NA
"PL633",NA,NA,NA,NA,NA,NA,NA,NA,NA,NA,NA
"PL634",NA,NA,NA,NA,NA,NA,NA,NA,NA,NA,NA
"PL636",NA,NA,NA,NA,NA,NA,NA,NA,NA,NA,NA
"PL637",NA,NA,NA,NA,NA,NA,NA,NA,NA,NA,NA
"PL638",NA,NA,NA,NA,NA,NA,NA,NA,NA,NA,NA
"NO072",NA,NA,NA,NA,NA,NA,NA,NA,NA,NA,NA
"PT",45.91875,19.0375,19.015,47.64875,97.84125,177.59,82.25125,350.84,19.95625,50.68,179.29625
"PT1",NA,19.4128571428571,18.9328571428571,NA,99.5028571428571,NA,73.14,NA,NA,NA,NA
"PT11",NA,12.3771428571429,0.274285714285714,NA,30.6185714285714,NA,40.7957142857143,NA,NA,NA,NA
"PT111",NA,NA,NA,NA,NA,NA,NA,NA,NA,NA,NA
"PT112",NA,NA,NA,NA,NA,NA,NA,NA,NA,NA,NA
"PT119",NA,NA,NA,NA,NA,NA,NA,NA,NA,NA,NA
"PT11A",NA,NA,NA,NA,NA,NA,NA,NA,NA,NA,NA
"PT11B",NA,NA,NA,NA,NA,NA,NA,NA,NA,NA,NA
"PT11C",NA,NA,NA,NA,NA,NA,NA,NA,NA,NA,NA
"PT11D",NA,NA,NA,NA,NA,NA,NA,NA,NA,NA,NA
"PT11E",NA,NA,NA,NA,NA,NA,NA,NA,NA,NA,NA
"PT15",NA,0.00285714285714286,0.294285714285714,NA,0.207142857142857,NA,0.0785714285714286,NA,NA,NA,NA
"PT150",NA,NA,NA,NA,NA,NA,NA,NA,NA,NA,NA
"PT16",NA,6.86571428571429,0.861428571428571,NA,32.2057142857143,NA,24.4171428571429,NA,NA,NA,NA
"PT16B",NA,NA,NA,NA,NA,NA,NA,NA,NA,NA,NA
"PT16D",NA,NA,NA,NA,NA,NA,NA,NA,NA,NA,NA
"PT16E",NA,NA,NA,NA,NA,NA,NA,NA,NA,NA,NA
"PT16F",NA,NA,NA,NA,NA,NA,NA,NA,NA,NA,NA
"PT16G",NA,NA,NA,NA,NA,NA,NA,NA,NA,NA,NA
"PT16H",NA,NA,NA,NA,NA,NA,NA,NA,NA,NA,NA
"PT16I",NA,NA,NA,NA,NA,NA,NA,NA,NA,NA,NA
"PT16J",NA,NA,NA,NA,NA,NA,NA,NA,NA,NA,NA
"PT17",NA,0,0.307142857142857,NA,2.77714285714286,NA,1.43428571428571,NA,NA,NA,NA
"PT170",NA,NA,NA,NA,NA,NA,NA,NA,NA,NA,NA
"PT18",NA,0.165714285714286,17.1957142857143,NA,33.6942857142857,NA,6.42,NA,NA,NA,NA
"PT181",NA,NA,NA,NA,NA,NA,NA,NA,NA,NA,NA
"PT184",NA,NA,NA,NA,NA,NA,NA,NA,NA,NA,NA
"PT185",NA,NA,NA,NA,NA,NA,NA,NA,NA,NA,NA
"PT186",NA,NA,NA,NA,NA,NA,NA,NA,NA,NA,NA
"PT187",NA,NA,NA,NA,NA,NA,NA,NA,NA,NA,NA
"PT2",NA,0,0,NA,0.238571428571429,NA,9.61,NA,NA,NA,NA
"PT20",NA,0,0,NA,0.238571428571429,NA,9.61,NA,NA,NA,NA
"PT200",NA,NA,NA,NA,NA,NA,NA,NA,NA,NA,NA
"PT3",NA,0,0,NA,0.05,NA,0.0457142857142857,NA,NA,NA,NA
"PT30",NA,0,0,NA,0.05,NA,0.0457142857142857,NA,NA,NA,NA
"PT300",NA,NA,NA,NA,NA,NA,NA,NA,NA,NA,NA
"NO07",NA,0,0.2,NA,0,NA,0,NA,NA,NA,NA
"PL",2261.4725,1055.57625,942.0625,1404.5325,540.5825,298.87,505.53625,0,0,257.25,0.572857142857143
"PL1",NA,327.995714285714,112.722857142857,NA,66.87,NA,153.093333333333,0,0,NA,NA
"PL11",NA,135.24,57.2542857142857,NA,22.8285714285714,NA,41.2966666666667,0,0,NA,NA
"PL113",NA,NA,NA,NA,NA,NA,NA,NA,NA,NA,NA
"PL114",NA,NA,NA,NA,NA,NA,NA,NA,NA,NA,NA
"PL115",NA,NA,NA,NA,NA,NA,NA,NA,NA,NA,NA
"PL116",NA,NA,NA,NA,NA,NA,NA,NA,NA,NA,NA
"PL117",NA,NA,NA,NA,NA,NA,NA,NA,NA,NA,NA
"RO",2074.37375,10.77,473.54375,178.11375,2517.32,141.4875,47.03625,0,0,160.0525,175.50875
"RO1",NA,3.27142857142857,70.0885714285714,NA,410.167142857143,NA,NA,0,0,NA,NA
"RO11",NA,1.18428571428571,36.6042857142857,NA,258.837142857143,NA,NA,0,0,NA,NA
"RO111",NA,NA,NA,NA,NA,NA,NA,NA,NA,NA,NA
"RO112",NA,NA,NA,NA,NA,NA,NA,NA,NA,NA,NA
"RO113",NA,NA,NA,NA,NA,NA,NA,NA,NA,NA,NA
"RO114",NA,NA,NA,NA,NA,NA,NA,NA,NA,NA,NA
"RO115",NA,NA,NA,NA,NA,NA,NA,NA,NA,NA,NA
"RO116",NA,NA,NA,NA,NA,NA,NA,NA,NA,NA,NA
"RO12",NA,2.08428571428571,33.4842857142857,NA,151.33,NA,NA,0,0,NA,NA
"RO121",NA,NA,NA,NA,NA,NA,NA,NA,NA,NA,NA
"RO122",NA,NA,NA,NA,NA,NA,NA,NA,NA,NA,NA
"RO123",NA,NA,NA,NA,NA,NA,NA,NA,NA,NA,NA
"RO124",NA,NA,NA,NA,NA,NA,NA,NA,NA,NA,NA
"RO125",NA,NA,NA,NA,NA,NA,NA,NA,NA,NA,NA
"RO126",NA,NA,NA,NA,NA,NA,NA,NA,NA,NA,NA
"RO2",NA,3.42714285714286,192.505714285714,NA,929.93,NA,NA,0,0,NA,NA
"RO21",NA,2.77714285714286,27.6371428571429,NA,464.457142857143,NA,NA,0,0,NA,NA
"RO211",NA,NA,NA,NA,NA,NA,NA,NA,NA,NA,NA
"RO212",NA,NA,NA,NA,NA,NA,NA,NA,NA,NA,NA
"PL12",NA,192.77,55.4814285714286,NA,44.0271428571429,NA,111.8,0,0,NA,NA
"PL127",NA,NA,NA,NA,NA,NA,NA,NA,NA,NA,NA
"PL128",NA,NA,NA,NA,NA,NA,NA,NA,NA,NA,NA
"PL129",NA,NA,NA,NA,NA,NA,NA,NA,NA,NA,NA
"PL12A",NA,NA,NA,NA,NA,NA,NA,NA,NA,NA,NA
"PL12B",NA,NA,NA,NA,NA,NA,NA,NA,NA,NA,NA
"PL12C",NA,NA,NA,NA,NA,NA,NA,NA,NA,NA,NA
"PL12D",NA,NA,NA,NA,NA,NA,NA,NA,NA,NA,NA
"PL12E",NA,NA,NA,NA,NA,NA,NA,NA,NA,NA,NA
"PL2",NA,38.3271428571429,67.4314285714286,NA,37.8928571428571,NA,15.22,0,0,NA,NA
"PL21",NA,10.5842857142857,37.0314285714286,NA,20.1128571428571,NA,5.35333333333333,0,0,NA,NA
"PL213",NA,NA,NA,NA,NA,NA,NA,NA,NA,NA,NA
"PL214",NA,NA,NA,NA,NA,NA,NA,NA,NA,NA,NA
"PL217",NA,NA,NA,NA,NA,NA,NA,NA,NA,NA,NA
"RO213",NA,NA,NA,NA,NA,NA,NA,NA,NA,NA,NA
"RO214",NA,NA,NA,NA,NA,NA,NA,NA,NA,NA,NA
"RO215",NA,NA,NA,NA,NA,NA,NA,NA,NA,NA,NA
"RO216",NA,NA,NA,NA,NA,NA,NA,NA,NA,NA,NA
"RO22",NA,0.651428571428571,164.87,NA,465.472857142857,NA,NA,0,0,NA,NA
"RO221",NA,NA,NA,NA,NA,NA,NA,NA,NA,NA,NA
"RO222",NA,NA,NA,NA,NA,NA,NA,NA,NA,NA,NA
"RO223",NA,NA,NA,NA,NA,NA,NA,NA,NA,NA,NA
"RO224",NA,NA,NA,NA,NA,NA,NA,NA,NA,NA,NA
"RO225",NA,NA,NA,NA,NA,NA,NA,NA,NA,NA,NA
"RO226",NA,NA,NA,NA,NA,NA,NA,NA,NA,NA,NA
"RO3",NA,0.53,139.237142857143,NA,486.394285714286,NA,NA,0,0,NA,NA
"RO31",NA,0.455714285714286,133.925714285714,NA,476.255714285714,NA,NA,0,0,NA,NA
"RO311",NA,NA,NA,NA,NA,NA,NA,NA,NA,NA,NA
"RO312",NA,NA,NA,NA,NA,NA,NA,NA,NA,NA,NA
"RO313",NA,NA,NA,NA,NA,NA,NA,NA,NA,NA,NA
"RO314",NA,NA,NA,NA,NA,NA,NA,NA,NA,NA,NA
"RO315",NA,NA,NA,NA,NA,NA,NA,NA,NA,NA,NA
"RO316",NA,NA,NA,NA,NA,NA,NA,NA,NA,NA,NA
"RO317",NA,NA,NA,NA,NA,NA,NA,NA,NA,NA,NA
"RO32",NA,0.0742857142857143,5.31714285714286,NA,10.1385714285714,NA,NA,0,0,NA,NA
"RO321",NA,NA,NA,NA,NA,NA,NA,NA,NA,NA,NA
"RO322",NA,NA,NA,NA,NA,NA,NA,NA,NA,NA,NA
"RO4",NA,3.70857142857143,72.8428571428571,NA,694.102857142857,NA,NA,0,0,NA,NA
"RO41",NA,3.24428571428571,38.59,NA,356.524285714286,NA,NA,0,0,NA,NA
"NO071",NA,NA,NA,NA,NA,NA,NA,NA,NA,NA,NA
"ITF14",NA,NA,NA,NA,NA,NA,NA,NA,NA,NA,NA
"ITF2",NA,0,3.83666666666667,NA,2.52833333333333,NA,1.17,NA,NA,NA,NA
"ITF21",NA,NA,NA,NA,NA,NA,NA,NA,NA,NA,NA
"ITF22",NA,NA,NA,NA,NA,NA,NA,NA,NA,NA,NA
"ITF3",NA,0.032,12.6083333333333,NA,15.7183333333333,NA,20.7575,NA,NA,NA,NA
"ITF31",NA,NA,NA,NA,NA,NA,NA,NA,NA,NA,NA
"ITF32",NA,NA,NA,NA,NA,NA,NA,NA,NA,NA,NA
"ITF33",NA,NA,NA,NA,NA,NA,NA,NA,NA,NA,NA
"ITF34",NA,NA,NA,NA,NA,NA,NA,NA,NA,NA,NA
"ITF35",NA,NA,NA,NA,NA,NA,NA,NA,NA,NA,NA
"ITF4",NA,0.006,26.705,NA,0.895,NA,2.0675,NA,NA,NA,NA
"ITF43",NA,NA,NA,NA,NA,NA,NA,NA,NA,NA,NA
"ITF44",NA,NA,NA,NA,NA,NA,NA,NA,NA,NA,NA
"ITF45",NA,NA,NA,NA,NA,NA,NA,NA,NA,NA,NA
"LT001",NA,NA,NA,NA,NA,NA,NA,NA,NA,NA,NA
"LT002",NA,NA,NA,NA,NA,NA,NA,NA,NA,NA,NA
"LT003",NA,NA,NA,NA,NA,NA,NA,NA,NA,NA,NA
"LT004",NA,NA,NA,NA,NA,NA,NA,NA,NA,NA,NA
"LT005",NA,NA,NA,NA,NA,NA,NA,NA,NA,NA,NA
"LT006",NA,NA,NA,NA,NA,NA,NA,NA,NA,NA,NA
"LT007",NA,NA,NA,NA,NA,NA,NA,NA,NA,NA,NA
"LT008",NA,NA,NA,NA,NA,NA,NA,NA,NA,NA,NA
"LT009",NA,NA,NA,NA,NA,NA,NA,NA,NA,NA,NA
"LT00A",NA,NA,NA,NA,NA,NA,NA,NA,NA,NA,NA
"LU",13.855,0.98625,7.575,1.31625,0.2125,0.3225,14.335,0,0,0.0725,1.24
"LU0",NA,NA,NA,NA,NA,NA,NA,0,0,NA,NA
"LU00",NA,NA,NA,NA,NA,NA,NA,NA,NA,NA,NA
"LU000",NA,NA,NA,NA,NA,NA,NA,NA,NA,NA,NA
"ITF46",NA,NA,NA,NA,NA,NA,NA,NA,NA,NA,NA
"ITF47",NA,NA,NA,NA,NA,NA,NA,NA,NA,NA,NA
"ITF48",NA,NA,NA,NA,NA,NA,NA,NA,NA,NA,NA
"ITF5",NA,0.1325,18.4916666666667,NA,0.89,NA,1.42333333333333,NA,NA,NA,NA
"ITF51",NA,NA,NA,NA,NA,NA,NA,NA,NA,NA,NA
"ITF52",NA,NA,NA,NA,NA,NA,NA,NA,NA,NA,NA
"ITF6",NA,1.49833333333333,8.92666666666667,NA,4.06166666666667,NA,2.47,NA,NA,NA,NA
"ITF61",NA,NA,NA,NA,NA,NA,NA,NA,NA,NA,NA
"ITF62",NA,NA,NA,NA,NA,NA,NA,NA,NA,NA,NA
"ITF63",NA,NA,NA,NA,NA,NA,NA,NA,NA,NA,NA
"ITF64",NA,NA,NA,NA,NA,NA,NA,NA,NA,NA,NA
"ITF65",NA,NA,NA,NA,NA,NA,NA,NA,NA,NA,NA
"LV",399.057142857143,32.6714285714286,92.6857142857143,68.2142857142857,0,4.575,20.6,0,0,3.5125,0
"LV0",NA,31.4,97.04,NA,0,NA,15.54,0,0,NA,0
"LV00",NA,NA,NA,NA,NA,NA,NA,NA,NA,NA,NA
"LV003",NA,NA,NA,NA,NA,NA,NA,NA,NA,NA,NA
"LV005",NA,NA,NA,NA,NA,NA,NA,NA,NA,NA,NA
"LV006",NA,NA,NA,NA,NA,NA,NA,NA,NA,NA,NA
"LV007",NA,NA,NA,NA,NA,NA,NA,NA,NA,NA,NA
"LV008",NA,NA,NA,NA,NA,NA,NA,NA,NA,NA,NA
"ITG",NA,0.008,19.9783333333333,NA,1.55833333333333,NA,4.5725,NA,NA,NA,NA
"ITG1",NA,0.008,7.48666666666667,NA,0.436,NA,2.4325,NA,NA,NA,NA
"ITG11",NA,NA,NA,NA,NA,NA,NA,NA,NA,NA,NA
"ITG12",NA,NA,NA,NA,NA,NA,NA,NA,NA,NA,NA
"ITG13",NA,NA,NA,NA,NA,NA,NA,NA,NA,NA,NA
"LV009",NA,NA,NA,NA,NA,NA,NA,NA,NA,NA,NA
"ME",0.6,0.158571428571429,0.374285714285714,0.192857142857143,0.588571428571429,0.645714285714286,0,0.0885714285714286,0.0471428571428571,1.02285714285714,2.60142857142857
"ME0",NA,NA,NA,NA,NA,NA,0,NA,0,NA,NA
"ME00",NA,NA,NA,NA,NA,NA,NA,NA,NA,NA,NA
"ME000",NA,NA,NA,NA,NA,NA,NA,NA,NA,NA,NA
"MK",77.44875,3.88875,41.7925,2.9425,30.64375,NA,3.9025,NA,NA,35.9385714285714,21.84875
"MK0",NA,NA,NA,NA,NA,NA,NA,NA,NA,NA,NA
"MK00",NA,NA,NA,NA,NA,NA,NA,NA,NA,NA,NA
"ITG14",NA,NA,NA,NA,NA,NA,NA,NA,NA,NA,NA
"ITG15",NA,NA,NA,NA,NA,NA,NA,NA,NA,NA,NA
"ITG16",NA,NA,NA,NA,NA,NA,NA,NA,NA,NA,NA
"ITG17",NA,NA,NA,NA,NA,NA,NA,NA,NA,NA,NA
"ITG18",NA,NA,NA,NA,NA,NA,NA,NA,NA,NA,NA
"ITG19",NA,NA,NA,NA,NA,NA,NA,NA,NA,NA,NA
"ITG2",NA,0,12.49,NA,1.16833333333333,NA,6.26333333333333,NA,NA,NA,NA
"ITG25",NA,NA,NA,NA,NA,NA,NA,NA,NA,NA,NA
"ITG26",NA,NA,NA,NA,NA,NA,NA,NA,NA,NA,NA
"ITG27",NA,NA,NA,NA,NA,NA,NA,NA,NA,NA,NA
"ITG28",NA,NA,NA,NA,NA,NA,NA,NA,NA,NA,NA
"MK001",NA,NA,NA,NA,NA,NA,NA,NA,NA,NA,NA
"MK002",NA,NA,NA,NA,NA,NA,NA,NA,NA,NA,NA
"MK003",NA,NA,NA,NA,NA,NA,NA,NA,NA,NA,NA
"MK004",NA,NA,NA,NA,NA,NA,NA,NA,NA,NA,NA
"MK005",NA,NA,NA,NA,NA,NA,NA,NA,NA,NA,NA
"MK006",NA,NA,NA,NA,NA,NA,NA,NA,NA,NA,NA
"MK007",NA,NA,NA,NA,NA,NA,NA,NA,NA,NA,NA
"MK008",NA,NA,NA,NA,NA,NA,NA,NA,NA,NA,NA
"MT",0,0,0,0,0,0,0,0,0,0.5,0.638
"MT0",0,0,0,0,0,0,0,0,0,0,NA
"MT00",0,0,0,0,0,0,0,0,0,0,NA
"MT001",NA,NA,NA,NA,NA,NA,NA,NA,NA,NA,NA
"MT002",NA,NA,NA,NA,NA,NA,NA,NA,NA,NA,NA
"NL",142.1775,1.8575,31.5325,1.67285714285714,18.415,18.528,222.10125,0,0,82.97375,0.07625
"ITG29",NA,NA,NA,NA,NA,NA,NA,NA,NA,NA,NA
"ITG2A",NA,NA,NA,NA,NA,NA,NA,NA,NA,NA,NA
"ITG2B",NA,NA,NA,NA,NA,NA,NA,NA,NA,NA,NA
"ITG2C",NA,NA,NA,NA,NA,NA,NA,NA,NA,NA,NA
"ITH",NA,0.86,39.51,NA,325.28,NA,75.75,NA,NA,NA,NA
"ITH1",NA,0.06,0.06,NA,0.01,NA,1.53,NA,NA,NA,NA
"ITH10",NA,NA,NA,NA,NA,NA,NA,NA,NA,NA,NA
"ITH2",NA,0,0,NA,0.29,NA,1.23,NA,NA,NA,NA
"ITH20",NA,NA,NA,NA,NA,NA,NA,NA,NA,NA,NA
"NL1",NA,0.827142857142857,17.6028571428571,NA,1.67857142857143,NA,45.6085714285714,0,0,NA,NA
"NL11",NA,0.0757142857142857,7.48285714285714,NA,0.447142857142857,NA,9.21,0,0,NA,NA
"NL111",NA,NA,NA,NA,NA,NA,NA,NA,NA,NA,NA
"NL112",NA,NA,NA,NA,NA,NA,NA,NA,NA,NA,NA
"NL113",NA,NA,NA,NA,NA,NA,NA,NA,NA,NA,NA
"NL12",NA,0.0114285714285714,1.08,NA,0.05,NA,16.9085714285714,0,0,NA,NA
"NL121",NA,NA,NA,NA,NA,NA,NA,NA,NA,NA,NA
"NL122",NA,NA,NA,NA,NA,NA,NA,NA,NA,NA,NA
"NL123",NA,NA,NA,NA,NA,NA,NA,NA,NA,NA,NA
"NL13",NA,0.17,8.61,NA,1.03857142857143,NA,19.63,0,0,NA,NA
"NL131",NA,NA,NA,NA,NA,NA,NA,NA,NA,NA,NA
"NL132",NA,NA,NA,NA,NA,NA,NA,NA,NA,NA,NA
"NL133",NA,NA,NA,NA,NA,NA,NA,NA,NA,NA,NA
"NL2",NA,0.854285714285714,4.81857142857143,NA,4.48142857142857,NA,84.9471428571429,0,0,NA,NA
"NL21",NA,0.168571428571429,1.52142857142857,NA,1.49,NA,39.5,0,0,NA,NA
"NL211",NA,NA,NA,NA,NA,NA,NA,NA,NA,NA,NA
"NL212",NA,NA,NA,NA,NA,NA,NA,NA,NA,NA,NA
"NL213",NA,NA,NA,NA,NA,NA,NA,NA,NA,NA,NA
"NL22",NA,0.104285714285714,1.98285714285714,NA,3.25285714285714,NA,41.34,0,0,NA,NA
"NL221",NA,NA,NA,NA,NA,NA,NA,NA,NA,NA,NA
"NL224",NA,NA,NA,NA,NA,NA,NA,NA,NA,NA,NA
"NO01",NA,1.83333333333333,17.8333333333333,NA,0,NA,0,NA,NA,NA,NA
"NO011",NA,NA,NA,NA,NA,NA,NA,NA,NA,NA,NA
"NO012",NA,NA,NA,NA,NA,NA,NA,NA,NA,NA,NA
"NO02",NA,1.33333333333333,40.9333333333333,NA,0,NA,0,NA,NA,NA,NA
"ITH3",NA,0.07,12.64,NA,189.59,NA,33.5,NA,NA,NA,NA
"ITH31",NA,NA,NA,NA,NA,NA,NA,NA,NA,NA,NA
"ITH32",NA,NA,NA,NA,NA,NA,NA,NA,NA,NA,NA
"ITH33",NA,NA,NA,NA,NA,NA,NA,NA,NA,NA,NA
"ITH34",NA,NA,NA,NA,NA,NA,NA,NA,NA,NA,NA
"ITH35",NA,NA,NA,NA,NA,NA,NA,NA,NA,NA,NA
"ITH36",NA,NA,NA,NA,NA,NA,NA,NA,NA,NA,NA
"ITH37",NA,NA,NA,NA,NA,NA,NA,NA,NA,NA,NA
"ITH4",NA,0,5.76,NA,57.9,NA,2.49,NA,NA,NA,NA
"ITH41",NA,NA,NA,NA,NA,NA,NA,NA,NA,NA,NA
"ITH42",NA,NA,NA,NA,NA,NA,NA,NA,NA,NA,NA
"ITH43",NA,NA,NA,NA,NA,NA,NA,NA,NA,NA,NA
"ITH44",NA,NA,NA,NA,NA,NA,NA,NA,NA,NA,NA
"ITH5",NA,0.73,21.05,NA,77.5,NA,37,NA,NA,NA,NA
"NL225",NA,NA,NA,NA,NA,NA,NA,NA,NA,NA,NA
"NL226",NA,NA,NA,NA,NA,NA,NA,NA,NA,NA,NA
"NL23",NA,0.01,1.17142857142857,NA,0.0242857142857143,NA,3.96571428571429,0,0,NA,NA
"NL230",NA,NA,NA,NA,NA,NA,NA,NA,NA,NA,NA
"NL3",NA,0.105714285714286,4.90428571428571,NA,0.9,NA,21.24,0,0,NA,NA
"NL31",NA,0.0614285714285714,0.0471428571428571,NA,0.0114285714285714,NA,6.14571428571429,0,0,NA,NA
"NL310",NA,NA,NA,NA,NA,NA,NA,NA,NA,NA,NA
"NL32",NA,0.0414285714285714,1.18285714285714,NA,0.0114285714285714,NA,4.88285714285714,0,0,NA,NA
"NL321",NA,NA,NA,NA,NA,NA,NA,NA,NA,NA,NA
"NL322",NA,NA,NA,NA,NA,NA,NA,NA,NA,NA,NA
"NL323",NA,NA,NA,NA,NA,NA,NA,NA,NA,NA,NA
"NL324",NA,NA,NA,NA,NA,NA,NA,NA,NA,NA,NA
"NL325",NA,NA,NA,NA,NA,NA,NA,NA,NA,NA,NA
"NL326",NA,NA,NA,NA,NA,NA,NA,NA,NA,NA,NA
"NL327",NA,NA,NA,NA,NA,NA,NA,NA,NA,NA,NA
"NL33",NA,0.00142857142857143,0.65,NA,0.02,NA,4.99571428571429,0,0,NA,NA
"NL332",NA,NA,NA,NA,NA,NA,NA,NA,NA,NA,NA
"NL333",NA,NA,NA,NA,NA,NA,NA,NA,NA,NA,NA
"NL337",NA,NA,NA,NA,NA,NA,NA,NA,NA,NA,NA
"NL338",NA,NA,NA,NA,NA,NA,NA,NA,NA,NA,NA
"NL339",NA,NA,NA,NA,NA,NA,NA,NA,NA,NA,NA
"NL33A",NA,NA,NA,NA,NA,NA,NA,NA,NA,NA,NA
"NO",71.4,5.675,141.35,71.0714285714286,0,2.1,0,NA,0,9.42833333333333,0
"NO0",NA,7.03333333333333,129.133333333333,NA,0,NA,0,NA,NA,NA,NA
"NO021",NA,NA,NA,NA,NA,NA,NA,NA,NA,NA,NA
"NO022",NA,NA,NA,NA,NA,NA,NA,NA,NA,NA,NA
"NO03",NA,3.8,25.6666666666667,NA,0,NA,0,NA,NA,NA,NA
"NO031",NA,NA,NA,NA,NA,NA,NA,NA,NA,NA,NA
"NO032",NA,NA,NA,NA,NA,NA,NA,NA,NA,NA,NA
"NO033",NA,NA,NA,NA,NA,NA,NA,NA,NA,NA,NA
"NO034",NA,NA,NA,NA,NA,NA,NA,NA,NA,NA,NA
"ITH51",NA,NA,NA,NA,NA,NA,NA,NA,NA,NA,NA
"ITH52",NA,NA,NA,NA,NA,NA,NA,NA,NA,NA,NA
"ITH53",NA,NA,NA,NA,NA,NA,NA,NA,NA,NA,NA
"ITH54",NA,NA,NA,NA,NA,NA,NA,NA,NA,NA,NA
"ITH55",NA,NA,NA,NA,NA,NA,NA,NA,NA,NA,NA
"ITH56",NA,NA,NA,NA,NA,NA,NA,NA,NA,NA,NA
"ITH57",NA,NA,NA,NA,NA,NA,NA,NA,NA,NA,NA
"ITH58",NA,NA,NA,NA,NA,NA,NA,NA,NA,NA,NA
"ITH59",NA,NA,NA,NA,NA,NA,NA,NA,NA,NA,NA
"ITI",NA,0.33,65.24,NA,54.19,NA,28.41,NA,NA,NA,NA
"ITI1",NA,0.17,19.09,NA,20.42,NA,2.69,NA,NA,NA,NA
"ITI11",NA,NA,NA,NA,NA,NA,NA,NA,NA,NA,NA
"ITI12",NA,NA,NA,NA,NA,NA,NA,NA,NA,NA,NA
"ITI13",NA,NA,NA,NA,NA,NA,NA,NA,NA,NA,NA
"ITI14",NA,NA,NA,NA,NA,NA,NA,NA,NA,NA,NA
"NL34",NA,0.00142857142857143,3.02285714285714,NA,0.855714285714286,NA,5.21571428571429,0,0,NA,NA
"NL341",NA,NA,NA,NA,NA,NA,NA,NA,NA,NA,NA
"NL342",NA,NA,NA,NA,NA,NA,NA,NA,NA,NA,NA
"NL4",NA,0.131428571428571,4.46142857142857,NA,11.9514285714286,NA,73.1428571428571,0,0,NA,NA
"NL41",NA,0.07,1.37428571428571,NA,6.91714285714286,NA,57.3628571428571,0,0,NA,NA
"NL411",NA,NA,NA,NA,NA,NA,NA,NA,NA,NA,NA
"NL412",NA,NA,NA,NA,NA,NA,NA,NA,NA,NA,NA
"NL413",NA,NA,NA,NA,NA,NA,NA,NA,NA,NA,NA
"NL414",NA,NA,NA,NA,NA,NA,NA,NA,NA,NA,NA
"NL42",NA,0.0642857142857143,3.08714285714286,NA,5.17857142857143,NA,15.7785714285714,0,0,NA,NA
"NL421",NA,NA,NA,NA,NA,NA,NA,NA,NA,NA,NA
"NL422",NA,NA,NA,NA,NA,NA,NA,NA,NA,NA,NA
"NL423",NA,NA,NA,NA,NA,NA,NA,NA,NA,NA,NA
"NO04",NA,0,2.53333333333333,NA,0,NA,0,NA,NA,NA,NA
"NO041",NA,NA,NA,NA,NA,NA,NA,NA,NA,NA,NA
"NO042",NA,NA,NA,NA,NA,NA,NA,NA,NA,NA,NA
"ITI15",NA,NA,NA,NA,NA,NA,NA,NA,NA,NA,NA
"ITI16",NA,NA,NA,NA,NA,NA,NA,NA,NA,NA,NA
"ITI17",NA,NA,NA,NA,NA,NA,NA,NA,NA,NA,NA
"ITI18",NA,NA,NA,NA,NA,NA,NA,NA,NA,NA,NA
"ITI19",NA,NA,NA,NA,NA,NA,NA,NA,NA,NA,NA
"ITI1A",NA,NA,NA,NA,NA,NA,NA,NA,NA,NA,NA
"ITI2",NA,0,18.18,NA,13.58,NA,2.81,NA,NA,NA,NA
"ITI21",NA,NA,NA,NA,NA,NA,NA,NA,NA,NA,NA
"ITI22",NA,NA,NA,NA,NA,NA,NA,NA,NA,NA,NA
"ITI3",NA,0,16.01,NA,5.52,NA,2.51,NA,NA,NA,NA
"ITI31",NA,NA,NA,NA,NA,NA,NA,NA,NA,NA,NA
"ITI32",NA,NA,NA,NA,NA,NA,NA,NA,NA,NA,NA
"ITI33",NA,NA,NA,NA,NA,NA,NA,NA,NA,NA,NA
"ITI34",NA,NA,NA,NA,NA,NA,NA,NA,NA,NA,NA
"ITI35",NA,NA,NA,NA,NA,NA,NA,NA,NA,NA,NA
"ITI4",NA,0.17,11.95,NA,14.67,NA,20.4,NA,NA,NA,NA
"ITI41",NA,NA,NA,NA,NA,NA,NA,NA,NA,NA,NA
