"geo","c22_labour_force"
"AT",77677.5
"AT1",NA
"AT11",3632.5
"AT111",NA
"AT112",NA
"AT113",NA
"AT12",22395
"AT121",NA
"AT122",NA
"AT123",NA
"AT124",NA
"AT125",NA
"AT126",NA
"AT3",NA
"AT31",17142.5
"AT311",NA
"AT312",NA
"AT313",NA
"AT314",NA
"AT315",NA
"AT32",4692.5
"AT321",NA
"AT322",NA
"AT323",NA
"AT33",6067.5
"AT331",NA
"AT332",NA
"AT333",NA
"AT334",NA
"AT335",NA
"AT34",1730
"AT341",NA
"AT342",NA
"BE",32487.5
"BE1",NA
"BE10",10
"BE100",NA
"BE2",NA
"BE21",3167.5
"BE211",NA
"BE212",NA
"BE213",NA
"BE22",2505
"BE221",NA
"BE222",NA
"BE223",NA
"BE23",5637.5
"BE231",NA
"BE232",NA
"BE233",NA
"BE234",NA
"BE235",NA
"BE236",NA
"BE24",2495
"BE241",NA
"BE242",NA
"BE25",7542.5
"BE251",NA
"BE252",NA
"BE253",NA
"BE254",NA
"BE255",NA
"BE256",NA
"BE257",NA
"BE258",NA
"BE3",NA
"BE31",785
"BE310",NA
"BE32",3482.5
"BE321",NA
"BE322",NA
"BE323",NA
"BE324",NA
"AT127",NA
"AT13",347.5
"AT130",NA
"AT2",NA
"AT21",5765
"AT211",NA
"AT212",NA
"AT213",NA
"AT22",15900
"AT221",NA
"AT222",NA
"AT223",NA
"AT224",NA
"AT225",NA
"AT226",NA
"CH032",NA
"CH033",NA
"CH04",2990
"CH040",NA
"CH05",10510
"CH051",NA
"CH052",NA
"CH053",NA
"CH054",NA
"CH055",NA
"CH056",NA
"CH057",NA
"CH06",7716.66666666667
"CH061",NA
"CH062",NA
"CH063",NA
"CH064",NA
"CH065",NA
"CH066",NA
"CH07",653.333333333333
"CH070",NA
"CY",10180
"CY0",NA
"CY00",10180
"CY000",NA
"CZ",19225
"CZ0",NA
"CZ01",95
"CZ010",NA
"CZ02",2447.5
"CZ020",NA
"CZ03",3485
"CZ031",NA
"CZ032",NA
"CZ04",1355
"CZ041",NA
"CZ042",NA
"CZ05",3300
"CZ051",NA
"CZ052",NA
"CZ053",NA
"CZ06",4817.5
"BE325",NA
"BE326",NA
"BE327",NA
"BE33",2687.5
"BE331",NA
"BE332",NA
"BE334",NA
"BE335",NA
"BE336",NA
"BE34",2227.5
"BE341",NA
"BE342",NA
"BE343",NA
"BE344",NA
"BE345",NA
"BE35",1952.5
"BE351",NA
"BE352",NA
"BE353",NA
"BG",221902.5
"BG3",NA
"BG31",36517.5
"BG311",NA
"BG312",NA
"BG313",NA
"BG314",NA
"BG315",NA
"BG32",28610
"BG321",NA
"BG322",NA
"BG323",NA
"BG324",NA
"BG325",NA
"BG33",26372.5
"BG331",NA
"BG332",NA
"BG333",NA
"BG334",NA
"BG34",29042.5
"BG341",NA
"BG342",NA
"BG343",NA
"BG344",NA
"BG4",NA
"BG41",37895
"BG411",NA
"BG412",NA
"BG413",NA
"BG414",NA
"BG415",NA
"BG42",63467.5
"BG421",NA
"BG422",NA
"BG423",NA
"BG424",NA
"BG425",NA
"CH",47133.3333333333
"CH0",NA
"CH01",6190
"CH011",NA
"CH012",NA
"CH013",NA
"CH02",15590
"CH021",NA
"CH022",NA
"CH023",NA
"CH024",NA
"CH025",NA
"CH03",3483.33333333333
"CH031",NA
"CZ063",NA
"CZ064",NA
"CZ07",2317.5
"CZ071",NA
"CZ072",NA
"CZ08",1407.5
"CZ080",NA
"DE",226235
"DE1",30927.5
"DE11",NA
"DE111",NA
"DE112",NA
"DE113",NA
"DE114",NA
"DE115",NA
"DE116",NA
"DE117",NA
"DE118",NA
"DE119",NA
"DE11A",NA
"DE11B",NA
"DE11C",NA
"DE11D",NA
"DE12",NA
"DE121",NA
"DE122",NA
"DE123",NA
"DE124",NA
"DE125",NA
"DE126",NA
"DE127",NA
"DE128",NA
"DE129",NA
"DE12A",NA
"DE12B",NA
"DE12C",NA
"DE13",NA
"DE131",NA
"DE132",NA
"DE133",NA
"DE134",NA
"DE135",NA
"DE136",NA
"DE214",NA
"DE215",NA
"DE216",NA
"DE217",NA
"DE218",NA
"DE219",NA
"DE21A",NA
"DE21B",NA
"DE21C",NA
"DE21D",NA
"DE21E",NA
"DE21F",NA
"DE21G",NA
"DE21H",NA
"DE21I",NA
"DE21J",NA
"DE21K",NA
"DE21L",NA
"DE21M",NA
"DE21N",NA
"DE22",NA
"DE221",NA
"DE222",NA
"DE223",NA
"DE224",NA
"DE225",NA
"DE226",NA
"DE227",NA
"DE228",NA
"DE229",NA
"DE22A",NA
"DE22B",NA
"DE22C",NA
"DE23",NA
"DE231",NA
"DE232",NA
"DE233",NA
"DE234",NA
"DE235",NA
"DE236",NA
"DE237",NA
"DE238",NA
"DE239",NA
"DE23A",NA
"DE24",NA
"DE241",NA
"DE242",NA
"DE243",NA
"DE244",NA
"DE245",NA
"DE246",NA
"DE247",NA
"DE248",NA
"DE249",NA
"DE24A",NA
"DE24B",NA
"DE24C",NA
"DE24D",NA
"DE25",NA
"DE251",NA
"DE252",NA
"DE253",NA
"DE254",NA
"DE255",NA
"DE256",NA
"DE257",NA
"DE258",NA
"DE259",NA
"DE25A",NA
"DE25B",NA
"DE25C",NA
"DE26",NA
"DE261",NA
"DE262",NA
"DE263",NA
"DE264",NA
"DE265",NA
"DE266",NA
"DE267",NA
"DE268",NA
"DE269",NA
"DE26A",NA
"DE26B",NA
"DE26C",NA
"DE137",NA
"DE138",NA
"DE139",NA
"DE13A",NA
"DE14",NA
"DE141",NA
"DE142",NA
"DE143",NA
"DE144",NA
"DE145",NA
"DE146",NA
"DE147",NA
"DE148",NA
"DE149",NA
"DE2",76610
"DE21",NA
"DE211",NA
"DE212",NA
"DE213",NA
"DE80O",NA
"DE9",34890
"DE91",NA
"DE911",NA
"DE912",NA
"DE913",NA
"DE914",NA
"DE915",NA
"DE916",NA
"DE917",NA
"DE918",NA
"DE919",NA
"DE91A",NA
"DE91B",NA
"DE92",NA
"DE922",NA
"DE923",NA
"DE925",NA
"DE926",NA
"DE927",NA
"DE928",NA
"DE929",NA
"DE93",NA
"DE931",NA
"DE932",NA
"DE933",NA
"DE934",NA
"DE935",NA
"DE936",NA
"DE937",NA
"DE938",NA
"DE939",NA
"DE93A",NA
"DE93B",NA
"DE94",NA
"DE941",NA
"DE942",NA
"DE943",NA
"DE944",NA
"DE945",NA
"DE946",NA
"DE947",NA
"DE948",NA
"DE949",NA
"DE94A",NA
"DE94B",NA
"DE94C",NA
"DE94D",NA
"DE94E",NA
"DE94F",NA
"DE94G",NA
"DE94H",NA
"DEA",28955
"DEA1",NA
"DEA11",NA
"DEA12",NA
"DEA13",NA
"DEA14",NA
"DEA15",NA
"DEA16",NA
"DEA17",NA
"DEA18",NA
"DEA19",NA
"DEA1A",NA
"DEA1B",NA
"DEA1C",NA
"DEA1D",NA
"DEA1E",NA
"DE27",NA
"DE271",NA
"DE272",NA
"DE273",NA
"DE274",NA
"DE275",NA
"DE276",NA
"DE277",NA
"DE278",NA
"DE279",NA
"DE27A",NA
"DE27B",NA
"DE27C",NA
"DE27D",NA
"DE27E",NA
"DE3",53.3333333333333
"DE30",NA
"DE300",NA
"DE4",3205
"DE40",NA
"DE401",NA
"DE402",NA
"DE403",NA
"DE404",NA
"DE405",NA
"DE406",NA
"DE407",NA
"DE408",NA
"DE409",NA
"DE40A",NA
"DE40B",NA
"DE40C",NA
"DE40D",NA
"DE40E",NA
"DE40F",NA
"DE40G",NA
"DE40H",NA
"DE40I",NA
"DE5",123.333333333333
"DE50",NA
"DE501",NA
"DE502",NA
"DE6",636.666666666667
"DE60",NA
"DE600",NA
"DE7",12157.5
"DE71",NA
"DE711",NA
"DE712",NA
"DE713",NA
"DE714",NA
"DE715",NA
"DE716",NA
"DE717",NA
"DE718",NA
"DE719",NA
"DE71A",NA
"DE71B",NA
"DE71C",NA
"DE71D",NA
"DE71E",NA
"DE72",NA
"DE721",NA
"DE722",NA
"DE723",NA
"DE724",NA
"DE725",NA
"DE73",NA
"DE731",NA
"DE732",NA
"DE733",NA
"DE734",NA
"DE735",NA
"DE736",NA
"DE737",NA
"DE8",2687.5
"DE80",NA
"DE803",NA
"DE804",NA
"DE80J",NA
"DE80K",NA
"DE80L",NA
"DE80M",NA
"DE80N",NA
"DEA1F",NA
"DEA2",NA
"DEA22",NA
"DEA23",NA
"DEA24",NA
"DEA26",NA
"DEA27",NA
"DEA28",NA
"DEA29",NA
"DEA2A",NA
"DEA2B",NA
"DEA2C",NA
"DEA2D",NA
"DEA3",NA
"DEA31",NA
"DEA32",NA
"DEA33",NA
"DEA34",NA
"DEA35",NA
"DEA36",NA
"DEA37",NA
"DEA38",NA
"DEA4",NA
"DEA41",NA
"DEA42",NA
"DEA43",NA
"DEB17",NA
"DEB18",NA
"DEB19",NA
"DEB1A",NA
"DEB1B",NA
"DEB2",NA
"DEB21",NA
"DEB22",NA
"DEB23",NA
"DEB24",NA
"DEB25",NA
"DEB3",NA
"DEB31",NA
"DEB32",NA
"DEB33",NA
"DEB34",NA
"DEB35",NA
"DEB36",NA
"DEB37",NA
"DEB38",NA
"DEB39",NA
"DEB3A",NA
"DEB3B",NA
"DEB3C",NA
"DEB3D",NA
"DEB3E",NA
"DEB3F",NA
"DEB3G",NA
"DEB3H",NA
"DEB3I",NA
"DEB3J",NA
"DEB3K",NA
"DEC",877.5
"DEC0",NA
"DEC01",NA
"DEC02",NA
"DEC03",NA
"DEC04",NA
"DEC05",NA
"DEC06",NA
"DED",3880
"DED2",NA
"DED21",NA
"DED2C",NA
"DED2D",NA
"DED2E",NA
"DED2F",NA
"DED4",NA
"DED41",NA
"DED42",NA
"DED43",NA
"DED44",NA
"DED45",NA
"DED5",NA
"DED51",NA
"DED52",NA
"DED53",NA
"DEE",2667.5
"DEE0",NA
"DEE01",NA
"DEE02",NA
"DEE03",NA
"DEE04",NA
"DEE05",NA
"DEE06",NA
"DEE07",NA
"DEE08",NA
"DEE09",NA
"DEE0A",NA
"DEE0B",NA
"DEE0C",NA
"DEE0D",NA
"DEE0E",NA
"DEF",11470
"DEF0",NA
"DEF01",NA
"DEF02",NA
"DEF03",NA
"DEF04",NA
"DEF05",NA
"DEF06",NA
"DEF07",NA
"DEF08",NA
"DEF09",NA
"DEF0A",NA
"DEF0B",NA
"DEF0C",NA
"DEF0D",NA
"DEF0E",NA
"DEF0F",NA
"DEG",2142.5
"DEG0",NA
"DEG01",NA
"DEG02",NA
"DEG03",NA
"DEG04",NA
"DEG05",NA
"DEG06",NA
"DEG07",NA
"DEG09",NA
"DEG0A",NA
"DEG0B",NA
"DEG0C",NA
"DEG0D",NA
"DEG0E",NA
"DEG0F",NA
"DEG0G",NA
"DEG0H",NA
"DEA44",NA
"DEA45",NA
"DEA46",NA
"DEA47",NA
"DEA5",NA
"DEA51",NA
"DEA52",NA
"DEA53",NA
"DEA54",NA
"DEA55",NA
"DEA56",NA
"DEA57",NA
"DEA58",NA
"DEA59",NA
"DEA5A",NA
"DEA5B",NA
"DEA5C",NA
"DEB",14890
"DEB1",NA
"DEB11",NA
"DEB12",NA
"DEB13",NA
"DEB14",NA
"DEB15",NA
"DEB16",NA
"DK032",NA
"DK04",7372.5
"DK041",NA
"DK042",NA
"DK05",4545
"DK050",NA
"EE",8700
"EE0",NA
"EE00",8700
"EE001",NA
"DEG0I",NA
"DEG0J",NA
"DEG0K",NA
"DEG0L",NA
"DEG0M",NA
"DEG0N",NA
"DEG0P",NA
"DK",24385
"DK0",NA
"DK01",1190
"DK011",NA
"DK012",NA
"DK013",NA
"DK014",NA
"DK02",4027.5
"DK021",NA
"DK022",NA
"DK03",7250
"DK031",NA
"EE004",NA
"EE006",NA
"EE007",NA
"EE008",NA
"EL3",NA
"EL30",5432.5
"EL301",NA
"EL302",NA
"EL303",NA
"EL",270917.5
"EL421",NA
"EL42",7527.5
"EL422",NA
"EL304",NA
"EL305",NA
"EL306",NA
"EL307",NA
"EL4",NA
"EL41",10662.5
"EL411",NA
"EL412",NA
"EL413",NA
"EL631",NA
"EL632",NA
"EL633",NA
"EL64",NA
"EL641",NA
"EL642",NA
"EL643",NA
"EL644",NA
"EL645",NA
"EL65",NA
"EL651",NA
"EL652",NA
"EL653",NA
"FI200",NA
"EL43",32260
"EL431",NA
"EL432",NA
"EL433",NA
"EL434",NA
"EL5",NA
"EL51",NA
"EL511",NA
"EL512",NA
"EL513",NA
"EL514",NA
"EL515",NA
"EL52",NA
"EL521",NA
"EL522",NA
"EL523",NA
"EL524",NA
"EL525",NA
"EL526",NA
"EL527",NA
"EL53",NA
"EL531",NA
"EL532",NA
"EL533",NA
"EL54",NA
"EL541",NA
"EL542",NA
"EL543",NA
"EL6",NA
"EL61",NA
"EL611",NA
"EL612",NA
"EL613",NA
"EL62",NA
"EL621",NA
"EL622",NA
"EL623",NA
"EL624",NA
"EL63",NA
"ES",358265
"ES1",NA
"ES120",NA
"ES13",6360
"ES130",NA
"ES2",NA
"ES21",9085
"ES211",NA
"ES212",NA
"ES213",NA
"ES22",5745
"ES220",NA
"ES23",4715
"ES230",NA
"ES24",18145
"ES241",NA
"ES242",NA
"ES243",NA
"ES3",NA
"ES30",2782.5
"ES300",NA
"ES4",NA
"ES41",41245
"ES411",NA
"ES412",NA
"ES413",NA
"ES414",NA
"ES415",NA
"ES416",NA
"ES417",NA
"ES418",NA
"ES419",NA
"ES42",33532.5
"ES421",NA
"ES422",NA
"ES423",NA
"ES424",NA
"ES425",NA
"ES43",23532.5
"ES431",NA
"ES432",NA
"FI2",NA
"FI20",312.5
"ES11",53682.5
"ES111",NA
"ES112",NA
"ES113",NA
"ES114",NA
"ES12",15335
"FI",35257.5
"ES5",NA
"ES51",24735
"ES511",NA
"ES512",NA
"ES513",NA
"ES514",NA
"ES52",29692.5
"ES521",NA
"ES522",NA
"ES523",NA
"ES53",3975
"ES531",NA
"ES532",NA
"ES533",NA
"ES6",NA
"ES61",69217.5
"ES611",NA
"ES612",NA
"ES613",NA
"ES614",NA
"ES615",NA
"ES616",NA
"ES617",NA
"ES618",NA
"ES62",9527.5
"ES620",NA
"ES63",0
"ES630",NA
"ES64",0
"ES640",NA
"ES7",NA
"ES70",6955
"ES703",NA
"ES704",NA
"ES705",NA
"ES706",NA
"ES707",NA
"ES708",NA
"ES709",NA
"FI1D6",NA
"FI1D7",NA
"FI1",NA
"FI19",12320
"FI193",NA
"FI194",NA
"FI195",NA
"FI196",NA
"FI197",NA
"FI1C",7763.33333333333
"FI1C1",NA
"FI1C2",NA
"FI1C3",NA
"FI1C4",NA
"FI1C5",NA
"FI1D",11413.3333333333
"FI1D1",NA
"FI1D2",NA
"FI1D3",NA
"FI1D4",NA
"FI1D5",NA
"FI1B",1903.33333333333
"FI1B1",NA
"FR262",NA
"FR263",NA
"FR264",NA
"FR3",NA
"FR30",8197.5
"FR301",NA
"FR302",NA
"FR4",NA
"FR41",6612.5
"FR411",NA
"FR412",NA
"FR413",NA
"FR414",NA
"FR42",4367.5
"FR421",NA
"FR422",NA
"FR43",5720
"FR431",NA
"FR432",NA
"FR433",NA
"FR434",NA
"FR51",19132.5
"FR511",NA
"FR5",NA
"FR512",NA
"FR513",NA
"FR514",NA
"FR515",NA
"FR",279402.5
"FR1",NA
"FR10",2292.5
"FR101",NA
"FR102",NA
"FR103",NA
"FR104",NA
"FR105",NA
"FR106",NA
"FR107",NA
"FR108",NA
"FR2",NA
"FR21",9822.5
"FR211",NA
"FR212",NA
"FR213",NA
"FR214",NA
"FR22",6195
"FR221",NA
"FR222",NA
"FR223",NA
"FR23",5002.5
"FR231",NA
"FR232",NA
"FR24",12177.5
"FR241",NA
"FR242",NA
"FR243",NA
"FR244",NA
"FR245",NA
"FR246",NA
"FR25",12555
"FR251",NA
"FR252",NA
"FR253",NA
"FR26",11235
"FR261",NA
"FR52",18455
"FR521",NA
"FR522",NA
"FR523",NA
"FR61",20565
"FR611",NA
"FR612",NA
"FR613",NA
"FR614",NA
"FR615",NA
"FR62",28015
"FR621",NA
"FR622",NA
"FR623",NA
"FR624",NA
"FR625",NA
"FR626",NA
"FR627",NA
"FR628",NA
"FR63",9667.5
"FR631",NA
"FR632",NA
"FR633",NA
"FR7",NA
"FR71",24550
"FR711",NA
"FR712",NA
"FR713",NA
"FR714",NA
"FR715",NA
"FR716",NA
"FR717",NA
"FR718",NA
"FR72",16525
"FR721",NA
"FR722",NA
"FR723",NA
"FR724",NA
"FR8",NA
"FR81",16877.5
"FR811",NA
"FR812",NA
"FR813",NA
"FR814",NA
"FR815",NA
"FR82",12120
"FR821",NA
"FR822",NA
"FR823",NA
"FR824",NA
"FR825",NA
"FR826",NA
"FR524",NA
"FR53",12930
"FR531",NA
"FR532",NA
"FR533",NA
"FR534",NA
"FR6",NA
"HR033",NA
"HR034",NA
"HR035",NA
"HR036",NA
"HR037",NA
"HR04",61766.6666666667
"HR041",NA
"HR042",NA
"HR043",NA
"HR044",NA
"HR045",NA
"HR046",NA
"HR047",NA
"HR048",NA
"HR049",NA
"HR04A",NA
"HR04B",NA
"HR04C",NA
"HR04D",NA
"HR04E",NA
"HU",203887.5
"HU1",NA
"HU10",19300
"HU101",NA
"HU102",NA
"HU2",NA
"HU21",19385
"HU211",NA
"HU212",NA
"HU213",NA
"HU22",21427.5
"HU221",NA
"HU222",NA
"HU223",NA
"HU23",24085
"HU231",NA
"HU232",NA
"HU233",NA
"FR83",1975
"FR831",NA
"FR832",NA
"FRA",NA
"FRA1",NA
"FRA10",NA
"FRA2",NA
"FRA20",NA
"FRA3",NA
"FRA30",NA
"FRA4",NA
"FRA40",NA
"FRA5",NA
"FRA50",NA
"HR031",NA
"HR032",NA
"HR",77660
"HR0",NA
"HR03",15890
"HU3",NA
"HU31",23690
"HU311",NA
"HU312",NA
"HU313",NA
"HU32",44112.5
"HU321",NA
"HU322",NA
"HU323",NA
"HU33",51887.5
"HU331",NA
"IE",99782.5
"IE0",NA
"IE01",51477.5
"IE011",NA
"IE012",NA
"IE013",NA
"IE02",48305
"IE021",NA
"IE022",NA
"IE023",NA
"IE024",NA
"IE025",NA
"HU332",NA
"HU333",NA
"IT",561927.5
"ITC",NA
"ITC1",41415
"ITC11",NA
"ITC12",NA
"ITC13",NA
"ITC14",NA
"ITC15",NA
"ITC16",NA
"ITC17",NA
"ITC18",NA
"ITC2",2077.5
"ITC20",NA
"ITC3",10780
"ITC31",NA
"ITC32",NA
"ITC33",NA
"ITC34",NA
"ITC4",31020
"ITC41",NA
"ITC42",NA
"ITC43",NA
"ITC44",NA
"ITC46",NA
"ITC47",NA
"ITC48",NA
"ITC49",NA
"ITC4A",NA
"ITC4B",NA
"ITC4C",NA
"ITC4D",NA
"ITF",NA
"ITF1",21360
"ITF11",NA
"IS",1540
"IS0",NA
"IS00",1540
"IS001",NA
"ITF12",NA
"ITF13",NA
"IS002",NA
"SE2",NA
"TR62",NA
"TR621",NA
"TR622",NA
"TR63",NA
"TR631",NA
"TR632",NA
"TR633",NA
"TR7",NA
"TR71",NA
"TR711",NA
"SE21",5277.5
"SE211",NA
"SE212",NA
"SE213",NA
"UK",119562.5
"UKC",NA
"UKC1",1495
"UKC11",NA
"UKC12",NA
"UKC13",NA
"UKC14",NA
"UKC2",1570
"UKC21",NA
"UKC22",NA
"UKC23",NA
"UKD",NA
"UKD1",3562.5
"SE214",NA
"SE22",4792.5
"SE221",NA
"SE224",NA
"SE23",7097.5
"UKD45",NA
"UKD46",NA
"UKD47",NA
"UKD6",1760
"UKD61",NA
"UKD62",NA
"UKD63",NA
"UKD7",166.666666666667
"UKD71",NA
"UKD72",NA
"UKD73",NA
"UKD74",NA
"UKE",NA
"UKE1",1702.5
"UKE11",NA
"UKE12",NA
"UKE13",NA
"UKE2",4997.5
"UKE21",NA
"UKE22",NA
"UKE3",700
"UKE31",NA
"UKE32",NA
"UKE4",1192.5
"UKE41",NA
"UKE42",NA
"UKE44",NA
"UKE45",NA
"UKF",NA
"UKF1",2772.5
"UKF11",NA
"UKF12",NA
"UKF13",NA
"UKF14",NA
"UKF15",NA
"UKF16",NA
"UKF2",2330
"UKF21",NA
"UKF22",NA
"UKF24",NA
"UKF25",NA
"UKF3",2502.5
"UKF30",NA
"UKG",NA
"UKG1",4065
"UKG11",NA
"UKG12",NA
"UKG13",NA
"UKG2",4767.5
"UKG21",NA
"UKG22",NA
"UKG23",NA
"UKG24",NA
"UKG3",157.5
"UKG31",NA
"UKG32",NA
"UKG33",NA
"UKG36",NA
"UKG37",NA
"UKG38",NA
"UKG39",NA
"UKH",NA
"UKH1",4765
"UKH11",NA
"UKH12",NA
"UKH14",NA
"UKH15",NA
"UKH16",NA
"UKH17",NA
"UKH2",995
"UKH21",NA
"UKH23",NA
"UKH24",NA
"UKH25",NA
"UKH3",1312.5
"UKH31",NA
"UKH32",NA
"UKH34",NA
"UKH35",NA
"UKH36",NA
"UKH37",NA
"UKI",NA
"UKI3",NA
"UKI31",NA
"UKI32",NA
"UKI33",NA
"UKI34",NA
"UKI4",NA
"UKI41",NA
"UKI42",NA
"UKI43",NA
"UKI44",NA
"UKI45",NA
"UKI5",NA
"UKI51",NA
"UKI52",NA
"UKI53",NA
"UKI54",NA
"UKI6",NA
"UKI61",NA
"UKI62",NA
"UKI63",NA
"UKI7",NA
"UKI71",NA
"UKI72",NA
"UKI73",NA
"UKI74",NA
"UKI75",NA
"UKJ",NA
"UKJ1",2062.5
"UKJ11",NA
"UKJ12",NA
"UKJ13",NA
"UKJ14",NA
"UKJ2",2287.5
"UKJ21",NA
"UKJ22",NA
"UKJ25",NA
"UKJ26",NA
"UKJ27",NA
"UKJ28",NA
"UKJ3",1400
"UKJ31",NA
"UKJ32",NA
"UKJ34",NA
"UKJ35",NA
"UKJ36",NA
"UKJ37",NA
"UKJ4",1555
"UKJ41",NA
"UKJ43",NA
"UKJ44",NA
"UKJ45",NA
"UKJ46",NA
"UKK",NA
"UKK1",3902.5
"UKK11",NA
"UKK12",NA
"UKK13",NA
"UKK14",NA
"UKK15",NA
"UKK2",4112.5
"UKK21",NA
"UKK22",NA
"UKK23",NA
"UKK3",3087.5
"UKK30",NA
"UKK4",5792.5
"UKK41",NA
"UKK42",NA
"UKK43",NA
"UKL",NA
"UKL1",12330
"UKL11",NA
"UKL12",NA
"UKL13",NA
"UKL14",NA
"UKL15",NA
"UKL16",NA
"UKL17",NA
"UKL18",NA
"UKL2",6525
"UKL21",NA
"UKL22",NA
"UKL23",NA
"UKL24",NA
"UKM21",NA
"UKM22",NA
"UKM23",NA
"UKM24",NA
"UKM25",NA
"UKM26",NA
"UKM27",NA
"UKM28",NA
"UKM32",NA
"UKM33",NA
"UKM34",NA
"UKM35",NA
"UKM36",NA
"UKM37",NA
"UKM38",NA
"UKM50",NA
"UKM64",NA
"UKM65",NA
"UKM66",NA
"UKN",NA
"UKN0",16175
"UKN01",NA
"UKN02",NA
"UKN03",NA
"UKN04",NA
"UKN05",NA
"UKM31",NA
"UKM62",NA
"UKM61",NA
"UKM2",3985
"UKM3",4010
"UKM5",2622.5
"UKM63",NA
"UKM",NA
"UKM6",5500
"RO411",NA
"RO412",NA
"RO413",NA
"RO414",NA
"RO415",NA
"RO42",66415
"RO421",NA
"RO422",NA
"RO423",NA
"RO424",NA
"SE231",NA
"SE232",NA
"SE3",NA
"SE31",3077.5
"SE311",NA
"SE312",NA
"TR",NA
"TR1",NA
"TR10",NA
"TR100",NA
"TR712",NA
"TR713",NA
"TR714",NA
"TR715",NA
"TR72",NA
"TR721",NA
"TR722",NA
"TR723",NA
"TR8",NA
"TR81",NA
"TR811",NA
"TR812",NA
"TR813",NA
"TR2",NA
"TR21",NA
"TR211",NA
"TR212",NA
"TR213",NA
"TR22",NA
"TR82",NA
"TR821",NA
"TR822",NA
"TR823",NA
"TR83",NA
"TR831",NA
"TR832",NA
"TR833",NA
"TR834",NA
"TR9",NA
"SE313",NA
"SE32",1510
"SE321",NA
"TR221",NA
"TR222",NA
"TR3",NA
"TR90",NA
"TR901",NA
"TR902",NA
"TR903",NA
"TR904",NA
"TR905",NA
"TR906",NA
"TRA",NA
"TRA1",NA
"TRA11",NA
"TRA12",NA
"SE",29247.5
"SE322",NA
"SE33",1347.5
"SE331",NA
"TR31",NA
"TR310",NA
"TR32",NA
"TR321",NA
"TR322",NA
"TRA13",NA
"TRA2",NA
"TRA21",NA
"TRA22",NA
"TRA23",NA
"TRA24",NA
"TRB",NA
"TRB1",NA
"TRB11",NA
"TRB12",NA
"TRB13",NA
"TRB14",NA
"SE1",NA
"SE332",NA
"SI",36795
"SI0",NA
"SI03",NA
"SI031",NA
"SI032",NA
"SI033",NA
"SI034",NA
"SI035",NA
"SI036",NA
"SI037",NA
"TR323",NA
"TR33",NA
"TR331",NA
"TR332",NA
"TR333",NA
"TR334",NA
"TR4",NA
"TR41",NA
"TRB2",NA
"TRB21",NA
"TRB22",NA
"TRB23",NA
"TRB24",NA
"TRC",NA
"TRC1",NA
"TRC11",NA
"TRC12",NA
"TRC13",NA
"TRC2",NA
"TRC21",NA
"TRC22",NA
"TRC3",NA
"SE11",730
"SE110",NA
"SI038",NA
"SI04",NA
"SI041",NA
"SI042",NA
"SI043",NA
"SI044",NA
"SK",16342.5
"SK0",NA
"SK01",405
"SK010",NA
"SK02",5430
"SK021",NA
"SK022",NA
"SK023",NA
"TR411",NA
"TR412",NA
"TR413",NA
"TR42",NA
"TR421",NA
"TR422",NA
"TR423",NA
"TR424",NA
"TR425",NA
"TR5",NA
"TR51",NA
"TR510",NA
"TR52",NA
"TRC31",NA
"TRC32",NA
"TRC33",NA
"TRC34",NA
"SE12",5417.5
"SE121",NA
"SE122",NA
"SE123",NA
"SE124",NA
"SE125",NA
"SK03",6250
"SK031",NA
"SK032",NA
"SK04",4260
"SK041",NA
"SK042",NA
"UKD11",NA
"UKD12",NA
"UKD3",595
"UKD33",NA
"UKD34",NA
"UKD35",NA
"UKD36",NA
"UKD37",NA
"UKD4",2547.5
"UKD41",NA
"UKD42",NA
"UKD44",NA
"TR521",NA
"TR522",NA
"TR6",NA
"TR61",NA
"TR611",NA
"TR612",NA
"TR613",NA
"ITI42",NA
"ITI43",NA
"ITI44",NA
"ITI45",NA
"LI",NA
"LI0",NA
"LI00",NA
"LI000",NA
"LT",82217.5
"LT0",NA
"LT00",82217.5
"NO043",NA
"NO052",NA
"NO053",NA
"NO06",4370
"NO073",NA
"PL218",NA
"PL219",NA
"PL21A",NA
"PL22",38725
"PL224",NA
"PL225",NA
"PL227",NA
"PL228",NA
"PL229",NA
"PL22A",NA
"PL22B",NA
"PL22C",NA
"PL3",NA
"PL31",124072.5
"PL311",NA
"PL312",NA
"PL314",NA
"PL315",NA
"PL32",86680
"PL323",NA
"PL324",NA
"PL325",NA
"PL326",NA
"PL33",63087.5
"PL331",NA
"PL332",NA
"PL34",56572.5
"PL343",NA
"PL344",NA
"NO061",NA
"NO062",NA
"NO05",6315
"PL345",NA
"PL4",NA
"PL41",86295
"PL411",NA
"PL414",NA
"PL415",NA
"PL416",NA
"PL417",NA
"PL418",NA
"PL42",17850
"PL424",NA
"PL426",NA
"PL427",NA
"PL428",NA
"PL43",13532.5
"PL431",NA
"PL432",NA
"PL5",NA
"PL51",39302.5
"PL514",NA
"PL515",NA
"PL516",NA
"NO051",NA
"PL517",NA
"PL518",NA
"PL52",19575
"PL523",NA
"PL524",NA
"PL6",NA
"PL61",48532.5
"PL613",NA
"PL616",NA
"PL617",NA
"PL618",NA
"PL619",NA
"PL62",29605
"PL621",NA
"PL622",NA
"PL623",NA
"PL63",27202.5
"PL633",NA
"PL634",NA
"PL636",NA
"PL637",NA
"PL638",NA
"NO072",NA
"PT",154910
"PT1",NA
"PT11",62242.5
"PT111",NA
"PT112",NA
"PT119",NA
"PT11A",NA
"PT11B",NA
"PT11C",NA
"PT11D",NA
"PT11E",NA
"PT15",5547.5
"PT150",NA
"PT16",55465
"PT16B",NA
"PT16D",NA
"PT16E",NA
"PT16F",NA
"PT16G",NA
"PT16H",NA
"PT16I",NA
"PT16J",NA
"PT17",4027.5
"PT170",NA
"PT18",15950
"PT181",NA
"PT184",NA
"PT185",NA
"PT186",NA
"PT187",NA
"PT2",NA
"PT20",6055
"PT200",NA
"PT3",NA
"PT30",5620
"PT300",NA
"NO07",2935
"PL",988065
"PL1",NA
"PL11",85665
"PL113",NA
"PL114",NA
"PL115",NA
"PL116",NA
"PL117",NA
"RO",987612.5
"RO1",NA
"RO11",137872.5
"RO111",NA
"RO112",NA
"RO113",NA
"RO114",NA
"RO115",NA
"RO116",NA
"RO12",101402.5
"RO121",NA
"RO122",NA
"RO123",NA
"RO124",NA
"RO125",NA
"RO126",NA
"RO2",NA
"RO21",213640
"RO211",NA
"RO212",NA
"PL12",149287.5
"PL127",NA
"PL128",NA
"PL129",NA
"PL12A",NA
"PL12B",NA
"PL12C",NA
"PL12D",NA
"PL12E",NA
"PL2",NA
"PL21",102090
"PL213",NA
"PL214",NA
"PL217",NA
"RO213",NA
"RO214",NA
"RO215",NA
"RO216",NA
"RO22",124655
"RO221",NA
"RO222",NA
"RO223",NA
"RO224",NA
"RO225",NA
"RO226",NA
"RO3",NA
"RO31",180930
"RO311",NA
"RO312",NA
"RO313",NA
"RO314",NA
"RO315",NA
"RO316",NA
"RO317",NA
"RO32",15420
"RO321",NA
"RO322",NA
"RO4",NA
"RO41",147277.5
"NO071",NA
"ITF14",NA
"ITF2",8907.5
"ITF21",NA
"ITF22",NA
"ITF3",46760
"ITF31",NA
"ITF32",NA
"ITF33",NA
"ITF34",NA
"ITF35",NA
"ITF4",56305
"ITF43",NA
"ITF44",NA
"ITF45",NA
"LT001",NA
"LT002",NA
"LT003",NA
"LT004",NA
"LT005",NA
"LT006",NA
"LT007",NA
"LT008",NA
"LT009",NA
"LT00A",NA
"LU",1677.5
"LU0",NA
"LU00",1677.5
"LU000",NA
"ITF46",NA
"ITF47",NA
"ITF48",NA
"ITF5",16517.5
"ITF51",NA
"ITF52",NA
"ITF6",31730
"ITF61",NA
"ITF62",NA
"ITF63",NA
"ITF64",NA
"ITF65",NA
"LV",48207.5
"LV0",NA
"LV00",48207.5
"LV003",NA
"LV005",NA
"LV006",NA
"LV007",NA
"LV008",NA
"ITG",NA
"ITG1",58345
"ITG11",NA
"ITG12",NA
"ITG13",NA
"LV009",NA
"ME",23170
"ME0",NA
"ME00",23170
"ME000",NA
"MK",NA
"MK0",NA
"MK00",NA
"ITG14",NA
"ITG15",NA
"ITG16",NA
"ITG17",NA
"ITG18",NA
"ITG19",NA
"ITG2",30295
"ITG25",NA
"ITG26",NA
"ITG27",NA
"ITG28",NA
"MK001",NA
"MK002",NA
"MK003",NA
"MK004",NA
"MK005",NA
"MK006",NA
"MK007",NA
"MK008",NA
"MT",2857.5
"MT0",NA
"MT00",2857.5
"MT001",NA
"MT002",NA
"NL",56805
"ITG29",NA
"ITG2A",NA
"ITG2B",NA
"ITG2C",NA
"ITH",NA
"ITH1",13013.3333333333
"ITH10",NA
"ITH2",7460
"ITH20",NA
"NL1",NA
"NL11",2720
"NL111",NA
"NL112",NA
"NL113",NA
"NL12",4700
"NL121",NA
"NL122",NA
"NL123",NA
"NL13",2967.5
"NL131",NA
"NL132",NA
"NL133",NA
"NL2",NA
"NL21",7097.5
"NL211",NA
"NL212",NA
"NL213",NA
"NL22",9537.5
"NL221",NA
"NL224",NA
"NO01",1007.5
"NO011",NA
"NO012",NA
"NO02",5247.5
"ITH3",45643.3333333333
"ITH31",NA
"ITH32",NA
"ITH33",NA
"ITH34",NA
"ITH35",NA
"ITH36",NA
"ITH37",NA
"ITH4",7950
"ITH41",NA
"ITH42",NA
"ITH43",NA
"ITH44",NA
"ITH5",34516.6666666667
"NL225",NA
"NL226",NA
"NL23",1712.5
"NL230",NA
"NL3",NA
"NL31",2332.5
"NL310",NA
"NL32",3985
"NL321",NA
"NL322",NA
"NL323",NA
"NL324",NA
"NL325",NA
"NL326",NA
"NL327",NA
"NL33",5887.5
"NL332",NA
"NL333",NA
"NL337",NA
"NL338",NA
"NL339",NA
"NL33A",NA
"NO",27825
"NO0",NA
"NO021",NA
"NO022",NA
"NO03",3647.5
"NO031",NA
"NO032",NA
"NO033",NA
"NO034",NA
"ITH51",NA
"ITH52",NA
"ITH53",NA
"ITH54",NA
"ITH55",NA
"ITH56",NA
"ITH57",NA
"ITH58",NA
"ITH59",NA
"ITI",NA
"ITI1",29133.3333333333
"ITI11",NA
"ITI12",NA
"ITI13",NA
"ITI14",NA
"NL34",2525
"NL341",NA
"NL342",NA
"NL4",NA
"NL41",9645
"NL411",NA
"NL412",NA
"NL413",NA
"NL414",NA
"NL42",3702.5
"NL421",NA
"NL422",NA
"NL423",NA
"NO04",4310
"NO041",NA
"NO042",NA
"ITI15",NA
"ITI16",NA
"ITI17",NA
"ITI18",NA
"ITI19",NA
"ITI1A",NA
"ITI2",9690
"ITI21",NA
"ITI22",NA
"ITI3",14556.6666666667
"ITI31",NA
"ITI32",NA
"ITI33",NA
"ITI34",NA
"ITI35",NA
"ITI4",30626.6666666667
"ITI41",NA
