"geo","bovine","milk_cows","pigs","sheep","goats"
"AT",NA,NA,NA,NA,NA
"AT1",NA,NA,NA,NA,NA
"AT11",20.9925,4.21875,48.02125,5.56375,241.68
"AT111",NA,NA,NA,NA,NA
"AT112",NA,NA,NA,NA,NA
"AT113",NA,NA,NA,NA,NA
"AT12",444.73625,103.9,798.195714285714,72.91375,15.29125
"AT121",NA,NA,NA,NA,NA
"AT122",NA,NA,NA,NA,NA
"AT123",NA,NA,NA,NA,NA
"AT124",NA,NA,NA,NA,NA
"AT125",NA,NA,NA,NA,NA
"AT126",NA,NA,NA,NA,NA
"AT3",NA,NA,NA,NA,NA
"AT31",573.7825,167.36375,1128.40285714286,55.56,23.02125
"AT311",NA,NA,NA,NA,NA
"AT312",NA,NA,NA,NA,NA
"AT313",NA,NA,NA,NA,NA
"AT314",NA,NA,NA,NA,NA
"AT315",NA,NA,NA,NA,NA
"AT32",164.22625,58.1,8.03125,28.94375,5.47375
"AT321",NA,NA,NA,NA,NA
"AT322",NA,NA,NA,NA,NA
"AT323",NA,NA,NA,NA,NA
"AT33",181.28875,59.995,12.175,79.39125,15.08125
"AT331",NA,NA,NA,NA,NA
"AT332",NA,NA,NA,NA,NA
"AT333",NA,NA,NA,NA,NA
"AT334",NA,NA,NA,NA,NA
"AT335",NA,NA,NA,NA,NA
"AT34",65.1025,24.795,6.83375,11.13375,4.30875
"AT341",NA,NA,NA,NA,NA
"AT342",NA,NA,NA,NA,NA
"BE",NA,NA,NA,NA,NA
"BE1",NA,NA,NA,NA,NA
"BE10",0.56625,0.17,0.005,0.0475,0.0175
"BE100",NA,NA,NA,NA,NA
"BE2",NA,NA,NA,NA,NA
"BE21",323.52625,78.4725,974.1475,9.805,11.19
"BE211",NA,NA,NA,NA,NA
"BE212",NA,NA,NA,NA,NA
"BE213",NA,NA,NA,NA,NA
"BE22",132.7625,37.775,437.21,8.4125,4.14
"BE221",NA,NA,NA,NA,NA
"BE222",NA,NA,NA,NA,NA
"BE223",NA,NA,NA,NA,NA
"BE23",323.6,79.39625,1052.06,12.1425,8.285
"BE231",NA,NA,NA,NA,NA
"BE232",NA,NA,NA,NA,NA
"BE233",NA,NA,NA,NA,NA
"BE234",NA,NA,NA,NA,NA
"BE235",NA,NA,NA,NA,NA
"BE236",NA,NA,NA,NA,NA
"BE24",104.265,18.0675,155.7175,10.1875,1.0525
"BE241",NA,NA,NA,NA,NA
"BE242",NA,NA,NA,NA,NA
"BE25",410.54625,91.83375,3393.265,24.3,4.025
"BE251",NA,NA,NA,NA,NA
"BE252",NA,NA,NA,NA,NA
"BE253",NA,NA,NA,NA,NA
"BE254",NA,NA,NA,NA,NA
"BE255",NA,NA,NA,NA,NA
"BE256",NA,NA,NA,NA,NA
"BE257",NA,NA,NA,NA,NA
"BE258",NA,NA,NA,NA,NA
"BE3",NA,NA,NA,NA,NA
"BE31",50.81,7.3475,24.7075,2.2425,0.24
"BE310",NA,NA,NA,NA,NA
"BE32",308.84625,64.09875,139.595,7.8125,2.7475
"BE321",NA,NA,NA,NA,NA
"BE322",NA,NA,NA,NA,NA
"BE323",NA,NA,NA,NA,NA
"BE324",NA,NA,NA,NA,NA
"AT127",NA,NA,NA,NA,NA
"AT13",0.1,0.02625,0.1875,95.23125,65.09875
"AT130",NA,NA,NA,NA,NA
"AT2",NA,NA,NA,NA,NA
"AT21",189.765,33.87375,129.3475,44.95125,4.60375
"AT211",NA,NA,NA,NA,NA
"AT212",NA,NA,NA,NA,NA
"AT213",NA,NA,NA,NA,NA
"AT22",325.06125,81.2575,791.254285714286,66.885,7.3375
"AT221",NA,NA,NA,NA,NA
"AT222",NA,NA,NA,NA,NA
"AT223",NA,NA,NA,NA,NA
"AT224",NA,NA,NA,NA,NA
"AT225",NA,NA,NA,NA,NA
"AT226",NA,NA,NA,NA,NA
"CH032",NA,NA,NA,NA,NA
"CH033",NA,NA,NA,NA,NA
"CH04",96.1633333333333,34.63,39.3866666666667,NA,NA
"CH040",NA,NA,NA,NA,NA
"CH05",349.963333333333,136.543333333333,418.103333333333,NA,NA
"CH051",NA,NA,NA,NA,NA
"CH052",NA,NA,NA,NA,NA
"CH053",NA,NA,NA,NA,NA
"CH054",NA,NA,NA,NA,NA
"CH055",NA,NA,NA,NA,NA
"CH056",NA,NA,NA,NA,NA
"CH057",NA,NA,NA,NA,NA
"CH06",255.02,101.843333333333,483.52,NA,NA
"CH061",NA,NA,NA,NA,NA
"CH062",NA,NA,NA,NA,NA
"CH063",NA,NA,NA,NA,NA
"CH064",NA,NA,NA,NA,NA
"CH065",NA,NA,NA,NA,NA
"CH066",NA,NA,NA,NA,NA
"CH07",10.1566666666667,3.74333333333333,2.75333333333333,NA,NA
"CH070",NA,NA,NA,NA,NA
"CY",NA,NA,NA,NA,NA
"CY0",NA,NA,NA,NA,NA
"CY00",59.57625,25.75875,382.31125,332.103333333333,264.985
"CY000",NA,NA,NA,NA,NA
"CZ",NA,NA,NA,NA,NA
"CZ0",NA,NA,NA,NA,NA
"CZ01",1.38375,0.395,2.81,NA,NA
"CZ010",NA,NA,NA,NA,NA
"CZ02",145.055,44.30375,303.49625,NA,NA
"CZ020",NA,NA,NA,NA,NA
"CZ03",365.26125,87.945,259.05,NA,NA
"CZ031",NA,NA,NA,NA,NA
"CZ032",NA,NA,NA,NA,NA
"CZ04",77.01375,15.295,93.17,NA,NA
"CZ041",NA,NA,NA,NA,NA
"CZ042",NA,NA,NA,NA,NA
"CZ05",258.87375,74.22375,248.88875,NA,NA
"CZ051",NA,NA,NA,NA,NA
"CZ052",NA,NA,NA,NA,NA
"CZ053",NA,NA,NA,NA,NA
"CZ06",269.2275,85.29,444.4875,NA,NA
"BE325",NA,NA,NA,NA,NA
"BE326",NA,NA,NA,NA,NA
"BE327",NA,NA,NA,NA,NA
"BE33",262.375,79.8275,104.26875,10.68,1.605
"BE331",NA,NA,NA,NA,NA
"BE332",NA,NA,NA,NA,NA
"BE334",NA,NA,NA,NA,NA
"BE335",NA,NA,NA,NA,NA
"BE336",NA,NA,NA,NA,NA
"BE34",336.01625,29.8325,28.8875,13.4075,0.945
"BE341",NA,NA,NA,NA,NA
"BE342",NA,NA,NA,NA,NA
"BE343",NA,NA,NA,NA,NA
"BE344",NA,NA,NA,NA,NA
"BE345",NA,NA,NA,NA,NA
"BE35",238.88875,31.25625,73.23375,10.465,4.995
"BE351",NA,NA,NA,NA,NA
"BE352",NA,NA,NA,NA,NA
"BE353",NA,NA,NA,NA,NA
"BG",NA,NA,NA,NA,NA
"BG3",NA,NA,NA,NA,NA
"BG31",67.55375,40.15625,46.49,144.3925,60.8775
"BG311",NA,NA,NA,NA,NA
"BG312",NA,NA,NA,NA,NA
"BG313",NA,NA,NA,NA,NA
"BG314",NA,NA,NA,NA,NA
"BG315",NA,NA,NA,NA,NA
"BG32",66.11375,37.57,180.37375,159.58125,31.58875
"BG321",NA,NA,NA,NA,NA
"BG322",NA,NA,NA,NA,NA
"BG323",NA,NA,NA,NA,NA
"BG324",NA,NA,NA,NA,NA
"BG325",NA,NA,NA,NA,NA
"BG33",74.845,41.50875,157.09625,232.5675,35.14875
"BG331",NA,NA,NA,NA,NA
"BG332",NA,NA,NA,NA,NA
"BG333",NA,NA,NA,NA,NA
"BG334",NA,NA,NA,NA,NA
"BG34",104.475,52.88,149.0125,274.465,47.5725
"BG341",NA,NA,NA,NA,NA
"BG342",NA,NA,NA,NA,NA
"BG343",NA,NA,NA,NA,NA
"BG344",NA,NA,NA,NA,NA
"BG4",NA,NA,NA,NA,NA
"BG41",63.66125,26.91375,20.64,233.89875,76.14125
"BG411",NA,NA,NA,NA,NA
"BG412",NA,NA,NA,NA,NA
"BG413",NA,NA,NA,NA,NA
"BG414",NA,NA,NA,NA,NA
"BG415",NA,NA,NA,NA,NA
"BG42",184.42625,95.83625,40.4375,317.05875,41.84875
"BG421",NA,NA,NA,NA,NA
"BG422",NA,NA,NA,NA,NA
"BG423",NA,NA,NA,NA,NA
"BG424",NA,NA,NA,NA,NA
"BG425",NA,NA,NA,NA,NA
"CH",NA,NA,NA,NA,NA
"CH0",NA,NA,NA,NA,NA
"CH01",146.393333333333,44.1466666666667,43.04,NA,NA
"CH011",NA,NA,NA,NA,NA
"CH012",NA,NA,NA,NA,NA
"CH013",NA,NA,NA,NA,NA
"CH02",587.813333333333,217.27,364.876666666667,NA,NA
"CH021",NA,NA,NA,NA,NA
"CH022",NA,NA,NA,NA,NA
"CH023",NA,NA,NA,NA,NA
"CH024",NA,NA,NA,NA,NA
"CH025",NA,NA,NA,NA,NA
"CH03",114.9,34.26,106.433333333333,NA,NA
"CH031",NA,NA,NA,NA,NA
"CZ063",NA,NA,NA,NA,NA
"CZ064",NA,NA,NA,NA,NA
"CZ07",149.17625,42.98375,173.34125,NA,NA
"CZ071",NA,NA,NA,NA,NA
"CZ072",NA,NA,NA,NA,NA
"CZ08",78.685,20.3275,48.25375,NA,NA
"CZ080",NA,NA,NA,NA,NA
"DE",NA,NA,NA,NA,NA
"DE1",NA,NA,NA,NA,NA
"DE11",NA,NA,NA,NA,NA
"DE111",NA,NA,NA,NA,NA
"DE112",NA,NA,NA,NA,NA
"DE113",NA,NA,NA,NA,NA
"DE114",NA,NA,NA,NA,NA
"DE115",NA,NA,NA,NA,NA
"DE116",NA,NA,NA,NA,NA
"DE117",NA,NA,NA,NA,NA
"DE118",NA,NA,NA,NA,NA
"DE119",NA,NA,NA,NA,NA
"DE11A",NA,NA,NA,NA,NA
"DE11B",NA,NA,NA,NA,NA
"DE11C",NA,NA,NA,NA,NA
"DE11D",NA,NA,NA,NA,NA
"DE12",NA,NA,NA,NA,NA
"DE121",NA,NA,NA,NA,NA
"DE122",NA,NA,NA,NA,NA
"DE123",NA,NA,NA,NA,NA
"DE124",NA,NA,NA,NA,NA
"DE125",NA,NA,NA,NA,NA
"DE126",NA,NA,NA,NA,NA
"DE127",NA,NA,NA,NA,NA
"DE128",NA,NA,NA,NA,NA
"DE129",NA,NA,NA,NA,NA
"DE12A",NA,NA,NA,NA,NA
"DE12B",NA,NA,NA,NA,NA
"DE12C",NA,NA,NA,NA,NA
"DE13",NA,NA,NA,NA,NA
"DE131",NA,NA,NA,NA,NA
"DE132",NA,NA,NA,NA,NA
"DE133",NA,NA,NA,NA,NA
"DE134",NA,NA,NA,NA,NA
"DE135",NA,NA,NA,NA,NA
"DE136",NA,NA,NA,NA,NA
"DE214",NA,NA,NA,NA,NA
"DE215",NA,NA,NA,NA,NA
"DE216",NA,NA,NA,NA,NA
"DE217",NA,NA,NA,NA,NA
"DE218",NA,NA,NA,NA,NA
"DE219",NA,NA,NA,NA,NA
"DE21A",NA,NA,NA,NA,NA
"DE21B",NA,NA,NA,NA,NA
"DE21C",NA,NA,NA,NA,NA
"DE21D",NA,NA,NA,NA,NA
"DE21E",NA,NA,NA,NA,NA
"DE21F",NA,NA,NA,NA,NA
"DE21G",NA,NA,NA,NA,NA
"DE21H",NA,NA,NA,NA,NA
"DE21I",NA,NA,NA,NA,NA
"DE21J",NA,NA,NA,NA,NA
"DE21K",NA,NA,NA,NA,NA
"DE21L",NA,NA,NA,NA,NA
"DE21M",NA,NA,NA,NA,NA
"DE21N",NA,NA,NA,NA,NA
"DE22",NA,NA,NA,NA,NA
"DE221",NA,NA,NA,NA,NA
"DE222",NA,NA,NA,NA,NA
"DE223",NA,NA,NA,NA,NA
"DE224",NA,NA,NA,NA,NA
"DE225",NA,NA,NA,NA,NA
"DE226",NA,NA,NA,NA,NA
"DE227",NA,NA,NA,NA,NA
"DE228",NA,NA,NA,NA,NA
"DE229",NA,NA,NA,NA,NA
"DE22A",NA,NA,NA,NA,NA
"DE22B",NA,NA,NA,NA,NA
"DE22C",NA,NA,NA,NA,NA
"DE23",NA,NA,NA,NA,NA
"DE231",NA,NA,NA,NA,NA
"DE232",NA,NA,NA,NA,NA
"DE233",NA,NA,NA,NA,NA
"DE234",NA,NA,NA,NA,NA
"DE235",NA,NA,NA,NA,NA
"DE236",NA,NA,NA,NA,NA
"DE237",NA,NA,NA,NA,NA
"DE238",NA,NA,NA,NA,NA
"DE239",NA,NA,NA,NA,NA
"DE23A",NA,NA,NA,NA,NA
"DE24",NA,NA,NA,NA,NA
"DE241",NA,NA,NA,NA,NA
"DE242",NA,NA,NA,NA,NA
"DE243",NA,NA,NA,NA,NA
"DE244",NA,NA,NA,NA,NA
"DE245",NA,NA,NA,NA,NA
"DE246",NA,NA,NA,NA,NA
"DE247",NA,NA,NA,NA,NA
"DE248",NA,NA,NA,NA,NA
"DE249",NA,NA,NA,NA,NA
"DE24A",NA,NA,NA,NA,NA
"DE24B",NA,NA,NA,NA,NA
"DE24C",NA,NA,NA,NA,NA
"DE24D",NA,NA,NA,NA,NA
"DE25",NA,NA,NA,NA,NA
"DE251",NA,NA,NA,NA,NA
"DE252",NA,NA,NA,NA,NA
"DE253",NA,NA,NA,NA,NA
"DE254",NA,NA,NA,NA,NA
"DE255",NA,NA,NA,NA,NA
"DE256",NA,NA,NA,NA,NA
"DE257",NA,NA,NA,NA,NA
"DE258",NA,NA,NA,NA,NA
"DE259",NA,NA,NA,NA,NA
"DE25A",NA,NA,NA,NA,NA
"DE25B",NA,NA,NA,NA,NA
"DE25C",NA,NA,NA,NA,NA
"DE26",NA,NA,NA,NA,NA
"DE261",NA,NA,NA,NA,NA
"DE262",NA,NA,NA,NA,NA
"DE263",NA,NA,NA,NA,NA
"DE264",NA,NA,NA,NA,NA
"DE265",NA,NA,NA,NA,NA
"DE266",NA,NA,NA,NA,NA
"DE267",NA,NA,NA,NA,NA
"DE268",NA,NA,NA,NA,NA
"DE269",NA,NA,NA,NA,NA
"DE26A",NA,NA,NA,NA,NA
"DE26B",NA,NA,NA,NA,NA
"DE26C",NA,NA,NA,NA,NA
"DE137",NA,NA,NA,NA,NA
"DE138",NA,NA,NA,NA,NA
"DE139",NA,NA,NA,NA,NA
"DE13A",NA,NA,NA,NA,NA
"DE14",NA,NA,NA,NA,NA
"DE141",NA,NA,NA,NA,NA
"DE142",NA,NA,NA,NA,NA
"DE143",NA,NA,NA,NA,NA
"DE144",NA,NA,NA,NA,NA
"DE145",NA,NA,NA,NA,NA
"DE146",NA,NA,NA,NA,NA
"DE147",NA,NA,NA,NA,NA
"DE148",NA,NA,NA,NA,NA
"DE149",NA,NA,NA,NA,NA
"DE2",NA,NA,NA,NA,NA
"DE21",NA,NA,NA,NA,NA
"DE211",NA,NA,NA,NA,NA
"DE212",NA,NA,NA,NA,NA
"DE213",NA,NA,NA,NA,NA
"DE80O",NA,NA,NA,NA,NA
"DE9",NA,NA,NA,NA,NA
"DE91",NA,NA,NA,NA,NA
"DE911",NA,NA,NA,NA,NA
"DE912",NA,NA,NA,NA,NA
"DE913",NA,NA,NA,NA,NA
"DE914",NA,NA,NA,NA,NA
"DE915",NA,NA,NA,NA,NA
"DE916",NA,NA,NA,NA,NA
"DE917",NA,NA,NA,NA,NA
"DE918",NA,NA,NA,NA,NA
"DE919",NA,NA,NA,NA,NA
"DE91A",NA,NA,NA,NA,NA
"DE91B",NA,NA,NA,NA,NA
"DE92",NA,NA,NA,NA,NA
"DE922",NA,NA,NA,NA,NA
"DE923",NA,NA,NA,NA,NA
"DE925",NA,NA,NA,NA,NA
"DE926",NA,NA,NA,NA,NA
"DE927",NA,NA,NA,NA,NA
"DE928",NA,NA,NA,NA,NA
"DE929",NA,NA,NA,NA,NA
"DE93",NA,NA,NA,NA,NA
"DE931",NA,NA,NA,NA,NA
"DE932",NA,NA,NA,NA,NA
"DE933",NA,NA,NA,NA,NA
"DE934",NA,NA,NA,NA,NA
"DE935",NA,NA,NA,NA,NA
"DE936",NA,NA,NA,NA,NA
"DE937",NA,NA,NA,NA,NA
"DE938",NA,NA,NA,NA,NA
"DE939",NA,NA,NA,NA,NA
"DE93A",NA,NA,NA,NA,NA
"DE93B",NA,NA,NA,NA,NA
"DE94",NA,NA,NA,NA,NA
"DE941",NA,NA,NA,NA,NA
"DE942",NA,NA,NA,NA,NA
"DE943",NA,NA,NA,NA,NA
"DE944",NA,NA,NA,NA,NA
"DE945",NA,NA,NA,NA,NA
"DE946",NA,NA,NA,NA,NA
"DE947",NA,NA,NA,NA,NA
"DE948",NA,NA,NA,NA,NA
"DE949",NA,NA,NA,NA,NA
"DE94A",NA,NA,NA,NA,NA
"DE94B",NA,NA,NA,NA,NA
"DE94C",NA,NA,NA,NA,NA
"DE94D",NA,NA,NA,NA,NA
"DE94E",NA,NA,NA,NA,NA
"DE94F",NA,NA,NA,NA,NA
"DE94G",NA,NA,NA,NA,NA
"DE94H",NA,NA,NA,NA,NA
"DEA",NA,NA,NA,NA,NA
"DEA1",NA,NA,NA,NA,NA
"DEA11",NA,NA,NA,NA,NA
"DEA12",NA,NA,NA,NA,NA
"DEA13",NA,NA,NA,NA,NA
"DEA14",NA,NA,NA,NA,NA
"DEA15",NA,NA,NA,NA,NA
"DEA16",NA,NA,NA,NA,NA
"DEA17",NA,NA,NA,NA,NA
"DEA18",NA,NA,NA,NA,NA
"DEA19",NA,NA,NA,NA,NA
"DEA1A",NA,NA,NA,NA,NA
"DEA1B",NA,NA,NA,NA,NA
"DEA1C",NA,NA,NA,NA,NA
"DEA1D",NA,NA,NA,NA,NA
"DEA1E",NA,NA,NA,NA,NA
"DE27",NA,NA,NA,NA,NA
"DE271",NA,NA,NA,NA,NA
"DE272",NA,NA,NA,NA,NA
"DE273",NA,NA,NA,NA,NA
"DE274",NA,NA,NA,NA,NA
"DE275",NA,NA,NA,NA,NA
"DE276",NA,NA,NA,NA,NA
"DE277",NA,NA,NA,NA,NA
"DE278",NA,NA,NA,NA,NA
"DE279",NA,NA,NA,NA,NA
"DE27A",NA,NA,NA,NA,NA
"DE27B",NA,NA,NA,NA,NA
"DE27C",NA,NA,NA,NA,NA
"DE27D",NA,NA,NA,NA,NA
"DE27E",NA,NA,NA,NA,NA
"DE3",NA,NA,NA,NA,NA
"DE30",0.66,0.13,NA,NA,NA
"DE300",NA,NA,NA,NA,NA
"DE4",NA,NA,NA,NA,NA
"DE40",NA,NA,NA,NA,NA
"DE401",NA,NA,NA,NA,NA
"DE402",NA,NA,NA,NA,NA
"DE403",NA,NA,NA,NA,NA
"DE404",NA,NA,NA,NA,NA
"DE405",NA,NA,NA,NA,NA
"DE406",NA,NA,NA,NA,NA
"DE407",NA,NA,NA,NA,NA
"DE408",NA,NA,NA,NA,NA
"DE409",NA,NA,NA,NA,NA
"DE40A",NA,NA,NA,NA,NA
"DE40B",NA,NA,NA,NA,NA
"DE40C",NA,NA,NA,NA,NA
"DE40D",NA,NA,NA,NA,NA
"DE40E",NA,NA,NA,NA,NA
"DE40F",NA,NA,NA,NA,NA
"DE40G",NA,NA,NA,NA,NA
"DE40H",NA,NA,NA,NA,NA
"DE40I",NA,NA,NA,NA,NA
"DE5",NA,NA,NA,NA,NA
"DE50",10.34,3.64,NA,NA,NA
"DE501",NA,NA,NA,NA,NA
"DE502",NA,NA,NA,NA,NA
"DE6",NA,NA,NA,NA,NA
"DE60",6.13,0.95,NA,NA,NA
"DE600",NA,NA,NA,NA,NA
"DE7",NA,NA,NA,NA,NA
"DE71",NA,NA,NA,NA,NA
"DE711",NA,NA,NA,NA,NA
"DE712",NA,NA,NA,NA,NA
"DE713",NA,NA,NA,NA,NA
"DE714",NA,NA,NA,NA,NA
"DE715",NA,NA,NA,NA,NA
"DE716",NA,NA,NA,NA,NA
"DE717",NA,NA,NA,NA,NA
"DE718",NA,NA,NA,NA,NA
"DE719",NA,NA,NA,NA,NA
"DE71A",NA,NA,NA,NA,NA
"DE71B",NA,NA,NA,NA,NA
"DE71C",NA,NA,NA,NA,NA
"DE71D",NA,NA,NA,NA,NA
"DE71E",NA,NA,NA,NA,NA
"DE72",NA,NA,NA,NA,NA
"DE721",NA,NA,NA,NA,NA
"DE722",NA,NA,NA,NA,NA
"DE723",NA,NA,NA,NA,NA
"DE724",NA,NA,NA,NA,NA
"DE725",NA,NA,NA,NA,NA
"DE73",NA,NA,NA,NA,NA
"DE731",NA,NA,NA,NA,NA
"DE732",NA,NA,NA,NA,NA
"DE733",NA,NA,NA,NA,NA
"DE734",NA,NA,NA,NA,NA
"DE735",NA,NA,NA,NA,NA
"DE736",NA,NA,NA,NA,NA
"DE737",NA,NA,NA,NA,NA
"DE8",NA,NA,NA,NA,NA
"DE80",551.62,172.33,NA,NA,NA
"DE803",NA,NA,NA,NA,NA
"DE804",NA,NA,NA,NA,NA
"DE80J",NA,NA,NA,NA,NA
"DE80K",NA,NA,NA,NA,NA
"DE80L",NA,NA,NA,NA,NA
"DE80M",NA,NA,NA,NA,NA
"DE80N",NA,NA,NA,NA,NA
"DEA1F",NA,NA,NA,NA,NA
"DEA2",NA,NA,NA,NA,NA
"DEA22",NA,NA,NA,NA,NA
"DEA23",NA,NA,NA,NA,NA
"DEA24",NA,NA,NA,NA,NA
"DEA26",NA,NA,NA,NA,NA
"DEA27",NA,NA,NA,NA,NA
"DEA28",NA,NA,NA,NA,NA
"DEA29",NA,NA,NA,NA,NA
"DEA2A",NA,NA,NA,NA,NA
"DEA2B",NA,NA,NA,NA,NA
"DEA2C",NA,NA,NA,NA,NA
"DEA2D",NA,NA,NA,NA,NA
"DEA3",NA,NA,NA,NA,NA
"DEA31",NA,NA,NA,NA,NA
"DEA32",NA,NA,NA,NA,NA
"DEA33",NA,NA,NA,NA,NA
"DEA34",NA,NA,NA,NA,NA
"DEA35",NA,NA,NA,NA,NA
"DEA36",NA,NA,NA,NA,NA
"DEA37",NA,NA,NA,NA,NA
"DEA38",NA,NA,NA,NA,NA
"DEA4",NA,NA,NA,NA,NA
"DEA41",NA,NA,NA,NA,NA
"DEA42",NA,NA,NA,NA,NA
"DEA43",NA,NA,NA,NA,NA
"DEB17",NA,NA,NA,NA,NA
"DEB18",NA,NA,NA,NA,NA
"DEB19",NA,NA,NA,NA,NA
"DEB1A",NA,NA,NA,NA,NA
"DEB1B",NA,NA,NA,NA,NA
"DEB2",NA,NA,NA,NA,NA
"DEB21",NA,NA,NA,NA,NA
"DEB22",NA,NA,NA,NA,NA
"DEB23",NA,NA,NA,NA,NA
"DEB24",NA,NA,NA,NA,NA
"DEB25",NA,NA,NA,NA,NA
"DEB3",NA,NA,NA,NA,NA
"DEB31",NA,NA,NA,NA,NA
"DEB32",NA,NA,NA,NA,NA
"DEB33",NA,NA,NA,NA,NA
"DEB34",NA,NA,NA,NA,NA
"DEB35",NA,NA,NA,NA,NA
"DEB36",NA,NA,NA,NA,NA
"DEB37",NA,NA,NA,NA,NA
"DEB38",NA,NA,NA,NA,NA
"DEB39",NA,NA,NA,NA,NA
"DEB3A",NA,NA,NA,NA,NA
"DEB3B",NA,NA,NA,NA,NA
"DEB3C",NA,NA,NA,NA,NA
"DEB3D",NA,NA,NA,NA,NA
"DEB3E",NA,NA,NA,NA,NA
"DEB3F",NA,NA,NA,NA,NA
"DEB3G",NA,NA,NA,NA,NA
"DEB3H",NA,NA,NA,NA,NA
"DEB3I",NA,NA,NA,NA,NA
"DEB3J",NA,NA,NA,NA,NA
"DEB3K",NA,NA,NA,NA,NA
"DEC",NA,NA,NA,NA,NA
"DEC0",NA,NA,NA,NA,NA
"DEC01",NA,NA,NA,NA,NA
"DEC02",NA,NA,NA,NA,NA
"DEC03",NA,NA,NA,NA,NA
"DEC04",NA,NA,NA,NA,NA
"DEC05",NA,NA,NA,NA,NA
"DEC06",NA,NA,NA,NA,NA
"DED",NA,NA,NA,NA,NA
"DED2",NA,NA,NA,NA,NA
"DED21",NA,NA,NA,NA,NA
"DED2C",NA,NA,NA,NA,NA
"DED2D",NA,NA,NA,NA,NA
"DED2E",NA,NA,NA,NA,NA
"DED2F",NA,NA,NA,NA,NA
"DED4",NA,NA,NA,NA,NA
"DED41",NA,NA,NA,NA,NA
"DED42",NA,NA,NA,NA,NA
"DED43",NA,NA,NA,NA,NA
"DED44",NA,NA,NA,NA,NA
"DED45",NA,NA,NA,NA,NA
"DED5",NA,NA,NA,NA,NA
"DED51",NA,NA,NA,NA,NA
"DED52",NA,NA,NA,NA,NA
"DED53",NA,NA,NA,NA,NA
"DEE",NA,NA,NA,NA,NA
"DEE0",342.86,123.19,NA,NA,NA
"DEE01",NA,NA,NA,NA,NA
"DEE02",NA,NA,NA,NA,NA
"DEE03",NA,NA,NA,NA,NA
"DEE04",NA,NA,NA,NA,NA
"DEE05",NA,NA,NA,NA,NA
"DEE06",NA,NA,NA,NA,NA
"DEE07",NA,NA,NA,NA,NA
"DEE08",NA,NA,NA,NA,NA
"DEE09",NA,NA,NA,NA,NA
"DEE0A",NA,NA,NA,NA,NA
"DEE0B",NA,NA,NA,NA,NA
"DEE0C",NA,NA,NA,NA,NA
"DEE0D",NA,NA,NA,NA,NA
"DEE0E",NA,NA,NA,NA,NA
"DEF",NA,NA,NA,NA,NA
"DEF0",1137.38,373.46,NA,NA,NA
"DEF01",NA,NA,NA,NA,NA
"DEF02",NA,NA,NA,NA,NA
"DEF03",NA,NA,NA,NA,NA
"DEF04",NA,NA,NA,NA,NA
"DEF05",NA,NA,NA,NA,NA
"DEF06",NA,NA,NA,NA,NA
"DEF07",NA,NA,NA,NA,NA
"DEF08",NA,NA,NA,NA,NA
"DEF09",NA,NA,NA,NA,NA
"DEF0A",NA,NA,NA,NA,NA
"DEF0B",NA,NA,NA,NA,NA
"DEF0C",NA,NA,NA,NA,NA
"DEF0D",NA,NA,NA,NA,NA
"DEF0E",NA,NA,NA,NA,NA
"DEF0F",NA,NA,NA,NA,NA
"DEG",NA,NA,NA,NA,NA
"DEG0",346.65,109.23,NA,NA,NA
"DEG01",NA,NA,NA,NA,NA
"DEG02",NA,NA,NA,NA,NA
"DEG03",NA,NA,NA,NA,NA
"DEG04",NA,NA,NA,NA,NA
"DEG05",NA,NA,NA,NA,NA
"DEG06",NA,NA,NA,NA,NA
"DEG07",NA,NA,NA,NA,NA
"DEG09",NA,NA,NA,NA,NA
"DEG0A",NA,NA,NA,NA,NA
"DEG0B",NA,NA,NA,NA,NA
"DEG0C",NA,NA,NA,NA,NA
"DEG0D",NA,NA,NA,NA,NA
"DEG0E",NA,NA,NA,NA,NA
"DEG0F",NA,NA,NA,NA,NA
"DEG0G",NA,NA,NA,NA,NA
"DEG0H",NA,NA,NA,NA,NA
"DEA44",NA,NA,NA,NA,NA
"DEA45",NA,NA,NA,NA,NA
"DEA46",NA,NA,NA,NA,NA
"DEA47",NA,NA,NA,NA,NA
"DEA5",NA,NA,NA,NA,NA
"DEA51",NA,NA,NA,NA,NA
"DEA52",NA,NA,NA,NA,NA
"DEA53",NA,NA,NA,NA,NA
"DEA54",NA,NA,NA,NA,NA
"DEA55",NA,NA,NA,NA,NA
"DEA56",NA,NA,NA,NA,NA
"DEA57",NA,NA,NA,NA,NA
"DEA58",NA,NA,NA,NA,NA
"DEA59",NA,NA,NA,NA,NA
"DEA5A",NA,NA,NA,NA,NA
"DEA5B",NA,NA,NA,NA,NA
"DEA5C",NA,NA,NA,NA,NA
"DEB",NA,NA,NA,NA,NA
"DEB1",NA,NA,NA,NA,NA
"DEB11",NA,NA,NA,NA,NA
"DEB12",NA,NA,NA,NA,NA
"DEB13",NA,NA,NA,NA,NA
"DEB14",NA,NA,NA,NA,NA
"DEB15",NA,NA,NA,NA,NA
"DEB16",NA,NA,NA,NA,NA
"DK032",NA,NA,NA,NA,NA
"DK04",489.75,169.375,4447.125,NA,NA
"DK041",NA,NA,NA,NA,NA
"DK042",NA,NA,NA,NA,NA
"DK05",373.25,134.125,2712.5,NA,NA
"DK050",NA,NA,NA,NA,NA
"EE",NA,NA,NA,NA,NA
"EE0",NA,NA,NA,NA,NA
"EE00",250.35,92.9875,336.425,85.9,5
"EE001",NA,NA,NA,NA,NA
"DEG0I",NA,NA,NA,NA,NA
"DEG0J",NA,NA,NA,NA,NA
"DEG0K",NA,NA,NA,NA,NA
"DEG0L",NA,NA,NA,NA,NA
"DEG0M",NA,NA,NA,NA,NA
"DEG0N",NA,NA,NA,NA,NA
"DEG0P",NA,NA,NA,NA,NA
"DK",NA,NA,NA,NA,NA
"DK0",NA,NA,NA,NA,NA
"DK01",30,9.125,288.375,NA,NA
"DK011",NA,NA,NA,NA,NA
"DK012",NA,NA,NA,NA,NA
"DK013",NA,NA,NA,NA,NA
"DK014",NA,NA,NA,NA,NA
"DK02",81,20.5,1270.375,NA,NA
"DK021",NA,NA,NA,NA,NA
"DK022",NA,NA,NA,NA,NA
"DK03",609.25,236.125,3815.625,NA,NA
"DK031",NA,NA,NA,NA,NA
"EE004",NA,NA,NA,NA,NA
"EE006",NA,NA,NA,NA,NA
"EE007",NA,NA,NA,NA,NA
"EE008",NA,NA,NA,NA,NA
"EL3",NA,NA,NA,NA,NA
"EL30",3.3625,1.6,5.225,83.025,39.2625
"EL301",NA,NA,NA,NA,NA
"EL302",NA,NA,NA,NA,NA
"EL303",NA,NA,NA,NA,NA
"EL",NA,NA,NA,NA,NA
"EL421",NA,NA,NA,NA,NA
"EL42",17.3875,4.9375,14.9125,183.575,231.7375
"EL422",NA,NA,NA,NA,NA
"EL304",NA,NA,NA,NA,NA
"EL305",NA,NA,NA,NA,NA
"EL306",NA,NA,NA,NA,NA
"EL307",NA,NA,NA,NA,NA
"EL4",NA,NA,NA,NA,NA
"EL41",8.7625,0.5375,8.2125,444.85,105.3625
"EL411",NA,NA,NA,NA,NA
"EL412",NA,NA,NA,NA,NA
"EL413",NA,NA,NA,NA,NA
"EL631",NA,NA,NA,NA,NA
"EL632",NA,NA,NA,NA,NA
"EL633",NA,NA,NA,NA,NA
"EL64",30.075,3.95,88.6875,555.8,369.85
"EL641",NA,NA,NA,NA,NA
"EL642",NA,NA,NA,NA,NA
"EL643",NA,NA,NA,NA,NA
"EL644",NA,NA,NA,NA,NA
"EL645",NA,NA,NA,NA,NA
"EL65",16.3875,1.6,80.125,503.525,479.6125
"EL651",NA,NA,NA,NA,NA
"EL652",NA,NA,NA,NA,NA
"EL653",NA,NA,NA,NA,NA
"FI200",NA,NA,NA,NA,NA
"EL43",2.0875,0.2,53.775,1838.45,603.7
"EL431",NA,NA,NA,NA,NA
"EL432",NA,NA,NA,NA,NA
"EL433",NA,NA,NA,NA,NA
"EL434",NA,NA,NA,NA,NA
"EL5",NA,NA,NA,NA,NA
"EL51",101.425,17.525,85.4875,624.0375,422.7125
"EL511",NA,NA,NA,NA,NA
"EL512",NA,NA,NA,NA,NA
"EL513",NA,NA,NA,NA,NA
"EL514",NA,NA,NA,NA,NA
"EL515",NA,NA,NA,NA,NA
"EL52",172.7125,57.9,120.7,896.6875,519.175
"EL521",NA,NA,NA,NA,NA
"EL522",NA,NA,NA,NA,NA
"EL523",NA,NA,NA,NA,NA
"EL524",NA,NA,NA,NA,NA
"EL525",NA,NA,NA,NA,NA
"EL526",NA,NA,NA,NA,NA
"EL527",NA,NA,NA,NA,NA
"EL53",39.9875,10.6,21.375,411.025,164.2625
"EL531",NA,NA,NA,NA,NA
"EL532",NA,NA,NA,NA,NA
"EL533",NA,NA,NA,NA,NA
"EL54",60.1,4.4125,166.4625,751.55,189.8625
"EL541",NA,NA,NA,NA,NA
"EL542",NA,NA,NA,NA,NA
"EL543",NA,NA,NA,NA,NA
"EL6",NA,NA,NA,NA,NA
"EL61",112.325,13.625,186.8875,1216.3875,424
"EL611",NA,NA,NA,NA,NA
"EL612",NA,NA,NA,NA,NA
"EL613",NA,NA,NA,NA,NA
"EL62",5.1125,0.142857142857143,3.4875,130.25,126.4125
"EL621",NA,NA,NA,NA,NA
"EL622",NA,NA,NA,NA,NA
"EL623",NA,NA,NA,NA,NA
"EL624",NA,NA,NA,NA,NA
"EL63",59.15,5.475,129.975,1500.3,486.525
"ES",NA,NA,NA,NA,NA
"ES1",NA,NA,NA,NA,NA
"ES120",NA,NA,NA,NA,NA
"ES13",277.74625,47.37875,2.04375,60.255,24.54875
"ES130",NA,NA,NA,NA,NA
"ES2",NA,NA,NA,NA,NA
"ES21",141.0925,20.92125,24.535,277.21875,28.16125
"ES211",NA,NA,NA,NA,NA
"ES212",NA,NA,NA,NA,NA
"ES213",NA,NA,NA,NA,NA
"ES22",113.70875,23.65125,557.01875,544.23625,12.315
"ES220",NA,NA,NA,NA,NA
"ES23",40.1225,1.9875,95.95875,116.98,12.7425
"ES230",NA,NA,NA,NA,NA
"ES24",315.00625,14.20625,6389.335,1851.2075,58.72625
"ES241",NA,NA,NA,NA,NA
"ES242",NA,NA,NA,NA,NA
"ES243",NA,NA,NA,NA,NA
"ES3",NA,NA,NA,NA,NA
"ES30",93.4025,6.685,17.195,100.09,28.10375
"ES300",NA,NA,NA,NA,NA
"ES4",NA,NA,NA,NA,NA
"ES41",1302.11,96.48125,3607.08125,3176.70625,145.71875
"ES411",NA,NA,NA,NA,NA
"ES412",NA,NA,NA,NA,NA
"ES413",NA,NA,NA,NA,NA
"ES414",NA,NA,NA,NA,NA
"ES415",NA,NA,NA,NA,NA
"ES416",NA,NA,NA,NA,NA
"ES417",NA,NA,NA,NA,NA
"ES418",NA,NA,NA,NA,NA
"ES419",NA,NA,NA,NA,NA
"ES42",382.85625,25.40875,1470.86125,2511.40625,472.82125
"ES421",NA,NA,NA,NA,NA
"ES422",NA,NA,NA,NA,NA
"ES423",NA,NA,NA,NA,NA
"ES424",NA,NA,NA,NA,NA
"ES425",NA,NA,NA,NA,NA
"ES43",791.21,3.6725,1161.53625,3424.02,277.16875
"ES431",NA,NA,NA,NA,NA
"ES432",NA,NA,NA,NA,NA
"FI2",NA,NA,NA,NA,NA
"FI20",8.26125,1.9275,0,NA,NA
"ES11",943.5875,357.24625,1078.3425,195.19375,47.34
"ES111",NA,NA,NA,NA,NA
"ES112",NA,NA,NA,NA,NA
"ES113",NA,NA,NA,NA,NA
"ES114",NA,NA,NA,NA,NA
"ES12",392.055,74.4175,13.5525,53.38375,30.87875
"FI",NA,NA,NA,NA,NA
"ES5",NA,NA,NA,NA,NA
"ES51",586.0725,73.93125,7213.82,564.72,74.73625
"ES511",NA,NA,NA,NA,NA
"ES512",NA,NA,NA,NA,NA
"ES513",NA,NA,NA,NA,NA
"ES514",NA,NA,NA,NA,NA
"ES52",51.58375,5.64375,1086.1675,323.75,75.365
"ES521",NA,NA,NA,NA,NA
"ES522",NA,NA,NA,NA,NA
"ES523",NA,NA,NA,NA,NA
"ES53",27.92125,11.50875,57.66,315.1525,14.3725
"ES531",NA,NA,NA,NA,NA
"ES532",NA,NA,NA,NA,NA
"ES533",NA,NA,NA,NA,NA
"ES6",NA,NA,NA,NA,NA
"ES61",531.30125,56.545,2252.1475,2273.56125,1023.1275
"ES611",NA,NA,NA,NA,NA
"ES612",NA,NA,NA,NA,NA
"ES613",NA,NA,NA,NA,NA
"ES614",NA,NA,NA,NA,NA
"ES615",NA,NA,NA,NA,NA
"ES616",NA,NA,NA,NA,NA
"ES617",NA,NA,NA,NA,NA
"ES618",NA,NA,NA,NA,NA
"ES62",68.705,7.67625,1841.1475,563.245,198.87375
"ES620",NA,NA,NA,NA,NA
"ES63",0,0,0,0,0
"ES630",NA,NA,NA,NA,NA
"ES64",0,0,0,0,0
"ES640",NA,NA,NA,NA,NA
"ES7",NA,NA,NA,NA,NA
"ES70",19.07375,6.41875,61.16875,73.44125,287.3325
"ES703",NA,NA,NA,NA,NA
"ES704",NA,NA,NA,NA,NA
"ES705",NA,NA,NA,NA,NA
"ES706",NA,NA,NA,NA,NA
"ES707",NA,NA,NA,NA,NA
"ES708",NA,NA,NA,NA,NA
"ES709",NA,NA,NA,NA,NA
"FI1D6",NA,NA,NA,NA,NA
"FI1D7",NA,NA,NA,NA,NA
"FI1",NA,NA,NA,NA,NA
"FI19",289.84875,83.18875,638.575,NA,NA
"FI193",NA,NA,NA,NA,NA
"FI194",NA,NA,NA,NA,NA
"FI195",NA,NA,NA,NA,NA
"FI196",NA,NA,NA,NA,NA
"FI197",NA,NA,NA,NA,NA
"FI1C",116.90875,36.525,453.3875,NA,NA
"FI1C1",NA,NA,NA,NA,NA
"FI1C2",NA,NA,NA,NA,NA
"FI1C3",NA,NA,NA,NA,NA
"FI1C4",NA,NA,NA,NA,NA
"FI1C5",NA,NA,NA,NA,NA
"FI1D",461.2625,150.065,117.15,NA,NA
"FI1D1",NA,NA,NA,NA,NA
"FI1D2",NA,NA,NA,NA,NA
"FI1D3",NA,NA,NA,NA,NA
"FI1D4",NA,NA,NA,NA,NA
"FI1D5",NA,NA,NA,NA,NA
"FI1B",22.33625,8.1375,31.425,NA,NA
"FI1B1",NA,NA,NA,NA,NA
"FR262",NA,NA,NA,NA,NA
"FR263",NA,NA,NA,NA,NA
"FR264",NA,NA,NA,NA,NA
"FR3",NA,NA,NA,NA,NA
"FR30",702,188,479.5,46.5,2
"FR301",NA,NA,NA,NA,NA
"FR302",NA,NA,NA,NA,NA
"FR4",NA,NA,NA,NA,NA
"FR41",936.485714285714,184.472857142857,90.2857142857143,224.164285714286,5.28571428571429
"FR411",NA,NA,NA,NA,NA
"FR412",NA,NA,NA,NA,NA
"FR413",NA,NA,NA,NA,NA
"FR414",NA,NA,NA,NA,NA
"FR42",168.542857142857,45.3057142857143,98.1428571428571,34.9442857142857,4.14285714285714
"FR421",NA,NA,NA,NA,NA
"FR422",NA,NA,NA,NA,NA
"FR43",618.457142857143,202.615714285714,111.857142857143,58.7028571428571,5.14285714285714
"FR431",NA,NA,NA,NA,NA
"FR432",NA,NA,NA,NA,NA
"FR433",NA,NA,NA,NA,NA
"FR434",NA,NA,NA,NA,NA
"FR51",2533.97142857143,518.977142857143,1578.57142857143,139.701428571429,153.285714285714
"FR511",NA,NA,NA,NA,NA
"FR5",NA,NA,NA,NA,NA
"FR512",NA,NA,NA,NA,NA
"FR513",NA,NA,NA,NA,NA
"FR514",NA,NA,NA,NA,NA
"FR515",NA,NA,NA,NA,NA
"FR",NA,NA,NA,NA,NA
"FR1",NA,NA,NA,NA,NA
"FR10",28.1975,6.1325,7.5,10.3975,2.125
"FR101",NA,NA,NA,NA,NA
"FR102",NA,NA,NA,NA,NA
"FR103",NA,NA,NA,NA,NA
"FR104",NA,NA,NA,NA,NA
"FR105",NA,NA,NA,NA,NA
"FR106",NA,NA,NA,NA,NA
"FR107",NA,NA,NA,NA,NA
"FR108",NA,NA,NA,NA,NA
"FR2",NA,NA,NA,NA,NA
"FR21",596.671428571429,97.2585714285714,189.428571428571,126.492857142857,1
"FR211",NA,NA,NA,NA,NA
"FR212",NA,NA,NA,NA,NA
"FR213",NA,NA,NA,NA,NA
"FR214",NA,NA,NA,NA,NA
"FR22",527.142857142857,123.017142857143,119.571428571429,94.2028571428571,1.42857142857143
"FR221",NA,NA,NA,NA,NA
"FR222",NA,NA,NA,NA,NA
"FR223",NA,NA,NA,NA,NA
"FR23",598.642857142857,129.758571428571,162.714285714286,71.8157142857143,2.42857142857143
"FR231",NA,NA,NA,NA,NA
"FR232",NA,NA,NA,NA,NA
"FR24",617.542857142857,62.6014285714286,333.142857142857,191.148571428571,137.857142857143
"FR241",NA,NA,NA,NA,NA
"FR242",NA,NA,NA,NA,NA
"FR243",NA,NA,NA,NA,NA
"FR244",NA,NA,NA,NA,NA
"FR245",NA,NA,NA,NA,NA
"FR246",NA,NA,NA,NA,NA
"FR25",1609.22857142857,444.508571428571,572.285714285714,105.504285714286,4.85714285714286
"FR251",NA,NA,NA,NA,NA
"FR252",NA,NA,NA,NA,NA
"FR253",NA,NA,NA,NA,NA
"FR26",1351.24285714286,57.4657142857143,130.142857142857,239.474285714286,36.4285714285714
"FR261",NA,NA,NA,NA,NA
"FR52",2037.71428571429,740.02,7643.71428571429,77.4242857142857,29.2857142857143
"FR521",NA,NA,NA,NA,NA
"FR522",NA,NA,NA,NA,NA
"FR523",NA,NA,NA,NA,NA
"FR61",709.971428571429,94.57,388.714285714286,757.175714285714,49.4285714285714
"FR611",NA,NA,NA,NA,NA
"FR612",NA,NA,NA,NA,NA
"FR613",NA,NA,NA,NA,NA
"FR614",NA,NA,NA,NA,NA
"FR615",NA,NA,NA,NA,NA
"FR62",1224.72857142857,134.881428571429,413.571428571429,1960.68,137.571428571429
"FR621",NA,NA,NA,NA,NA
"FR622",NA,NA,NA,NA,NA
"FR623",NA,NA,NA,NA,NA
"FR624",NA,NA,NA,NA,NA
"FR625",NA,NA,NA,NA,NA
"FR626",NA,NA,NA,NA,NA
"FR627",NA,NA,NA,NA,NA
"FR628",NA,NA,NA,NA,NA
"FR63",1091.82857142857,33.1585714285714,132.571428571429,467.794285714286,22.1428571428571
"FR631",NA,NA,NA,NA,NA
"FR632",NA,NA,NA,NA,NA
"FR633",NA,NA,NA,NA,NA
"FR7",NA,NA,NA,NA,NA
"FR71",1017.07142857143,267.655714285714,304.857142857143,385.615714285714,140.571428571429
"FR711",NA,NA,NA,NA,NA
"FR712",NA,NA,NA,NA,NA
"FR713",NA,NA,NA,NA,NA
"FR714",NA,NA,NA,NA,NA
"FR715",NA,NA,NA,NA,NA
"FR716",NA,NA,NA,NA,NA
"FR717",NA,NA,NA,NA,NA
"FR718",NA,NA,NA,NA,NA
"FR72",1595.54285714286,223.904285714286,233.285714285714,507.907142857143,31.8571428571429
"FR721",NA,NA,NA,NA,NA
"FR722",NA,NA,NA,NA,NA
"FR723",NA,NA,NA,NA,NA
"FR724",NA,NA,NA,NA,NA
"FR8",NA,NA,NA,NA,NA
"FR81",215.185714285714,19.3228571428571,28.4285714285714,326.978571428571,24.7142857142857
"FR811",NA,NA,NA,NA,NA
"FR812",NA,NA,NA,NA,NA
"FR813",NA,NA,NA,NA,NA
"FR814",NA,NA,NA,NA,NA
"FR815",NA,NA,NA,NA,NA
"FR82",67.8714285714286,7.56714285714286,22.7142857142857,833.447142857143,33.1428571428571
"FR821",NA,NA,NA,NA,NA
"FR822",NA,NA,NA,NA,NA
"FR823",NA,NA,NA,NA,NA
"FR824",NA,NA,NA,NA,NA
"FR825",NA,NA,NA,NA,NA
"FR826",NA,NA,NA,NA,NA
"FR524",NA,NA,NA,NA,NA
"FR53",762.342857142857,89.8342857142857,376.571428571429,583.971428571429,406.285714285714
"FR531",NA,NA,NA,NA,NA
"FR532",NA,NA,NA,NA,NA
"FR533",NA,NA,NA,NA,NA
"FR534",NA,NA,NA,NA,NA
"FR6",NA,NA,NA,NA,NA
"HR033",NA,NA,NA,NA,NA
"HR034",NA,NA,NA,NA,NA
"HR035",NA,NA,NA,NA,NA
"HR036",NA,NA,NA,NA,NA
"HR037",NA,NA,NA,NA,NA
"HR04",410.55,136.475,1132.25,259.425,31
"HR041",NA,NA,NA,NA,NA
"HR042",NA,NA,NA,NA,NA
"HR043",NA,NA,NA,NA,NA
"HR044",NA,NA,NA,NA,NA
"HR045",NA,NA,NA,NA,NA
"HR046",NA,NA,NA,NA,NA
"HR047",NA,NA,NA,NA,NA
"HR048",NA,NA,NA,NA,NA
"HR049",NA,NA,NA,NA,NA
"HR04A",NA,NA,NA,NA,NA
"HR04B",NA,NA,NA,NA,NA
"HR04C",NA,NA,NA,NA,NA
"HR04D",NA,NA,NA,NA,NA
"HR04E",NA,NA,NA,NA,NA
"HU",NA,NA,NA,NA,NA
"HU1",NA,NA,NA,NA,NA
"HU10",67.625,18,158.375,71.25,8
"HU101",NA,NA,NA,NA,NA
"HU102",NA,NA,NA,NA,NA
"HU2",NA,NA,NA,NA,NA
"HU21",96.375,31.625,294.75,97.375,7.375
"HU211",NA,NA,NA,NA,NA
"HU212",NA,NA,NA,NA,NA
"HU213",NA,NA,NA,NA,NA
"HU22",107.875,36.125,260.75,26.75,7
"HU221",NA,NA,NA,NA,NA
"HU222",NA,NA,NA,NA,NA
"HU223",NA,NA,NA,NA,NA
"HU23",92.875,27.25,558.75,92.875,9.75
"HU231",NA,NA,NA,NA,NA
"HU232",NA,NA,NA,NA,NA
"HU233",NA,NA,NA,NA,NA
"FR83",65.2142857142857,0.0214285714285714,20.7142857142857,110.215714285714,36.4285714285714
"FR831",NA,NA,NA,NA,NA
"FR832",NA,NA,NA,NA,NA
"FRA",NA,NA,NA,NA,NA
"FRA1",46.3333333333333,0,15,1,9.66666666666667
"FRA10",NA,NA,NA,NA,NA
"FRA2",37.4857142857143,0.08,10.4285714285714,10.5457142857143,4.14285714285714
"FRA20",NA,NA,NA,NA,NA
"FRA3",18.0142857142857,0.89,5,1.02142857142857,2
"FRA30",NA,NA,NA,NA,NA
"FRA4",30.1285714285714,3.02857142857143,67.1428571428571,2.19142857142857,16.1428571428571
"FRA40",NA,NA,NA,NA,NA
"FRA5",20,0,0,NA,NA
"FRA50",NA,NA,NA,NA,NA
"HR031",NA,NA,NA,NA,NA
"HR032",NA,NA,NA,NA,NA
"HR",NA,NA,NA,NA,NA
"HR0",NA,NA,NA,NA,NA
"HR03",37.325,15.65,53.8871428571429,348.433333333333,35.4166666666667
"HU3",NA,NA,NA,NA,NA
"HU31",69,17.5,132.25,91,10.125
"HU311",NA,NA,NA,NA,NA
"HU312",NA,NA,NA,NA,NA
"HU313",NA,NA,NA,NA,NA
"HU32",183.625,61.5,811.625,453.875,18.25
"HU321",NA,NA,NA,NA,NA
"HU322",NA,NA,NA,NA,NA
"HU323",NA,NA,NA,NA,NA
"HU33",167,57.125,814.25,337,16.375
"HU331",NA,NA,NA,NA,NA
"IE",NA,NA,NA,NA,NA
"IE0",NA,NA,NA,NA,NA
"IE01",2395.57,229.811428571429,728.581428571429,1827.64142857143,0
"IE011",NA,NA,NA,NA,NA
"IE012",NA,NA,NA,NA,NA
"IE013",NA,NA,NA,NA,NA
"IE02",3845.00428571429,891.347142857143,774.848571428571,1498.88285714286,0
"IE021",NA,NA,NA,NA,NA
"IE022",NA,NA,NA,NA,NA
"IE023",NA,NA,NA,NA,NA
"IE024",NA,NA,NA,NA,NA
"IE025",NA,NA,NA,NA,NA
"HU332",NA,NA,NA,NA,NA
"HU333",NA,NA,NA,NA,NA
"IT",NA,NA,NA,NA,NA
"ITC",NA,NA,NA,NA,NA
"ITC1",797.2,173.2825,1023.95625,107.835,66.48
"ITC11",NA,NA,NA,NA,NA
"ITC12",NA,NA,NA,NA,NA
"ITC13",NA,NA,NA,NA,NA
"ITC14",NA,NA,NA,NA,NA
"ITC15",NA,NA,NA,NA,NA
"ITC16",NA,NA,NA,NA,NA
"ITC17",NA,NA,NA,NA,NA
"ITC18",NA,NA,NA,NA,NA
"ITC2",35.40625,17.89625,0.40125,2.0525,5.09625
"ITC20",NA,NA,NA,NA,NA
"ITC3",15.74125,2.9475,1.73875,15.925,8.4675
"ITC31",NA,NA,NA,NA,NA
"ITC32",NA,NA,NA,NA,NA
"ITC33",NA,NA,NA,NA,NA
"ITC34",NA,NA,NA,NA,NA
"ITC4",1460.01125,493.10875,4053.7625,105.80875,90.06
"ITC41",NA,NA,NA,NA,NA
"ITC42",NA,NA,NA,NA,NA
"ITC43",NA,NA,NA,NA,NA
"ITC44",NA,NA,NA,NA,NA
"ITC46",NA,NA,NA,NA,NA
"ITC47",NA,NA,NA,NA,NA
"ITC48",NA,NA,NA,NA,NA
"ITC49",NA,NA,NA,NA,NA
"ITC4A",NA,NA,NA,NA,NA
"ITC4B",NA,NA,NA,NA,NA
"ITC4C",NA,NA,NA,NA,NA
"ITC4D",NA,NA,NA,NA,NA
"ITF",NA,NA,NA,NA,NA
"ITF1",67.29625,21.83375,100.44875,231.88125,20.15125
"ITF11",NA,NA,NA,NA,NA
"IS",NA,NA,NA,NA,NA
"IS0",NA,NA,NA,NA,NA
"IS00",75.7142857142857,26.0857142857143,36.9571428571429,470.62,1
"IS001",NA,NA,NA,NA,NA
"ITF12",NA,NA,NA,NA,NA
"ITF13",NA,NA,NA,NA,NA
"IS002",NA,NA,NA,NA,NA
"SE2",NA,NA,NA,NA,NA
"TR62",NA,NA,NA,NA,NA
"TR621",NA,NA,NA,NA,NA
"TR622",NA,NA,NA,NA,NA
"TR63",NA,NA,NA,NA,NA
"TR631",NA,NA,NA,NA,NA
"TR632",NA,NA,NA,NA,NA
"TR633",NA,NA,NA,NA,NA
"TR7",NA,NA,NA,NA,NA
"TR71",NA,NA,NA,NA,NA
"TR711",NA,NA,NA,NA,NA
"SE21",388.785,97.82375,147.04625,158.87625,0
"SE211",NA,NA,NA,NA,NA
"SE212",NA,NA,NA,NA,NA
"SE213",NA,NA,NA,NA,NA
"UK",NA,NA,NA,NA,NA
"UKC",NA,NA,NA,NA,NA
"UKC1",NA,NA,NA,NA,NA
"UKC11",NA,NA,NA,NA,NA
"UKC12",NA,NA,NA,NA,NA
"UKC13",NA,NA,NA,NA,NA
"UKC14",NA,NA,NA,NA,NA
"UKC2",NA,NA,NA,NA,NA
"UKC21",NA,NA,NA,NA,NA
"UKC22",NA,NA,NA,NA,NA
"UKC23",NA,NA,NA,NA,NA
"UKD",NA,NA,NA,NA,NA
"UKD1",NA,NA,NA,NA,NA
"SE214",NA,NA,NA,NA,NA
"SE22",226.7875,43.155,434.3475,82.33875,0
"SE221",NA,NA,NA,NA,NA
"SE224",NA,NA,NA,NA,NA
"SE23",336.245,83.9075,424.92125,110.335,0
"UKD45",NA,NA,NA,NA,NA
"UKD46",NA,NA,NA,NA,NA
"UKD47",NA,NA,NA,NA,NA
"UKD6",NA,NA,NA,NA,NA
"UKD61",NA,NA,NA,NA,NA
"UKD62",NA,NA,NA,NA,NA
"UKD63",NA,NA,NA,NA,NA
"UKD7",NA,NA,NA,NA,NA
"UKD71",NA,NA,NA,NA,NA
"UKD72",NA,NA,NA,NA,NA
"UKD73",NA,NA,NA,NA,NA
"UKD74",NA,NA,NA,NA,NA
"UKE",NA,NA,NA,NA,NA
"UKE1",NA,NA,NA,NA,NA
"UKE11",NA,NA,NA,NA,NA
"UKE12",NA,NA,NA,NA,NA
"UKE13",NA,NA,NA,NA,NA
"UKE2",NA,NA,NA,NA,NA
"UKE21",NA,NA,NA,NA,NA
"UKE22",NA,NA,NA,NA,NA
"UKE3",NA,NA,NA,NA,NA
"UKE31",NA,NA,NA,NA,NA
"UKE32",NA,NA,NA,NA,NA
"UKE4",NA,NA,NA,NA,NA
"UKE41",NA,NA,NA,NA,NA
"UKE42",NA,NA,NA,NA,NA
"UKE44",NA,NA,NA,NA,NA
"UKE45",NA,NA,NA,NA,NA
"UKF",NA,NA,NA,NA,NA
"UKF1",NA,NA,NA,NA,NA
"UKF11",NA,NA,NA,NA,NA
"UKF12",NA,NA,NA,NA,NA
"UKF13",NA,NA,NA,NA,NA
"UKF14",NA,NA,NA,NA,NA
"UKF15",NA,NA,NA,NA,NA
"UKF16",NA,NA,NA,NA,NA
"UKF2",NA,NA,NA,NA,NA
"UKF21",NA,NA,NA,NA,NA
"UKF22",NA,NA,NA,NA,NA
"UKF24",NA,NA,NA,NA,NA
"UKF25",NA,NA,NA,NA,NA
"UKF3",NA,NA,NA,NA,NA
"UKF30",NA,NA,NA,NA,NA
"UKG",NA,NA,NA,NA,NA
"UKG1",NA,NA,NA,NA,NA
"UKG11",NA,NA,NA,NA,NA
"UKG12",NA,NA,NA,NA,NA
"UKG13",NA,NA,NA,NA,NA
"UKG2",NA,NA,NA,NA,NA
"UKG21",NA,NA,NA,NA,NA
"UKG22",NA,NA,NA,NA,NA
"UKG23",NA,NA,NA,NA,NA
"UKG24",NA,NA,NA,NA,NA
"UKG3",NA,NA,NA,NA,NA
"UKG31",NA,NA,NA,NA,NA
"UKG32",NA,NA,NA,NA,NA
"UKG33",NA,NA,NA,NA,NA
"UKG36",NA,NA,NA,NA,NA
"UKG37",NA,NA,NA,NA,NA
"UKG38",NA,NA,NA,NA,NA
"UKG39",NA,NA,NA,NA,NA
"UKH",NA,NA,NA,NA,NA
"UKH1",NA,NA,NA,NA,NA
"UKH11",NA,NA,NA,NA,NA
"UKH12",NA,NA,NA,NA,NA
"UKH14",NA,NA,NA,NA,NA
"UKH15",NA,NA,NA,NA,NA
"UKH16",NA,NA,NA,NA,NA
"UKH17",NA,NA,NA,NA,NA
"UKH2",NA,NA,NA,NA,NA
"UKH21",NA,NA,NA,NA,NA
"UKH23",NA,NA,NA,NA,NA
"UKH24",NA,NA,NA,NA,NA
"UKH25",NA,NA,NA,NA,NA
"UKH3",NA,NA,NA,NA,NA
"UKH31",NA,NA,NA,NA,NA
"UKH32",NA,NA,NA,NA,NA
"UKH34",NA,NA,NA,NA,NA
"UKH35",NA,NA,NA,NA,NA
"UKH36",NA,NA,NA,NA,NA
"UKH37",NA,NA,NA,NA,NA
"UKI",NA,NA,NA,NA,NA
"UKI3",NA,NA,NA,NA,NA
"UKI31",NA,NA,NA,NA,NA
"UKI32",NA,NA,NA,NA,NA
"UKI33",NA,NA,NA,NA,NA
"UKI34",NA,NA,NA,NA,NA
"UKI4",NA,NA,NA,NA,NA
"UKI41",NA,NA,NA,NA,NA
"UKI42",NA,NA,NA,NA,NA
"UKI43",NA,NA,NA,NA,NA
"UKI44",NA,NA,NA,NA,NA
"UKI45",NA,NA,NA,NA,NA
"UKI5",NA,NA,NA,NA,NA
"UKI51",NA,NA,NA,NA,NA
"UKI52",NA,NA,NA,NA,NA
"UKI53",NA,NA,NA,NA,NA
"UKI54",NA,NA,NA,NA,NA
"UKI6",NA,NA,NA,NA,NA
"UKI61",NA,NA,NA,NA,NA
"UKI62",NA,NA,NA,NA,NA
"UKI63",NA,NA,NA,NA,NA
"UKI7",NA,NA,NA,NA,NA
"UKI71",NA,NA,NA,NA,NA
"UKI72",NA,NA,NA,NA,NA
"UKI73",NA,NA,NA,NA,NA
"UKI74",NA,NA,NA,NA,NA
"UKI75",NA,NA,NA,NA,NA
"UKJ",NA,NA,NA,NA,NA
"UKJ1",NA,NA,NA,NA,NA
"UKJ11",NA,NA,NA,NA,NA
"UKJ12",NA,NA,NA,NA,NA
"UKJ13",NA,NA,NA,NA,NA
"UKJ14",NA,NA,NA,NA,NA
"UKJ2",NA,NA,NA,NA,NA
"UKJ21",NA,NA,NA,NA,NA
"UKJ22",NA,NA,NA,NA,NA
"UKJ25",NA,NA,NA,NA,NA
"UKJ26",NA,NA,NA,NA,NA
"UKJ27",NA,NA,NA,NA,NA
"UKJ28",NA,NA,NA,NA,NA
"UKJ3",NA,NA,NA,NA,NA
"UKJ31",NA,NA,NA,NA,NA
"UKJ32",NA,NA,NA,NA,NA
"UKJ34",NA,NA,NA,NA,NA
"UKJ35",NA,NA,NA,NA,NA
"UKJ36",NA,NA,NA,NA,NA
"UKJ37",NA,NA,NA,NA,NA
"UKJ4",NA,NA,NA,NA,NA
"UKJ41",NA,NA,NA,NA,NA
"UKJ43",NA,NA,NA,NA,NA
"UKJ44",NA,NA,NA,NA,NA
"UKJ45",NA,NA,NA,NA,NA
"UKJ46",NA,NA,NA,NA,NA
"UKK",NA,NA,NA,NA,NA
"UKK1",NA,NA,NA,NA,NA
"UKK11",NA,NA,NA,NA,NA
"UKK12",NA,NA,NA,NA,NA
"UKK13",NA,NA,NA,NA,NA
"UKK14",NA,NA,NA,NA,NA
"UKK15",NA,NA,NA,NA,NA
"UKK2",NA,NA,NA,NA,NA
"UKK21",NA,NA,NA,NA,NA
"UKK22",NA,NA,NA,NA,NA
"UKK23",NA,NA,NA,NA,NA
"UKK3",NA,NA,NA,NA,NA
"UKK30",NA,NA,NA,NA,NA
"UKK4",NA,NA,NA,NA,NA
"UKK41",NA,NA,NA,NA,NA
"UKK42",NA,NA,NA,NA,NA
"UKK43",NA,NA,NA,NA,NA
"UKL",NA,NA,NA,NA,NA
"UKL1",NA,NA,NA,NA,NA
"UKL11",NA,NA,NA,NA,NA
"UKL12",NA,NA,NA,NA,NA
"UKL13",NA,NA,NA,NA,NA
"UKL14",NA,NA,NA,NA,NA
"UKL15",NA,NA,NA,NA,NA
"UKL16",NA,NA,NA,NA,NA
"UKL17",NA,NA,NA,NA,NA
"UKL18",NA,NA,NA,NA,NA
"UKL2",NA,NA,NA,NA,NA
"UKL21",NA,NA,NA,NA,NA
"UKL22",NA,NA,NA,NA,NA
"UKL23",NA,NA,NA,NA,NA
"UKL24",NA,NA,NA,NA,NA
"UKM21",NA,NA,NA,NA,NA
"UKM22",NA,NA,NA,NA,NA
"UKM23",NA,NA,NA,NA,NA
"UKM24",NA,NA,NA,NA,NA
"UKM25",NA,NA,NA,NA,NA
"UKM26",NA,NA,NA,NA,NA
"UKM27",NA,NA,NA,NA,NA
"UKM28",NA,NA,NA,NA,NA
"UKM32",NA,NA,NA,NA,NA
"UKM33",NA,NA,NA,NA,NA
"UKM34",NA,NA,NA,NA,NA
"UKM35",NA,NA,NA,NA,NA
"UKM36",NA,NA,NA,NA,NA
"UKM37",NA,NA,NA,NA,NA
"UKM38",NA,NA,NA,NA,NA
"UKM50",NA,NA,NA,NA,NA
"UKM64",NA,NA,NA,NA,NA
"UKM65",NA,NA,NA,NA,NA
"UKM66",NA,NA,NA,NA,NA
"UKN",NA,NA,NA,NA,NA
"UKN0",1589.875,295.25,489.25,1311.375,3.75
"UKN01",NA,NA,NA,NA,NA
"UKN02",NA,NA,NA,NA,NA
"UKN03",NA,NA,NA,NA,NA
"UKN04",NA,NA,NA,NA,NA
"UKN05",NA,NA,NA,NA,NA
"UKM31",NA,NA,NA,NA,NA
"UKM62",NA,NA,NA,NA,NA
"UKM61",NA,NA,NA,NA,NA
"UKM2",NA,NA,NA,NA,NA
"UKM3",NA,NA,NA,NA,NA
"UKM5",NA,NA,NA,NA,NA
"UKM63",NA,NA,NA,NA,NA
"UKM",NA,NA,NA,NA,NA
"UKM6",NA,NA,NA,NA,NA
"RO411",NA,NA,NA,NA,NA
"RO412",NA,NA,NA,NA,NA
"RO413",NA,NA,NA,NA,NA
"RO414",NA,NA,NA,NA,NA
"RO415",NA,NA,NA,NA,NA
"RO42",154.8,92.475,943.2875,1399.2625,65.05
"RO421",NA,NA,NA,NA,NA
"RO422",NA,NA,NA,NA,NA
"RO423",NA,NA,NA,NA,NA
"RO424",NA,NA,NA,NA,NA
"SE231",NA,NA,NA,NA,NA
"SE232",NA,NA,NA,NA,NA
"SE3",NA,NA,NA,NA,NA
"SE31",117.72125,22.3225,57.1075,51.4025,0
"SE311",NA,NA,NA,NA,NA
"SE312",NA,NA,NA,NA,NA
"TR",NA,NA,NA,NA,NA
"TR1",NA,NA,NA,NA,NA
"TR10",NA,NA,NA,NA,NA
"TR100",NA,NA,NA,NA,NA
"TR712",NA,NA,NA,NA,NA
"TR713",NA,NA,NA,NA,NA
"TR714",NA,NA,NA,NA,NA
"TR715",NA,NA,NA,NA,NA
"TR72",NA,NA,NA,NA,NA
"TR721",NA,NA,NA,NA,NA
"TR722",NA,NA,NA,NA,NA
"TR723",NA,NA,NA,NA,NA
"TR8",NA,NA,NA,NA,NA
"TR81",NA,NA,NA,NA,NA
"TR811",NA,NA,NA,NA,NA
"TR812",NA,NA,NA,NA,NA
"TR813",NA,NA,NA,NA,NA
"TR2",NA,NA,NA,NA,NA
"TR21",NA,NA,NA,NA,NA
"TR211",NA,NA,NA,NA,NA
"TR212",NA,NA,NA,NA,NA
"TR213",NA,NA,NA,NA,NA
"TR22",NA,NA,NA,NA,NA
"TR82",NA,NA,NA,NA,NA
"TR821",NA,NA,NA,NA,NA
"TR822",NA,NA,NA,NA,NA
"TR823",NA,NA,NA,NA,NA
"TR83",NA,NA,NA,NA,NA
"TR831",NA,NA,NA,NA,NA
"TR832",NA,NA,NA,NA,NA
"TR833",NA,NA,NA,NA,NA
"TR834",NA,NA,NA,NA,NA
"TR9",NA,NA,NA,NA,NA
"SE313",NA,NA,NA,NA,NA
"SE32",57.33875,14.59625,6.58,19.06625,0
"SE321",NA,NA,NA,NA,NA
"TR221",NA,NA,NA,NA,NA
"TR222",NA,NA,NA,NA,NA
"TR3",NA,NA,NA,NA,NA
"TR90",NA,NA,NA,NA,NA
"TR901",NA,NA,NA,NA,NA
"TR902",NA,NA,NA,NA,NA
"TR903",NA,NA,NA,NA,NA
"TR904",NA,NA,NA,NA,NA
"TR905",NA,NA,NA,NA,NA
"TR906",NA,NA,NA,NA,NA
"TRA",NA,NA,NA,NA,NA
"TRA1",NA,NA,NA,NA,NA
"TRA11",NA,NA,NA,NA,NA
"TRA12",NA,NA,NA,NA,NA
"SE",NA,NA,NA,NA,NA
"SE322",NA,NA,NA,NA,NA
"SE33",57.12,19.61,24.3875,18.4225,0
"SE331",NA,NA,NA,NA,NA
"TR31",NA,NA,NA,NA,NA
"TR310",NA,NA,NA,NA,NA
"TR32",NA,NA,NA,NA,NA
"TR321",NA,NA,NA,NA,NA
"TR322",NA,NA,NA,NA,NA
"TRA13",NA,NA,NA,NA,NA
"TRA2",NA,NA,NA,NA,NA
"TRA21",NA,NA,NA,NA,NA
"TRA22",NA,NA,NA,NA,NA
"TRA23",NA,NA,NA,NA,NA
"TRA24",NA,NA,NA,NA,NA
"TRB",NA,NA,NA,NA,NA
"TRB1",NA,NA,NA,NA,NA
"TRB11",NA,NA,NA,NA,NA
"TRB12",NA,NA,NA,NA,NA
"TRB13",NA,NA,NA,NA,NA
"TRB14",NA,NA,NA,NA,NA
"SE1",NA,NA,NA,NA,NA
"SE332",NA,NA,NA,NA,NA
"SI",NA,NA,NA,NA,NA
"SI0",NA,NA,NA,NA,NA
"SI03",327.0075,75.69875,253.64,NA,NA
"SI031",NA,NA,NA,NA,NA
"SI032",NA,NA,NA,NA,NA
"SI033",NA,NA,NA,NA,NA
"SI034",NA,NA,NA,NA,NA
"SI035",NA,NA,NA,NA,NA
"SI036",NA,NA,NA,NA,NA
"SI037",NA,NA,NA,NA,NA
"TR323",NA,NA,NA,NA,NA
"TR33",NA,NA,NA,NA,NA
"TR331",NA,NA,NA,NA,NA
"TR332",NA,NA,NA,NA,NA
"TR333",NA,NA,NA,NA,NA
"TR334",NA,NA,NA,NA,NA
"TR4",NA,NA,NA,NA,NA
"TR41",NA,NA,NA,NA,NA
"TRB2",NA,NA,NA,NA,NA
"TRB21",NA,NA,NA,NA,NA
"TRB22",NA,NA,NA,NA,NA
"TRB23",NA,NA,NA,NA,NA
"TRB24",NA,NA,NA,NA,NA
"TRC",NA,NA,NA,NA,NA
"TRC1",NA,NA,NA,NA,NA
"TRC11",NA,NA,NA,NA,NA
"TRC12",NA,NA,NA,NA,NA
"TRC13",NA,NA,NA,NA,NA
"TRC2",NA,NA,NA,NA,NA
"TRC21",NA,NA,NA,NA,NA
"TRC22",NA,NA,NA,NA,NA
"TRC3",NA,NA,NA,NA,NA
"SE11",16.95375,3.3025,12.495,21.3975,0
"SE110",NA,NA,NA,NA,NA
"SI038",NA,NA,NA,NA,NA
"SI04",144.6975,33.86125,46.785,NA,NA
"SI041",NA,NA,NA,NA,NA
"SI042",NA,NA,NA,NA,NA
"SI043",NA,NA,NA,NA,NA
"SI044",NA,NA,NA,NA,NA
"SK",NA,NA,NA,NA,NA
"SK0",NA,NA,NA,NA,NA
"SK01",13.8925,5.26875,23.9625,0.86,0.63125
"SK010",NA,NA,NA,NA,NA
"SK02",175.84625,63.97625,419.13125,47.14375,9.4475
"SK021",NA,NA,NA,NA,NA
"SK022",NA,NA,NA,NA,NA
"SK023",NA,NA,NA,NA,NA
"TR411",NA,NA,NA,NA,NA
"TR412",NA,NA,NA,NA,NA
"TR413",NA,NA,NA,NA,NA
"TR42",NA,NA,NA,NA,NA
"TR421",NA,NA,NA,NA,NA
"TR422",NA,NA,NA,NA,NA
"TR423",NA,NA,NA,NA,NA
"TR424",NA,NA,NA,NA,NA
"TR425",NA,NA,NA,NA,NA
"TR5",NA,NA,NA,NA,NA
"TR51",NA,NA,NA,NA,NA
"TR510",NA,NA,NA,NA,NA
"TR52",NA,NA,NA,NA,NA
"TRC31",NA,NA,NA,NA,NA
"TRC32",NA,NA,NA,NA,NA
"TRC33",NA,NA,NA,NA,NA
"TRC34",NA,NA,NA,NA,NA
"SE12",243.6025,54.975,291.88125,128.85375,0
"SE121",NA,NA,NA,NA,NA
"SE122",NA,NA,NA,NA,NA
"SE123",NA,NA,NA,NA,NA
"SE124",NA,NA,NA,NA,NA
"SE125",NA,NA,NA,NA,NA
"SK03",141.505,43.70375,86.255,216.5025,15.36375
"SK031",NA,NA,NA,NA,NA
"SK032",NA,NA,NA,NA,NA
"SK04",128.56375,31.1525,97.07625,123.58125,10.125
"SK041",NA,NA,NA,NA,NA
"SK042",NA,NA,NA,NA,NA
"UKD11",NA,NA,NA,NA,NA
"UKD12",NA,NA,NA,NA,NA
"UKD3",NA,NA,NA,NA,NA
"UKD33",NA,NA,NA,NA,NA
"UKD34",NA,NA,NA,NA,NA
"UKD35",NA,NA,NA,NA,NA
"UKD36",NA,NA,NA,NA,NA
"UKD37",NA,NA,NA,NA,NA
"UKD4",NA,NA,NA,NA,NA
"UKD41",NA,NA,NA,NA,NA
"UKD42",NA,NA,NA,NA,NA
"UKD44",NA,NA,NA,NA,NA
"TR521",NA,NA,NA,NA,NA
"TR522",NA,NA,NA,NA,NA
"TR6",NA,NA,NA,NA,NA
"TR61",NA,NA,NA,NA,NA
"TR611",NA,NA,NA,NA,NA
"TR612",NA,NA,NA,NA,NA
"TR613",NA,NA,NA,NA,NA
"ITI42",NA,NA,NA,NA,NA
"ITI43",NA,NA,NA,NA,NA
"ITI44",NA,NA,NA,NA,NA
"ITI45",NA,NA,NA,NA,NA
"LI",NA,NA,NA,NA,NA
"LI0",NA,NA,NA,NA,NA
"LI00",NA,NA,NA,NA,NA
"LI000",NA,NA,NA,NA,NA
"LT",NA,NA,NA,NA,NA
"LT0",NA,NA,NA,NA,NA
"LT00",721.6875,316.1375,744.95,113.2,14.0875
"NO043",NA,NA,NA,NA,NA
"NO052",NA,NA,NA,NA,NA
"NO053",NA,NA,NA,NA,NA
"NO06",NA,NA,NA,NA,NA
"NO073",NA,NA,NA,NA,NA
"PL218",NA,NA,NA,NA,NA
"PL219",NA,NA,NA,NA,NA
"PL21A",NA,NA,NA,NA,NA
"PL22",116.5375,43.6025,257.58125,11.24,10.9033333333333
"PL224",NA,NA,NA,NA,NA
"PL225",NA,NA,NA,NA,NA
"PL227",NA,NA,NA,NA,NA
"PL228",NA,NA,NA,NA,NA
"PL229",NA,NA,NA,NA,NA
"PL22A",NA,NA,NA,NA,NA
"PL22B",NA,NA,NA,NA,NA
"PL22C",NA,NA,NA,NA,NA
"PL3",NA,NA,NA,NA,NA
"PL31",357.284285714286,147.315714285714,658.434285714286,13.4533333333333,10.2
"PL311",NA,NA,NA,NA,NA
"PL312",NA,NA,NA,NA,NA
"PL314",NA,NA,NA,NA,NA
"PL315",NA,NA,NA,NA,NA
"PL32",92.7385714285714,57.12,179.381428571429,15.8033333333333,12.5
"PL323",NA,NA,NA,NA,NA
"PL324",NA,NA,NA,NA,NA
"PL325",NA,NA,NA,NA,NA
"PL326",NA,NA,NA,NA,NA
"PL33",161.941428571429,63.4542857142857,252.961428571429,2.68333333333333,5.79666666666667
"PL331",NA,NA,NA,NA,NA
"PL332",NA,NA,NA,NA,NA
"PL34",925.35,436.987142857143,388.25,18.66,4.16
"PL343",NA,NA,NA,NA,NA
"PL344",NA,NA,NA,NA,NA
"NO061",NA,NA,NA,NA,NA
"NO062",NA,NA,NA,NA,NA
"NO05",NA,NA,NA,NA,NA
"PL345",NA,NA,NA,NA,NA
"PL4",NA,NA,NA,NA,NA
"PL41",899.44,263.46375,4041.11625,22.1666666666667,13.2433333333333
"PL411",NA,NA,NA,NA,NA
"PL414",NA,NA,NA,NA,NA
"PL415",NA,NA,NA,NA,NA
"PL416",NA,NA,NA,NA,NA
"PL417",NA,NA,NA,NA,NA
"PL418",NA,NA,NA,NA,NA
"PL42",94.56,26.74125,300.2575,5.94,2.58
"PL424",NA,NA,NA,NA,NA
"PL426",NA,NA,NA,NA,NA
"PL427",NA,NA,NA,NA,NA
"PL428",NA,NA,NA,NA,NA
"PL43",69.61375,16.50625,154.53625,4.21333333333333,2.59
"PL431",NA,NA,NA,NA,NA
"PL432",NA,NA,NA,NA,NA
"PL5",NA,NA,NA,NA,NA
"PL51",97.5225,31.03875,228.175,8.56333333333333,6.49
"PL514",NA,NA,NA,NA,NA
"PL515",NA,NA,NA,NA,NA
"PL516",NA,NA,NA,NA,NA
"NO051",NA,NA,NA,NA,NA
"PL517",NA,NA,NA,NA,NA
"PL518",NA,NA,NA,NA,NA
"PL52",116.025,41.74625,458.4375,2.13666666666667,2.07333333333333
"PL523",NA,NA,NA,NA,NA
"PL524",NA,NA,NA,NA,NA
"PL6",NA,NA,NA,NA,NA
"PL61",471.54875,152.5975,1345.23125,14.34,2.71666666666667
"PL613",NA,NA,NA,NA,NA
"PL616",NA,NA,NA,NA,NA
"PL617",NA,NA,NA,NA,NA
"PL618",NA,NA,NA,NA,NA
"PL619",NA,NA,NA,NA,NA
"PL62",425.81125,178.2925,531.45875,7.96666666666667,4.67
"PL621",NA,NA,NA,NA,NA
"PL622",NA,NA,NA,NA,NA
"PL623",NA,NA,NA,NA,NA
"PL63",194.09625,61.87625,761.1125,12.3466666666667,3.08333333333333
"PL633",NA,NA,NA,NA,NA
"PL634",NA,NA,NA,NA,NA
"PL636",NA,NA,NA,NA,NA
"PL637",NA,NA,NA,NA,NA
"PL638",NA,NA,NA,NA,NA
"NO072",NA,NA,NA,NA,NA
"PT",NA,NA,NA,NA,NA
"PT1",NA,NA,NA,NA,NA
"PT11",325.055,83.09375,63.475,338.66375,96.44375
"PT111",NA,NA,NA,NA,NA
"PT112",NA,NA,NA,NA,NA
"PT119",NA,NA,NA,NA,NA
"PT11A",NA,NA,NA,NA,NA
"PT11B",NA,NA,NA,NA,NA
"PT11C",NA,NA,NA,NA,NA
"PT11D",NA,NA,NA,NA,NA
"PT11E",NA,NA,NA,NA,NA
"PT15",9.59625,0.07125,21.5225,43.5575,15.11375
"PT150",NA,NA,NA,NA,NA
"PT16",192.68625,31.26875,847.62125,502.1,132.4825
"PT16B",NA,NA,NA,NA,NA
"PT16D",NA,NA,NA,NA,NA
"PT16E",NA,NA,NA,NA,NA
"PT16F",NA,NA,NA,NA,NA
"PT16G",NA,NA,NA,NA,NA
"PT16H",NA,NA,NA,NA,NA
"PT16I",NA,NA,NA,NA,NA
"PT16J",NA,NA,NA,NA,NA
"PT17",60.055,7.65125,194.8925,47.235,8.24375
"PT170",NA,NA,NA,NA,NA
"PT18",694.25,25.71625,910.515,1199.78625,118.615
"PT181",NA,NA,NA,NA,NA
"PT184",NA,NA,NA,NA,NA
"PT185",NA,NA,NA,NA,NA
"PT186",NA,NA,NA,NA,NA
"PT187",NA,NA,NA,NA,NA
"PT2",NA,NA,NA,NA,NA
"PT20",270.2075,90.31125,32.4975,3.52,7.2625
"PT200",NA,NA,NA,NA,NA
"PT3",NA,NA,NA,NA,NA
"PT30",4.32625,0.29625,8.4275,4.03625,6.33375
"PT300",NA,NA,NA,NA,NA
"NO07",NA,NA,NA,NA,NA
"PL",NA,NA,NA,NA,NA
"PL1",NA,NA,NA,NA,NA
"PL11",454.921428571429,194.724285714286,1049.93571428571,13.5966666666667,5.88
"PL113",NA,NA,NA,NA,NA
"PL114",NA,NA,NA,NA,NA
"PL115",NA,NA,NA,NA,NA
"PL116",NA,NA,NA,NA,NA
"PL117",NA,NA,NA,NA,NA
"RO",NA,NA,NA,NA,NA
"RO1",NA,NA,NA,NA,NA
"RO11",358.975,216.875,656.875,1506.7875,101.1875
"RO111",NA,NA,NA,NA,NA
"RO112",NA,NA,NA,NA,NA
"RO113",NA,NA,NA,NA,NA
"RO114",NA,NA,NA,NA,NA
"RO115",NA,NA,NA,NA,NA
"RO116",NA,NA,NA,NA,NA
"RO12",328.725,200.1875,486.0125,2060.4875,121.925
"RO121",NA,NA,NA,NA,NA
"RO122",NA,NA,NA,NA,NA
"RO123",NA,NA,NA,NA,NA
"RO124",NA,NA,NA,NA,NA
"RO125",NA,NA,NA,NA,NA
"RO126",NA,NA,NA,NA,NA
"RO2",NA,NA,NA,NA,NA
"RO21",516.525,280.1,535.2875,1335.8125,213.8625
"RO211",NA,NA,NA,NA,NA
"RO212",NA,NA,NA,NA,NA
"PL12",1031.20428571429,492.581428571429,1026.78714285714,5.80333333333333,6.47
"PL127",NA,NA,NA,NA,NA
"PL128",NA,NA,NA,NA,NA
"PL129",NA,NA,NA,NA,NA
"PL12A",NA,NA,NA,NA,NA
"PL12B",NA,NA,NA,NA,NA
"PL12C",NA,NA,NA,NA,NA
"PL12D",NA,NA,NA,NA,NA
"PL12E",NA,NA,NA,NA,NA
"PL2",NA,NA,NA,NA,NA
"PL21",172.095,89.42125,217.465,56.06,14.6
"PL213",NA,NA,NA,NA,NA
"PL214",NA,NA,NA,NA,NA
"PL217",NA,NA,NA,NA,NA
"RO213",NA,NA,NA,NA,NA
"RO214",NA,NA,NA,NA,NA
"RO215",NA,NA,NA,NA,NA
"RO216",NA,NA,NA,NA,NA
"RO22",236.225,123.5375,812.4125,1410.625,344.1875
"RO221",NA,NA,NA,NA,NA
"RO222",NA,NA,NA,NA,NA
"RO223",NA,NA,NA,NA,NA
"RO224",NA,NA,NA,NA,NA
"RO225",NA,NA,NA,NA,NA
"RO226",NA,NA,NA,NA,NA
"RO3",NA,NA,NA,NA,NA
"RO31",234.9875,146.4625,888.1125,876.5875,243.55
"RO311",NA,NA,NA,NA,NA
"RO312",NA,NA,NA,NA,NA
"RO313",NA,NA,NA,NA,NA
"RO314",NA,NA,NA,NA,NA
"RO315",NA,NA,NA,NA,NA
"RO316",NA,NA,NA,NA,NA
"RO317",NA,NA,NA,NA,NA
"RO32",7.3625,3.65,76.6,29.2625,11.3875
"RO321",NA,NA,NA,NA,NA
"RO322",NA,NA,NA,NA,NA
"RO4",NA,NA,NA,NA,NA
"RO41",192.85,113.125,637.525,644.325,261.275
"NO071",NA,NA,NA,NA,NA
"ITF14",NA,NA,NA,NA,NA
"ITF2",51.3425,18.165,31.7725,99.35625,8.9075
"ITF21",NA,NA,NA,NA,NA
"ITF22",NA,NA,NA,NA,NA
"ITF3",423.125,198.6875,108.02125,203.07125,43.5825
"ITF31",NA,NA,NA,NA,NA
"ITF32",NA,NA,NA,NA,NA
"ITF33",NA,NA,NA,NA,NA
"ITF34",NA,NA,NA,NA,NA
"ITF35",NA,NA,NA,NA,NA
"ITF4",209.61125,98.72375,32.555,249.52125,41.44
"ITF43",NA,NA,NA,NA,NA
"ITF44",NA,NA,NA,NA,NA
"ITF45",NA,NA,NA,NA,NA
"LT001",NA,NA,NA,NA,NA
"LT002",NA,NA,NA,NA,NA
"LT003",NA,NA,NA,NA,NA
"LT004",NA,NA,NA,NA,NA
"LT005",NA,NA,NA,NA,NA
"LT006",NA,NA,NA,NA,NA
"LT007",NA,NA,NA,NA,NA
"LT008",NA,NA,NA,NA,NA
"LT009",NA,NA,NA,NA,NA
"LT00A",NA,NA,NA,NA,NA
"LU",NA,NA,NA,NA,NA
"LU0",NA,NA,NA,NA,NA
"LU00",196.36375,47.96625,90.80125,8.23,4.665
"LU000",NA,NA,NA,NA,NA
"ITF46",NA,NA,NA,NA,NA
"ITF47",NA,NA,NA,NA,NA
"ITF48",NA,NA,NA,NA,NA
"ITF5",96.54,33.96625,81.92375,319.855,74.02625
"ITF51",NA,NA,NA,NA,NA
"ITF52",NA,NA,NA,NA,NA
"ITF6",117.39125,26.8075,83.08875,253.6825,131.10125
"ITF61",NA,NA,NA,NA,NA
"ITF62",NA,NA,NA,NA,NA
"ITF63",NA,NA,NA,NA,NA
"ITF64",NA,NA,NA,NA,NA
"ITF65",NA,NA,NA,NA,NA
"LV",NA,NA,NA,NA,NA
"LV0",NA,NA,NA,NA,NA
"LV00",402.3675,161.2975,353.52625,92.32625,12.97
"LV003",NA,NA,NA,NA,NA
"LV005",NA,NA,NA,NA,NA
"LV006",NA,NA,NA,NA,NA
"LV007",NA,NA,NA,NA,NA
"LV008",NA,NA,NA,NA,NA
"ITG",NA,NA,NA,NA,NA
"ITG1",338.04625,102.01375,35.97875,741.16375,132.2525
"ITG11",NA,NA,NA,NA,NA
"ITG12",NA,NA,NA,NA,NA
"ITG13",NA,NA,NA,NA,NA
"LV009",NA,NA,NA,NA,NA
"ME",NA,NA,NA,NA,NA
"ME0",NA,NA,NA,NA,NA
"ME00",89.3333333333333,61,27.7416666666667,196.333333333333,29.3333333333333
"ME000",NA,NA,NA,NA,NA
"MK",NA,NA,NA,NA,NA
"MK0",NA,NA,NA,NA,NA
"MK00",249,125.166666666667,180.666666666667,731,86.1666666666667
"ITG14",NA,NA,NA,NA,NA
"ITG15",NA,NA,NA,NA,NA
"ITG16",NA,NA,NA,NA,NA
"ITG17",NA,NA,NA,NA,NA
"ITG18",NA,NA,NA,NA,NA
"ITG19",NA,NA,NA,NA,NA
"ITG2",259.407142857143,58.415,170.635,3297.9075,221.75375
"ITG25",NA,NA,NA,NA,NA
"ITG26",NA,NA,NA,NA,NA
"ITG27",NA,NA,NA,NA,NA
"ITG28",NA,NA,NA,NA,NA
"MK001",NA,NA,NA,NA,NA
"MK002",NA,NA,NA,NA,NA
"MK003",NA,NA,NA,NA,NA
"MK004",NA,NA,NA,NA,NA
"MK005",NA,NA,NA,NA,NA
"MK006",NA,NA,NA,NA,NA
"MK007",NA,NA,NA,NA,NA
"MK008",NA,NA,NA,NA,NA
"MT",NA,NA,NA,NA,NA
"MT0",NA,NA,NA,NA,NA
"MT00",14.90875,6.35375,46.965,11.47125,4.9
"MT001",NA,NA,NA,NA,NA
"MT002",NA,NA,NA,NA,NA
"NL",NA,NA,NA,NA,NA
"ITG29",NA,NA,NA,NA,NA
"ITG2A",NA,NA,NA,NA,NA
"ITG2B",NA,NA,NA,NA,NA
"ITG2C",NA,NA,NA,NA,NA
"ITH",NA,NA,NA,NA,NA
"ITH1",156.02375,78.05375,9.32375,35.4925,17.5225
"ITH10",NA,NA,NA,NA,NA
"ITH2",45.37625,21.575,7.57125,35.31875,7.66
"ITH20",NA,NA,NA,NA,NA
"NL1",NA,NA,NA,NA,NA
"NL11",208.375,101.75,151.625,88.125,8.5
"NL111",NA,NA,NA,NA,NA
"NL112",NA,NA,NA,NA,NA
"NL113",NA,NA,NA,NA,NA
"NL12",560.875,291,98.125,193.25,17.75
"NL121",NA,NA,NA,NA,NA
"NL122",NA,NA,NA,NA,NA
"NL123",NA,NA,NA,NA,NA
"NL13",240.5,106.25,259.25,56.75,14.375
"NL131",NA,NA,NA,NA,NA
"NL132",NA,NA,NA,NA,NA
"NL133",NA,NA,NA,NA,NA
"NL2",NA,NA,NA,NA,NA
"NL21",645.125,261.125,1614.25,78.125,59.625
"NL211",NA,NA,NA,NA,NA
"NL212",NA,NA,NA,NA,NA
"NL213",NA,NA,NA,NA,NA
"NL22",928.25,244.5,1979.28571428571,149,91.625
"NL221",NA,NA,NA,NA,NA
"NL224",NA,NA,NA,NA,NA
"NO01",NA,NA,NA,NA,NA
"NO011",NA,NA,NA,NA,NA
"NO012",NA,NA,NA,NA,NA
"NO02",NA,NA,NA,NA,NA
"ITH3",847.81875,182.54875,701,43.275,14.3625
"ITH31",NA,NA,NA,NA,NA
"ITH32",NA,NA,NA,NA,NA
"ITH33",NA,NA,NA,NA,NA
"ITH34",NA,NA,NA,NA,NA
"ITH35",NA,NA,NA,NA,NA
"ITH36",NA,NA,NA,NA,NA
"ITH37",NA,NA,NA,NA,NA
"ITH4",104.61375,39.055,212.51625,9.69625,4.4075
"ITH41",NA,NA,NA,NA,NA
"ITH42",NA,NA,NA,NA,NA
"ITH43",NA,NA,NA,NA,NA
"ITH44",NA,NA,NA,NA,NA
"ITH5",631.79875,270.2825,1506.47857142857,77.95,14.42
"NL225",NA,NA,NA,NA,NA
"NL226",NA,NA,NA,NA,NA
"NL23",70,34.125,62.125,13.375,10.125
"NL230",NA,NA,NA,NA,NA
"NL3",NA,NA,NA,NA,NA
"NL31",200.5,87.25,265.625,56.25,22.25
"NL310",NA,NA,NA,NA,NA
"NL32",164.875,85,23.125,157.5,13.375
"NL321",NA,NA,NA,NA,NA
"NL322",NA,NA,NA,NA,NA
"NL323",NA,NA,NA,NA,NA
"NL324",NA,NA,NA,NA,NA
"NL325",NA,NA,NA,NA,NA
"NL326",NA,NA,NA,NA,NA
"NL327",NA,NA,NA,NA,NA
"NL33",193.375,101.875,121.125,123.375,15
"NL332",NA,NA,NA,NA,NA
"NL333",NA,NA,NA,NA,NA
"NL337",NA,NA,NA,NA,NA
"NL338",NA,NA,NA,NA,NA
"NL339",NA,NA,NA,NA,NA
"NL33A",NA,NA,NA,NA,NA
"NO",NA,NA,NA,NA,NA
"NO0",NA,NA,NA,NA,NA
"NO021",NA,NA,NA,NA,NA
"NO022",NA,NA,NA,NA,NA
"NO03",NA,NA,NA,NA,NA
"NO031",NA,NA,NA,NA,NA
"NO032",NA,NA,NA,NA,NA
"NO033",NA,NA,NA,NA,NA
"NO034",NA,NA,NA,NA,NA
"ITH51",NA,NA,NA,NA,NA
"ITH52",NA,NA,NA,NA,NA
"ITH53",NA,NA,NA,NA,NA
"ITH54",NA,NA,NA,NA,NA
"ITH55",NA,NA,NA,NA,NA
"ITH56",NA,NA,NA,NA,NA
"ITH57",NA,NA,NA,NA,NA
"ITH58",NA,NA,NA,NA,NA
"ITH59",NA,NA,NA,NA,NA
"ITI",NA,NA,NA,NA,NA
"ITI1",89.07875,15.55,152.77625,475.11875,19.12125
"ITI11",NA,NA,NA,NA,NA
"ITI12",NA,NA,NA,NA,NA
"ITI13",NA,NA,NA,NA,NA
"ITI14",NA,NA,NA,NA,NA
"NL34",56.5,21.125,55.625,42.5,1.5
"NL341",NA,NA,NA,NA,NA
"NL342",NA,NA,NA,NA,NA
"NL4",NA,NA,NA,NA,NA
"NL41",677.625,231.875,5687.28571428571,82.875,148.75
"NL411",NA,NA,NA,NA,NA
"NL412",NA,NA,NA,NA,NA
"NL413",NA,NA,NA,NA,NA
"NL414",NA,NA,NA,NA,NA
"NL42",149,52.5,1837.125,40.375,40.125
"NL421",NA,NA,NA,NA,NA
"NL422",NA,NA,NA,NA,NA
"NL423",NA,NA,NA,NA,NA
"NO04",NA,NA,NA,NA,NA
"NO041",NA,NA,NA,NA,NA
"NO042",NA,NA,NA,NA,NA
"ITI15",NA,NA,NA,NA,NA
"ITI16",NA,NA,NA,NA,NA
"ITI17",NA,NA,NA,NA,NA
"ITI18",NA,NA,NA,NA,NA
"ITI19",NA,NA,NA,NA,NA
"ITI1A",NA,NA,NA,NA,NA
"ITI2",54.6975,8.86625,200.04375,181.2825,5.42375
"ITI21",NA,NA,NA,NA,NA
"ITI22",NA,NA,NA,NA,NA
"ITI3",60.05,13.90375,191.145714285714,149.295714285714,6.96571428571429
"ITI31",NA,NA,NA,NA,NA
"ITI32",NA,NA,NA,NA,NA
"ITI33",NA,NA,NA,NA,NA
"ITI34",NA,NA,NA,NA,NA
"ITI35",NA,NA,NA,NA,NA
"ITI4",269.01,100.76375,69.57875,716.195,33.40875
"ITI41",NA,NA,NA,NA,NA
