"geo","factor_income_median","factor_income_mean"
"AT",2273.73,2315.97
"AT1",1081.38,1070.85
"AT11",178.82,173.708571428571
"AT111",NA,NA
"AT112",NA,NA
"AT113",NA,NA
"AT12",902.94,884.438571428571
"AT121",NA,NA
"AT122",NA,NA
"AT123",NA,NA
"AT124",NA,NA
"AT125",NA,NA
"AT126",NA,NA
"AT3",714.29,739.782857142857
"AT31",449.37,452.678571428571
"AT311",NA,NA
"AT312",NA,NA
"AT313",NA,NA
"AT314",NA,NA
"AT315",NA,NA
"AT32",110.24,109.595714285714
"AT321",NA,NA
"AT322",NA,NA
"AT323",NA,NA
"AT33",109.76,112.414285714286
"AT331",NA,NA
"AT332",NA,NA
"AT333",NA,NA
"AT334",NA,NA
"AT335",NA,NA
"AT34",61.25,65.0942857142857
"AT341",NA,NA
"AT342",NA,NA
"BE",NA,NA
"BE1",NA,NA
"BE10",NA,NA
"BE100",NA,NA
"BE2",NA,NA
"BE21",NA,NA
"BE211",NA,NA
"BE212",NA,NA
"BE213",NA,NA
"BE22",NA,NA
"BE221",NA,NA
"BE222",NA,NA
"BE223",NA,NA
"BE23",NA,NA
"BE231",NA,NA
"BE232",NA,NA
"BE233",NA,NA
"BE234",NA,NA
"BE235",NA,NA
"BE236",NA,NA
"BE24",NA,NA
"BE241",NA,NA
"BE242",NA,NA
"BE25",NA,NA
"BE251",NA,NA
"BE252",NA,NA
"BE253",NA,NA
"BE254",NA,NA
"BE255",NA,NA
"BE256",NA,NA
"BE257",NA,NA
"BE258",NA,NA
"BE3",NA,NA
"BE31",NA,NA
"BE310",NA,NA
"BE32",NA,NA
"BE321",NA,NA
"BE322",NA,NA
"BE323",NA,NA
"BE324",NA,NA
"AT127",NA,NA
"AT13",10.96,12.7014285714286
"AT130",NA,NA
"AT2",486.21,505.338571428571
"AT21",109.84,111.367142857143
"AT211",NA,NA
"AT212",NA,NA
"AT213",NA,NA
"AT22",370.28,393.974285714286
"AT221",NA,NA
"AT222",NA,NA
"AT223",NA,NA
"AT224",NA,NA
"AT225",NA,NA
"AT226",NA,NA
"CH032",NA,NA
"CH033",NA,NA
"CH04",280.29,287.22
"CH040",NA,NA
"CH05",789.22,788.891428571429
"CH051",NA,NA
"CH052",NA,NA
"CH053",NA,NA
"CH054",NA,NA
"CH055",NA,NA
"CH056",NA,NA
"CH057",NA,NA
"CH06",532.79,507.387142857143
"CH061",NA,NA
"CH062",NA,NA
"CH063",NA,NA
"CH064",NA,NA
"CH065",NA,NA
"CH066",NA,NA
"CH07",46.01,44.66
"CH070",NA,NA
"CY",NA,NA
"CY0",NA,NA
"CY00",NA,NA
"CY000",NA,NA
"CZ",1860.255,1821.02333333333
"CZ0",1860.255,1821.02333333333
"CZ01",NA,NA
"CZ010",NA,NA
"CZ02",342.245,325.988333333333
"CZ020",NA,NA
"CZ03",355.58,354.205
"CZ031",NA,NA
"CZ032",NA,NA
"CZ04",199.37,192.941666666667
"CZ041",NA,NA
"CZ042",NA,NA
"CZ05",264.72,262.293333333333
"CZ051",NA,NA
"CZ052",NA,NA
"CZ053",NA,NA
"CZ06",373.295,362.381666666667
"BE325",NA,NA
"BE326",NA,NA
"BE327",NA,NA
"BE33",NA,NA
"BE331",NA,NA
"BE332",NA,NA
"BE334",NA,NA
"BE335",NA,NA
"BE336",NA,NA
"BE34",NA,NA
"BE341",NA,NA
"BE342",NA,NA
"BE343",NA,NA
"BE344",NA,NA
"BE345",NA,NA
"BE35",NA,NA
"BE351",NA,NA
"BE352",NA,NA
"BE353",NA,NA
"BG",1933.87,1942.62833333333
"BG3",1480.845,1473.62333333333
"BG31",439.97,441.926666666667
"BG311",NA,NA
"BG312",NA,NA
"BG313",NA,NA
"BG314",NA,NA
"BG315",NA,NA
"BG32",321.515,339.598333333333
"BG321",NA,NA
"BG322",NA,NA
"BG323",NA,NA
"BG324",NA,NA
"BG325",NA,NA
"BG33",369.605,365.361666666667
"BG331",NA,NA
"BG332",NA,NA
"BG333",NA,NA
"BG334",NA,NA
"BG34",321.305,326.74
"BG341",NA,NA
"BG342",NA,NA
"BG343",NA,NA
"BG344",NA,NA
"BG4",512.8,469.005
"BG41",170.4,162.528333333333
"BG411",NA,NA
"BG412",NA,NA
"BG413",NA,NA
"BG414",NA,NA
"BG415",NA,NA
"BG42",326.44,306.473333333333
"BG421",NA,NA
"BG422",NA,NA
"BG423",NA,NA
"BG424",NA,NA
"BG425",NA,NA
"CH",3820.01,3892.83714285714
"CH0",3820.01,3892.83714285714
"CH01",786.88,793.857142857143
"CH011",NA,NA
"CH012",NA,NA
"CH013",NA,NA
"CH02",1178.66,1168.98428571429
"CH021",NA,NA
"CH022",NA,NA
"CH023",NA,NA
"CH024",NA,NA
"CH025",NA,NA
"CH03",293.19,301.841428571429
"CH031",NA,NA
"CZ063",NA,NA
"CZ064",NA,NA
"CZ07",217.675,214.498333333333
"CZ071",NA,NA
"CZ072",NA,NA
"CZ08",112.665,108.716666666667
"CZ080",NA,NA
"DE",14163,14549.942
"DE1",1115.52,1135.312
"DE11",372.78,378.544
"DE111",NA,NA
"DE112",NA,NA
"DE113",NA,NA
"DE114",NA,NA
"DE115",NA,NA
"DE116",NA,NA
"DE117",NA,NA
"DE118",NA,NA
"DE119",NA,NA
"DE11A",NA,NA
"DE11B",NA,NA
"DE11C",NA,NA
"DE11D",NA,NA
"DE12",159.35,165.876
"DE121",NA,NA
"DE122",NA,NA
"DE123",NA,NA
"DE124",NA,NA
"DE125",NA,NA
"DE126",NA,NA
"DE127",NA,NA
"DE128",NA,NA
"DE129",NA,NA
"DE12A",NA,NA
"DE12B",NA,NA
"DE12C",NA,NA
"DE13",275.17,280.496
"DE131",NA,NA
"DE132",NA,NA
"DE133",NA,NA
"DE134",NA,NA
"DE135",NA,NA
"DE136",NA,NA
"DE214",NA,NA
"DE215",NA,NA
"DE216",NA,NA
"DE217",NA,NA
"DE218",NA,NA
"DE219",NA,NA
"DE21A",NA,NA
"DE21B",NA,NA
"DE21C",NA,NA
"DE21D",NA,NA
"DE21E",NA,NA
"DE21F",NA,NA
"DE21G",NA,NA
"DE21H",NA,NA
"DE21I",NA,NA
"DE21J",NA,NA
"DE21K",NA,NA
"DE21L",NA,NA
"DE21M",NA,NA
"DE21N",NA,NA
"DE22",384.19,390.094
"DE221",NA,NA
"DE222",NA,NA
"DE223",NA,NA
"DE224",NA,NA
"DE225",NA,NA
"DE226",NA,NA
"DE227",NA,NA
"DE228",NA,NA
"DE229",NA,NA
"DE22A",NA,NA
"DE22B",NA,NA
"DE22C",NA,NA
"DE23",296.62,292.412
"DE231",NA,NA
"DE232",NA,NA
"DE233",NA,NA
"DE234",NA,NA
"DE235",NA,NA
"DE236",NA,NA
"DE237",NA,NA
"DE238",NA,NA
"DE239",NA,NA
"DE23A",NA,NA
"DE24",203.81,207.446
"DE241",NA,NA
"DE242",NA,NA
"DE243",NA,NA
"DE244",NA,NA
"DE245",NA,NA
"DE246",NA,NA
"DE247",NA,NA
"DE248",NA,NA
"DE249",NA,NA
"DE24A",NA,NA
"DE24B",NA,NA
"DE24C",NA,NA
"DE24D",NA,NA
"DE25",234.34,241.776
"DE251",NA,NA
"DE252",NA,NA
"DE253",NA,NA
"DE254",NA,NA
"DE255",NA,NA
"DE256",NA,NA
"DE257",NA,NA
"DE258",NA,NA
"DE259",NA,NA
"DE25A",NA,NA
"DE25B",NA,NA
"DE25C",NA,NA
"DE26",254.52,258.862
"DE261",NA,NA
"DE262",NA,NA
"DE263",NA,NA
"DE264",NA,NA
"DE265",NA,NA
"DE266",NA,NA
"DE267",NA,NA
"DE268",NA,NA
"DE269",NA,NA
"DE26A",NA,NA
"DE26B",NA,NA
"DE26C",NA,NA
"DE137",NA,NA
"DE138",NA,NA
"DE139",NA,NA
"DE13A",NA,NA
"DE14",308.32,310.396
"DE141",NA,NA
"DE142",NA,NA
"DE143",NA,NA
"DE144",NA,NA
"DE145",NA,NA
"DE146",NA,NA
"DE147",NA,NA
"DE148",NA,NA
"DE149",NA,NA
"DE2",2212.51,2280.33
"DE21",529.83,551.276
"DE211",NA,NA
"DE212",NA,NA
"DE213",NA,NA
"DE80O",NA,NA
"DE9",2782.44,2924.206
"DE91",361.27,374.274
"DE911",NA,NA
"DE912",NA,NA
"DE913",NA,NA
"DE914",NA,NA
"DE915",NA,NA
"DE916",NA,NA
"DE917",NA,NA
"DE918",NA,NA
"DE919",NA,NA
"DE91A",NA,NA
"DE91B",NA,NA
"DE92",517.67,537.946
"DE922",NA,NA
"DE923",NA,NA
"DE925",NA,NA
"DE926",NA,NA
"DE927",NA,NA
"DE928",NA,NA
"DE929",NA,NA
"DE93",769.39,810.488
"DE931",NA,NA
"DE932",NA,NA
"DE933",NA,NA
"DE934",NA,NA
"DE935",NA,NA
"DE936",NA,NA
"DE937",NA,NA
"DE938",NA,NA
"DE939",NA,NA
"DE93A",NA,NA
"DE93B",NA,NA
"DE94",1134.12,1201.496
"DE941",NA,NA
"DE942",NA,NA
"DE943",NA,NA
"DE944",NA,NA
"DE945",NA,NA
"DE946",NA,NA
"DE947",NA,NA
"DE948",NA,NA
"DE949",NA,NA
"DE94A",NA,NA
"DE94B",NA,NA
"DE94C",NA,NA
"DE94D",NA,NA
"DE94E",NA,NA
"DE94F",NA,NA
"DE94G",NA,NA
"DE94H",NA,NA
"DEA",1839.26,1917.644
"DEA1",377.69,406.594
"DEA11",NA,NA
"DEA12",NA,NA
"DEA13",NA,NA
"DEA14",NA,NA
"DEA15",NA,NA
"DEA16",NA,NA
"DEA17",NA,NA
"DEA18",NA,NA
"DEA19",NA,NA
"DEA1A",NA,NA
"DEA1B",NA,NA
"DEA1C",NA,NA
"DEA1D",NA,NA
"DEA1E",NA,NA
"DE27",328.3,338.47
"DE271",NA,NA
"DE272",NA,NA
"DE273",NA,NA
"DE274",NA,NA
"DE275",NA,NA
"DE276",NA,NA
"DE277",NA,NA
"DE278",NA,NA
"DE279",NA,NA
"DE27A",NA,NA
"DE27B",NA,NA
"DE27C",NA,NA
"DE27D",NA,NA
"DE27E",NA,NA
"DE3",-0.78,-0.73
"DE30",-0.78,-0.73
"DE300",NA,NA
"DE4",799.08,793.852
"DE40",799.08,793.852
"DE401",NA,NA
"DE402",NA,NA
"DE403",NA,NA
"DE404",NA,NA
"DE405",NA,NA
"DE406",NA,NA
"DE407",NA,NA
"DE408",NA,NA
"DE409",NA,NA
"DE40A",NA,NA
"DE40B",NA,NA
"DE40C",NA,NA
"DE40D",NA,NA
"DE40E",NA,NA
"DE40F",NA,NA
"DE40G",NA,NA
"DE40H",NA,NA
"DE40I",NA,NA
"DE5",4.93,6.14
"DE50",4.93,6.14
"DE501",NA,NA
"DE502",NA,NA
"DE6",35.31,33.948
"DE60",35.31,33.948
"DE600",NA,NA
"DE7",453.51,489.318
"DE71",162.6,172.938
"DE711",NA,NA
"DE712",NA,NA
"DE713",NA,NA
"DE714",NA,NA
"DE715",NA,NA
"DE716",NA,NA
"DE717",NA,NA
"DE718",NA,NA
"DE719",NA,NA
"DE71A",NA,NA
"DE71B",NA,NA
"DE71C",NA,NA
"DE71D",NA,NA
"DE71E",NA,NA
"DE72",112.77,119.812
"DE721",NA,NA
"DE722",NA,NA
"DE723",NA,NA
"DE724",NA,NA
"DE725",NA,NA
"DE73",184.1,196.564
"DE731",NA,NA
"DE732",NA,NA
"DE733",NA,NA
"DE734",NA,NA
"DE735",NA,NA
"DE736",NA,NA
"DE737",NA,NA
"DE8",909.66,921.116
"DE80",909.66,921.116
"DE803",NA,NA
"DE804",NA,NA
"DE80J",NA,NA
"DE80K",NA,NA
"DE80L",NA,NA
"DE80M",NA,NA
"DE80N",NA,NA
"DEA1F",NA,NA
"DEA2",315.29,332.498
"DEA22",NA,NA
"DEA23",NA,NA
"DEA24",NA,NA
"DEA26",NA,NA
"DEA27",NA,NA
"DEA28",NA,NA
"DEA29",NA,NA
"DEA2A",NA,NA
"DEA2B",NA,NA
"DEA2C",NA,NA
"DEA2D",NA,NA
"DEA3",541.63,549.17
"DEA31",NA,NA
"DEA32",NA,NA
"DEA33",NA,NA
"DEA34",NA,NA
"DEA35",NA,NA
"DEA36",NA,NA
"DEA37",NA,NA
"DEA38",NA,NA
"DEA4",357.47,367.596
"DEA41",NA,NA
"DEA42",NA,NA
"DEA43",NA,NA
"DEB17",NA,NA
"DEB18",NA,NA
"DEB19",NA,NA
"DEB1A",NA,NA
"DEB1B",NA,NA
"DEB2",141.45,153.304
"DEB21",NA,NA
"DEB22",NA,NA
"DEB23",NA,NA
"DEB24",NA,NA
"DEB25",NA,NA
"DEB3",529.1,552.418
"DEB31",NA,NA
"DEB32",NA,NA
"DEB33",NA,NA
"DEB34",NA,NA
"DEB35",NA,NA
"DEB36",NA,NA
"DEB37",NA,NA
"DEB38",NA,NA
"DEB39",NA,NA
"DEB3A",NA,NA
"DEB3B",NA,NA
"DEB3C",NA,NA
"DEB3D",NA,NA
"DEB3E",NA,NA
"DEB3F",NA,NA
"DEB3G",NA,NA
"DEB3H",NA,NA
"DEB3I",NA,NA
"DEB3J",NA,NA
"DEB3K",NA,NA
"DEC",44.45,43.692
"DEC0",44.45,43.692
"DEC01",NA,NA
"DEC02",NA,NA
"DEC03",NA,NA
"DEC04",NA,NA
"DEC05",NA,NA
"DEC06",NA,NA
"DED",735.91,714.546
"DED2",284.84,279.818
"DED21",NA,NA
"DED2C",NA,NA
"DED2D",NA,NA
"DED2E",NA,NA
"DED2F",NA,NA
"DED4",257.89,247.766
"DED41",NA,NA
"DED42",NA,NA
"DED43",NA,NA
"DED44",NA,NA
"DED45",NA,NA
"DED5",193.25,186.958
"DED51",NA,NA
"DED52",NA,NA
"DED53",NA,NA
"DEE",1010.94,960.962
"DEE0",1010.94,960.962
"DEE01",NA,NA
"DEE02",NA,NA
"DEE03",NA,NA
"DEE04",NA,NA
"DEE05",NA,NA
"DEE06",NA,NA
"DEE07",NA,NA
"DEE08",NA,NA
"DEE09",NA,NA
"DEE0A",NA,NA
"DEE0B",NA,NA
"DEE0C",NA,NA
"DEE0D",NA,NA
"DEE0E",NA,NA
"DEF",776.49,817.636
"DEF0",776.49,817.636
"DEF01",NA,NA
"DEF02",NA,NA
"DEF03",NA,NA
"DEF04",NA,NA
"DEF05",NA,NA
"DEF06",NA,NA
"DEF07",NA,NA
"DEF08",NA,NA
"DEF09",NA,NA
"DEF0A",NA,NA
"DEF0B",NA,NA
"DEF0C",NA,NA
"DEF0D",NA,NA
"DEF0E",NA,NA
"DEF0F",NA,NA
"DEG",627.09,583.002
"DEG0",627.09,583.002
"DEG01",NA,NA
"DEG02",NA,NA
"DEG03",NA,NA
"DEG04",NA,NA
"DEG05",NA,NA
"DEG06",NA,NA
"DEG07",NA,NA
"DEG09",NA,NA
"DEG0A",NA,NA
"DEG0B",NA,NA
"DEG0C",NA,NA
"DEG0D",NA,NA
"DEG0E",NA,NA
"DEG0F",NA,NA
"DEG0G",NA,NA
"DEG0H",NA,NA
"DEA44",NA,NA
"DEA45",NA,NA
"DEA46",NA,NA
"DEA47",NA,NA
"DEA5",258.41,261.788
"DEA51",NA,NA
"DEA52",NA,NA
"DEA53",NA,NA
"DEA54",NA,NA
"DEA55",NA,NA
"DEA56",NA,NA
"DEA57",NA,NA
"DEA58",NA,NA
"DEA59",NA,NA
"DEA5A",NA,NA
"DEA5B",NA,NA
"DEA5C",NA,NA
"DEB",879.47,928.984
"DEB1",213.03,223.262
"DEB11",NA,NA
"DEB12",NA,NA
"DEB13",NA,NA
"DEB14",NA,NA
"DEB15",NA,NA
"DEB16",NA,NA
"DK032",NA,NA
"DK04",689.3,635.828571428571
"DK041",NA,NA
"DK042",NA,NA
"DK05",401.16,392.008571428571
"DK050",NA,NA
"EE",343.07,343.07
"EE0",343.07,343.07
"EE00",343.07,343.07
"EE001",NA,NA
"DEG0I",NA,NA
"DEG0J",NA,NA
"DEG0K",NA,NA
"DEG0L",NA,NA
"DEG0M",NA,NA
"DEG0N",NA,NA
"DEG0P",NA,NA
"DK",2145.4,2193.98571428571
"DK0",2145.4,2193.98571428571
"DK01",45.3,52.3171428571429
"DK011",NA,NA
"DK012",NA,NA
"DK013",NA,NA
"DK014",NA,NA
"DK02",395.18,411.314285714286
"DK021",NA,NA
"DK022",NA,NA
"DK03",708.72,702.52
"DK031",NA,NA
"EE004",NA,NA
"EE006",NA,NA
"EE007",NA,NA
"EE008",NA,NA
"EL3",214.605,224.713333333333
"EL30",214.605,224.713333333333
"EL301",NA,NA
"EL302",NA,NA
"EL303",NA,NA
"EL",6079.765,6125.615
"EL421",NA,NA
"EL42",102.535,102.61
"EL422",NA,NA
"EL304",NA,NA
"EL305",NA,NA
"EL306",NA,NA
"EL307",NA,NA
"EL4",877.525,872.733333333333
"EL41",98.225,96.1083333333333
"EL411",NA,NA
"EL412",NA,NA
"EL413",NA,NA
"EL631",NA,NA
"EL632",NA,NA
"EL633",NA,NA
"EL64",457.565,468.495
"EL641",NA,NA
"EL642",NA,NA
"EL643",NA,NA
"EL644",NA,NA
"EL645",NA,NA
"EL65",661.69,651.73
"EL651",NA,NA
"EL652",NA,NA
"EL653",NA,NA
"FI200",NA,NA
"EL43",680.565,674.015
"EL431",NA,NA
"EL432",NA,NA
"EL433",NA,NA
"EL434",NA,NA
"EL5",2125.55,2154.3
"EL51",463.36,480.806666666667
"EL511",NA,NA
"EL512",NA,NA
"EL513",NA,NA
"EL514",NA,NA
"EL515",NA,NA
"EL52",1377.99,1375.98666666667
"EL521",NA,NA
"EL522",NA,NA
"EL523",NA,NA
"EL524",NA,NA
"EL525",NA,NA
"EL526",NA,NA
"EL527",NA,NA
"EL53",219.605,220.328333333333
"EL531",NA,NA
"EL532",NA,NA
"EL533",NA,NA
"EL54",79.07,77.1783333333333
"EL541",NA,NA
"EL542",NA,NA
"EL543",NA,NA
"EL6",2859.785,2873.86666666667
"EL61",966.17,973.448333333333
"EL611",NA,NA
"EL612",NA,NA
"EL613",NA,NA
"EL62",87.09,90.8
"EL621",NA,NA
"EL622",NA,NA
"EL623",NA,NA
"EL624",NA,NA
"EL63",699.3,689.395
"ES",23361.05,23181.13
"ES1",1689.97,1674.41666666667
"ES120",NA,NA
"ES13",119.05,118.361666666667
"ES130",NA,NA
"ES2",2620.31,2656.015
"ES21",245.03,242.346666666667
"ES211",NA,NA
"ES212",NA,NA
"ES213",NA,NA
"ES22",552.885,536.858333333333
"ES220",NA,NA
"ES23",348.245,344.325
"ES230",NA,NA
"ES24",1518.5,1532.48833333333
"ES241",NA,NA
"ES242",NA,NA
"ES243",NA,NA
"ES3",93.48,98.9866666666667
"ES30",93.48,98.9866666666667
"ES300",NA,NA
"ES4",5582.865,5614.48666666667
"ES41",2319.465,2274.20833333333
"ES411",NA,NA
"ES412",NA,NA
"ES413",NA,NA
"ES414",NA,NA
"ES415",NA,NA
"ES416",NA,NA
"ES417",NA,NA
"ES418",NA,NA
"ES419",NA,NA
"ES42",2073.14,2105.45666666667
"ES421",NA,NA
"ES422",NA,NA
"ES423",NA,NA
"ES424",NA,NA
"ES425",NA,NA
"ES43",1203.86,1234.82333333333
"ES431",NA,NA
"ES432",NA,NA
"FI2",10.09,14.19
"FI20",10.09,14.19
"ES11",1377.465,1371.43666666667
"ES111",NA,NA
"ES112",NA,NA
"ES113",NA,NA
"ES114",NA,NA
"ES12",177.46,184.62
"FI",2080.77,2147.46666666667
"ES5",3624.25,3636.56
"ES51",1687.35,1790.62166666667
"ES511",NA,NA
"ES512",NA,NA
"ES513",NA,NA
"ES514",NA,NA
"ES52",1834.74,1807.84166666667
"ES521",NA,NA
"ES522",NA,NA
"ES523",NA,NA
"ES53",37.12,38.0966666666667
"ES531",NA,NA
"ES532",NA,NA
"ES533",NA,NA
"ES6",9237.9,8979.60166666667
"ES61",8101.645,7904.48833333333
"ES611",NA,NA
"ES612",NA,NA
"ES613",NA,NA
"ES614",NA,NA
"ES615",NA,NA
"ES616",NA,NA
"ES617",NA,NA
"ES618",NA,NA
"ES62",1065.67,1075.11333333333
"ES620",NA,NA
"ES63",0,0
"ES630",NA,NA
"ES64",0,0
"ES640",NA,NA
"ES7",513.56,521.063333333333
"ES70",513.56,521.063333333333
"ES703",NA,NA
"ES704",NA,NA
"ES705",NA,NA
"ES706",NA,NA
"ES707",NA,NA
"ES708",NA,NA
"ES709",NA,NA
"FI1D6",NA,NA
"FI1D7",NA,NA
"FI1",2070.68,2133.26333333333
"FI19",857.92,715.206666666667
"FI193",NA,NA
"FI194",NA,NA
"FI195",NA,NA
"FI196",NA,NA
"FI197",NA,NA
"FI1C",NA,NA
"FI1C1",NA,NA
"FI1C2",NA,NA
"FI1C3",NA,NA
"FI1C4",NA,NA
"FI1C5",NA,NA
"FI1D",NA,NA
"FI1D1",NA,NA
"FI1D2",NA,NA
"FI1D3",NA,NA
"FI1D4",NA,NA
"FI1D5",NA,NA
"FI1B",NA,NA
"FI1B1",NA,NA
"FR262",NA,NA
"FR263",NA,NA
"FR264",NA,NA
"FR3",1067.8,1070.30857142857
"FR30",1067.8,1070.30857142857
"FR301",NA,NA
"FR302",NA,NA
"FR4",1262.57,1202.88571428571
"FR41",430.58,406.237142857143
"FR411",NA,NA
"FR412",NA,NA
"FR413",NA,NA
"FR414",NA,NA
"FR42",521.55,527.995714285714
"FR421",NA,NA
"FR422",NA,NA
"FR43",292.09,268.652857142857
"FR431",NA,NA
"FR432",NA,NA
"FR433",NA,NA
"FR434",NA,NA
"FR51",1795.28,1788.28142857143
"FR511",NA,NA
"FR5",5191.68,5085.54142857143
"FR512",NA,NA
"FR513",NA,NA
"FR514",NA,NA
"FR515",NA,NA
"FR",24725.82,24044.8528571429
"FR1",473.93,473.757142857143
"FR10",473.93,473.757142857143
"FR101",NA,NA
"FR102",NA,NA
"FR103",NA,NA
"FR104",NA,NA
"FR105",NA,NA
"FR106",NA,NA
"FR107",NA,NA
"FR108",NA,NA
"FR2",7689.64,7535.13285714286
"FR21",2325.32,2335.63
"FR211",NA,NA
"FR212",NA,NA
"FR213",NA,NA
"FR214",NA,NA
"FR22",1237.14,1210.17714285714
"FR221",NA,NA
"FR222",NA,NA
"FR223",NA,NA
"FR23",604.65,609.338571428571
"FR231",NA,NA
"FR232",NA,NA
"FR24",1230.08,1289.73
"FR241",NA,NA
"FR242",NA,NA
"FR243",NA,NA
"FR244",NA,NA
"FR245",NA,NA
"FR246",NA,NA
"FR25",635.38,657.995714285714
"FR251",NA,NA
"FR252",NA,NA
"FR253",NA,NA
"FR26",1445.01,1432.26142857143
"FR261",NA,NA
"FR52",1587.6,1594.80142857143
"FR521",NA,NA
"FR522",NA,NA
"FR523",NA,NA
"FR61",2045.53,2061.92714285714
"FR611",NA,NA
"FR612",NA,NA
"FR613",NA,NA
"FR614",NA,NA
"FR615",NA,NA
"FR62",1276.51,1217.29285714286
"FR621",NA,NA
"FR622",NA,NA
"FR623",NA,NA
"FR624",NA,NA
"FR625",NA,NA
"FR626",NA,NA
"FR627",NA,NA
"FR628",NA,NA
"FR63",344.77,350.758571428571
"FR631",NA,NA
"FR632",NA,NA
"FR633",NA,NA
"FR7",1680.21,1633.09142857143
"FR71",1103.96,1100.47285714286
"FR711",NA,NA
"FR712",NA,NA
"FR713",NA,NA
"FR714",NA,NA
"FR715",NA,NA
"FR716",NA,NA
"FR717",NA,NA
"FR718",NA,NA
"FR72",500.21,532.618571428571
"FR721",NA,NA
"FR722",NA,NA
"FR723",NA,NA
"FR724",NA,NA
"FR8",2717.57,2762.43857142857
"FR81",1245.11,1210.66428571429
"FR811",NA,NA
"FR812",NA,NA
"FR813",NA,NA
"FR814",NA,NA
"FR815",NA,NA
"FR82",1392.66,1459.70285714286
"FR821",NA,NA
"FR822",NA,NA
"FR823",NA,NA
"FR824",NA,NA
"FR825",NA,NA
"FR826",NA,NA
"FR524",NA,NA
"FR53",1737.59,1702.45857142857
"FR531",NA,NA
"FR532",NA,NA
"FR533",NA,NA
"FR534",NA,NA
"FR6",3659.9,3629.97857142857
"HR033",NA,NA
"HR034",NA,NA
"HR035",NA,NA
"HR036",NA,NA
"HR037",NA,NA
"HR04",674.1222,692.268833333333
"HR041",NA,NA
"HR042",NA,NA
"HR043",NA,NA
"HR044",NA,NA
"HR045",NA,NA
"HR046",NA,NA
"HR047",NA,NA
"HR048",NA,NA
"HR049",NA,NA
"HR04A",NA,NA
"HR04B",NA,NA
"HR04C",NA,NA
"HR04D",NA,NA
"HR04E",NA,NA
"HU",3484.56,3327.76333333333
"HU1",209.985,215.521666666667
"HU10",209.985,215.521666666667
"HU101",NA,NA
"HU102",NA,NA
"HU2",1157.2,1157.20666666667
"HU21",381.59,376.47
"HU211",NA,NA
"HU212",NA,NA
"HU213",NA,NA
"HU22",309.085,318.376666666667
"HU221",NA,NA
"HU222",NA,NA
"HU223",NA,NA
"HU23",467.755,462.363333333333
"HU231",NA,NA
"HU232",NA,NA
"HU233",NA,NA
"FR83",83.08,92.0714285714286
"FR831",NA,NA
"FR832",NA,NA
"FRA",662.71,651.718571428571
"FRA1",139.32,136.855714285714
"FRA10",NA,NA
"FRA2",170.56,169.264285714286
"FRA20",NA,NA
"FRA3",161.94,148.64
"FRA30",NA,NA
"FRA4",193.92,196.958571428571
"FRA40",NA,NA
"FRA5",NA,NA
"FRA50",NA,NA
"HR031",NA,NA
"HR032",NA,NA
"HR",NA,NA
"HR0",861.6411,879.553366666667
"HR03",191.44095,187.284783333333
"HU3",2081.7,1955.03333333333
"HU31",290.25,271.996666666667
"HU311",NA,NA
"HU312",NA,NA
"HU313",NA,NA
"HU32",800.995,748.735
"HU321",NA,NA
"HU322",NA,NA
"HU323",NA,NA
"HU33",1034.71,934.303333333333
"HU331",NA,NA
"IE",2891.955,2802.69
"IE0",2891.955,2802.69
"IE01",998.105,978.47
"IE011",NA,NA
"IE012",NA,NA
"IE013",NA,NA
"IE02",1898.5,1824.21833333333
"IE021",NA,NA
"IE022",NA,NA
"IE023",NA,NA
"IE024",NA,NA
"IE025",NA,NA
"HU332",NA,NA
"HU333",NA,NA
"IT",0,0
"ITC",0,0
"ITC1",0,0
"ITC11",NA,NA
"ITC12",NA,NA
"ITC13",NA,NA
"ITC14",NA,NA
"ITC15",NA,NA
"ITC16",NA,NA
"ITC17",NA,NA
"ITC18",NA,NA
"ITC2",0,0
"ITC20",NA,NA
"ITC3",0,0
"ITC31",NA,NA
"ITC32",NA,NA
"ITC33",NA,NA
"ITC34",NA,NA
"ITC4",0,0
"ITC41",NA,NA
"ITC42",NA,NA
"ITC43",NA,NA
"ITC44",NA,NA
"ITC46",NA,NA
"ITC47",NA,NA
"ITC48",NA,NA
"ITC49",NA,NA
"ITC4A",NA,NA
"ITC4B",NA,NA
"ITC4C",NA,NA
"ITC4D",NA,NA
"ITF",0,0
"ITF1",0,0
"ITF11",NA,NA
"IS",122.17,112.943333333333
"IS0",122.17,112.943333333333
"IS00",122.17,112.943333333333
"IS001",NA,NA
"ITF12",NA,NA
"ITF13",NA,NA
"IS002",NA,NA
"SE2",1060.46,1039.52428571429
"TR62",NA,NA
"TR621",NA,NA
"TR622",NA,NA
"TR63",NA,NA
"TR631",NA,NA
"TR632",NA,NA
"TR633",NA,NA
"TR7",NA,NA
"TR71",NA,NA
"TR711",NA,NA
"SE21",270.74,270.992857142857
"SE211",NA,NA
"SE212",NA,NA
"SE213",NA,NA
"UK",11622.93,11709.6766666667
"UKC",384.77,382.946666666667
"UKC1",144.07,144.633333333333
"UKC11",NA,NA
"UKC12",NA,NA
"UKC13",NA,NA
"UKC14",NA,NA
"UKC2",238.3,238.31
"UKC21",NA,NA
"UKC22",NA,NA
"UKC23",NA,NA
"UKD",795.79,813.206666666667
"UKD1",349.56,360.593333333333
"SE214",NA,NA
"SE22",493.12,490.544285714286
"SE221",NA,NA
"SE224",NA,NA
"SE23",282.73,277.99
"UKD45",NA,NA
"UKD46",NA,NA
"UKD47",NA,NA
"UKD6",206.01,200.946666666667
"UKD61",NA,NA
"UKD62",NA,NA
"UKD63",NA,NA
"UKD7",21.98,22.01
"UKD71",NA,NA
"UKD72",NA,NA
"UKD73",NA,NA
"UKD74",NA,NA
"UKE",1193.34,1170.6
"UKE1",352.47,344.366666666667
"UKE11",NA,NA
"UKE12",NA,NA
"UKE13",NA,NA
"UKE2",664.76,658.57
"UKE21",NA,NA
"UKE22",NA,NA
"UKE3",75.83,74.1733333333333
"UKE31",NA,NA
"UKE32",NA,NA
"UKE4",94.43,93.49
"UKE41",NA,NA
"UKE42",NA,NA
"UKE44",NA,NA
"UKE45",NA,NA
"UKF",1145.34,1121.39333333333
"UKF1",315.23,312.8
"UKF11",NA,NA
"UKF12",NA,NA
"UKF13",NA,NA
"UKF14",NA,NA
"UKF15",NA,NA
"UKF16",NA,NA
"UKF2",301.05,303.02
"UKF21",NA,NA
"UKF22",NA,NA
"UKF24",NA,NA
"UKF25",NA,NA
"UKF3",524.28,505.573333333333
"UKF30",NA,NA
"UKG",1010.59,1024.54
"UKG1",541.73,538.156666666667
"UKG11",NA,NA
"UKG12",NA,NA
"UKG13",NA,NA
"UKG2",460.81,460.59
"UKG21",NA,NA
"UKG22",NA,NA
"UKG23",NA,NA
"UKG24",NA,NA
"UKG3",25.98,25.7966666666667
"UKG31",NA,NA
"UKG32",NA,NA
"UKG33",NA,NA
"UKG36",NA,NA
"UKG37",NA,NA
"UKG38",NA,NA
"UKG39",NA,NA
"UKH",1692.41,1659.13666666667
"UKH1",1406.72,1380.02333333333
"UKH11",NA,NA
"UKH12",NA,NA
"UKH14",NA,NA
"UKH15",NA,NA
"UKH16",NA,NA
"UKH17",NA,NA
"UKH2",115.19,112.93
"UKH21",NA,NA
"UKH23",NA,NA
"UKH24",NA,NA
"UKH25",NA,NA
"UKH3",170.5,166.186666666667
"UKH31",NA,NA
"UKH32",NA,NA
"UKH34",NA,NA
"UKH35",NA,NA
"UKH36",NA,NA
"UKH37",NA,NA
"UKI",12.51,12.6166666666667
"UKI3",2.5,1.7
"UKI31",NA,NA
"UKI32",NA,NA
"UKI33",NA,NA
"UKI34",NA,NA
"UKI4",2.5,1.71
"UKI41",NA,NA
"UKI42",NA,NA
"UKI43",NA,NA
"UKI44",NA,NA
"UKI45",NA,NA
"UKI5",2.5,3.7
"UKI51",NA,NA
"UKI52",NA,NA
"UKI53",NA,NA
"UKI54",NA,NA
"UKI6",2.5,3.18333333333333
"UKI61",NA,NA
"UKI62",NA,NA
"UKI63",NA,NA
"UKI7",2.5,2.32666666666667
"UKI71",NA,NA
"UKI72",NA,NA
"UKI73",NA,NA
"UKI74",NA,NA
"UKI75",NA,NA
"UKJ",1129.02,1126.05666666667
"UKJ1",302.45,303.893333333333
"UKJ11",NA,NA
"UKJ12",NA,NA
"UKJ13",NA,NA
"UKJ14",NA,NA
"UKJ2",232.4,233.44
"UKJ21",NA,NA
"UKJ22",NA,NA
"UKJ25",NA,NA
"UKJ26",NA,NA
"UKJ27",NA,NA
"UKJ28",NA,NA
"UKJ3",228.37,225.913333333333
"UKJ31",NA,NA
"UKJ32",NA,NA
"UKJ34",NA,NA
"UKJ35",NA,NA
"UKJ36",NA,NA
"UKJ37",NA,NA
"UKJ4",362.05,362.81
"UKJ41",NA,NA
"UKJ43",NA,NA
"UKJ44",NA,NA
"UKJ45",NA,NA
"UKJ46",NA,NA
"UKK",1576.94,1600.46
"UKK1",432.86,436.14
"UKK11",NA,NA
"UKK12",NA,NA
"UKK13",NA,NA
"UKK14",NA,NA
"UKK15",NA,NA
"UKK2",398.55,409.99
"UKK21",NA,NA
"UKK22",NA,NA
"UKK23",NA,NA
"UKK3",286.86,284.793333333333
"UKK30",NA,NA
"UKK4",458.66,469.53
"UKK41",NA,NA
"UKK42",NA,NA
"UKK43",NA,NA
"UKL",506.99,510.8
"UKL1",311.23,314.946666666667
"UKL11",NA,NA
"UKL12",NA,NA
"UKL13",NA,NA
"UKL14",NA,NA
"UKL15",NA,NA
"UKL16",NA,NA
"UKL17",NA,NA
"UKL18",NA,NA
"UKL2",195.76,195.853333333333
"UKL21",NA,NA
"UKL22",NA,NA
"UKL23",NA,NA
"UKL24",NA,NA
"UKM21",NA,NA
"UKM22",NA,NA
"UKM23",NA,NA
"UKM24",NA,NA
"UKM25",NA,NA
"UKM26",NA,NA
"UKM27",NA,NA
"UKM28",NA,NA
"UKM32",NA,NA
"UKM33",NA,NA
"UKM34",NA,NA
"UKM35",NA,NA
"UKM36",NA,NA
"UKM37",NA,NA
"UKM38",NA,NA
"UKM50",NA,NA
"UKM64",NA,NA
"UKM65",NA,NA
"UKM66",NA,NA
"UKN",614.18,595.723333333333
"UKN0",614.18,595.723333333333
"UKN01",NA,NA
"UKN02",NA,NA
"UKN03",NA,NA
"UKN04",NA,NA
"UKN05",NA,NA
"UKM31",NA,NA
"UKM62",NA,NA
"UKM61",NA,NA
"UKM2",331.7,323.333333333333
"UKM3",724.54,725.733333333333
"UKM5",561.53,539.743333333333
"UKM63",NA,NA
"UKM",1688.26,1692.2
"UKM6",131.17,103.393333333333
"RO411",NA,NA
"RO412",NA,NA
"RO413",NA,NA
"RO414",NA,NA
"RO415",NA,NA
"RO42",616.415,616.115
"RO421",NA,NA
"RO422",NA,NA
"RO423",NA,NA
"RO424",NA,NA
"SE231",NA,NA
"SE232",NA,NA
"SE3",295.23,303.058571428571
"SE31",111.15,114.025714285714
"SE311",NA,NA
"SE312",NA,NA
"TR",NA,NA
"TR1",NA,NA
"TR10",NA,NA
"TR100",NA,NA
"TR712",NA,NA
"TR713",NA,NA
"TR714",NA,NA
"TR715",NA,NA
"TR72",NA,NA
"TR721",NA,NA
"TR722",NA,NA
"TR723",NA,NA
"TR8",NA,NA
"TR81",NA,NA
"TR811",NA,NA
"TR812",NA,NA
"TR813",NA,NA
"TR2",NA,NA
"TR21",NA,NA
"TR211",NA,NA
"TR212",NA,NA
"TR213",NA,NA
"TR22",NA,NA
"TR82",NA,NA
"TR821",NA,NA
"TR822",NA,NA
"TR823",NA,NA
"TR83",NA,NA
"TR831",NA,NA
"TR832",NA,NA
"TR833",NA,NA
"TR834",NA,NA
"TR9",NA,NA
"SE313",NA,NA
"SE32",75.04,79.13
"SE321",NA,NA
"TR221",NA,NA
"TR222",NA,NA
"TR3",NA,NA
"TR90",NA,NA
"TR901",NA,NA
"TR902",NA,NA
"TR903",NA,NA
"TR904",NA,NA
"TR905",NA,NA
"TR906",NA,NA
"TRA",NA,NA
"TRA1",NA,NA
"TRA11",NA,NA
"TRA12",NA,NA
"SE",1648.5,1639.44285714286
"SE322",NA,NA
"SE33",111.74,109.904285714286
"SE331",NA,NA
"TR31",NA,NA
"TR310",NA,NA
"TR32",NA,NA
"TR321",NA,NA
"TR322",NA,NA
"TRA13",NA,NA
"TRA2",NA,NA
"TRA21",NA,NA
"TRA22",NA,NA
"TRA23",NA,NA
"TRA24",NA,NA
"TRB",NA,NA
"TRB1",NA,NA
"TRB11",NA,NA
"TRB12",NA,NA
"TRB13",NA,NA
"TRB14",NA,NA
"SE1",293.86,296.857142857143
"SE332",NA,NA
"SI",NA,NA
"SI0",NA,NA
"SI03",NA,NA
"SI031",NA,NA
"SI032",NA,NA
"SI033",NA,NA
"SI034",NA,NA
"SI035",NA,NA
"SI036",NA,NA
"SI037",NA,NA
"TR323",NA,NA
"TR33",NA,NA
"TR331",NA,NA
"TR332",NA,NA
"TR333",NA,NA
"TR334",NA,NA
"TR4",NA,NA
"TR41",NA,NA
"TRB2",NA,NA
"TRB21",NA,NA
"TRB22",NA,NA
"TRB23",NA,NA
"TRB24",NA,NA
"TRC",NA,NA
"TRC1",NA,NA
"TRC11",NA,NA
"TRC12",NA,NA
"TRC13",NA,NA
"TRC2",NA,NA
"TRC21",NA,NA
"TRC22",NA,NA
"TRC3",NA,NA
"SE11",59.95,62.5757142857143
"SE110",NA,NA
"SI038",NA,NA
"SI04",NA,NA
"SI041",NA,NA
"SI042",NA,NA
"SI043",NA,NA
"SI044",NA,NA
"SK",683,688.501428571429
"SK0",683,688.501428571429
"SK01",59.94,70.5185714285714
"SK010",NA,NA
"SK02",515.61,505.695714285714
"SK021",NA,NA
"SK022",NA,NA
"SK023",NA,NA
"TR411",NA,NA
"TR412",NA,NA
"TR413",NA,NA
"TR42",NA,NA
"TR421",NA,NA
"TR422",NA,NA
"TR423",NA,NA
"TR424",NA,NA
"TR425",NA,NA
"TR5",NA,NA
"TR51",NA,NA
"TR510",NA,NA
"TR52",NA,NA
"TRC31",NA,NA
"TRC32",NA,NA
"TRC33",NA,NA
"TRC34",NA,NA
"SE12",234.24,234.278571428571
"SE121",NA,NA
"SE122",NA,NA
"SE123",NA,NA
"SE124",NA,NA
"SE125",NA,NA
"SK03",55.96,60.6957142857143
"SK031",NA,NA
"SK032",NA,NA
"SK04",47.08,51.5942857142857
"SK041",NA,NA
"SK042",NA,NA
"UKD11",NA,NA
"UKD12",NA,NA
"UKD3",191.08,145.076666666667
"UKD33",NA,NA
"UKD34",NA,NA
"UKD35",NA,NA
"UKD36",NA,NA
"UKD37",NA,NA
"UKD4",26.89,84.58
"UKD41",NA,NA
"UKD42",NA,NA
"UKD44",NA,NA
"TR521",NA,NA
"TR522",NA,NA
"TR6",NA,NA
"TR61",NA,NA
"TR611",NA,NA
"TR612",NA,NA
"TR613",NA,NA
"ITI42",NA,NA
"ITI43",NA,NA
"ITI44",NA,NA
"ITI45",NA,NA
"LI",NA,NA
"LI0",NA,NA
"LI00",NA,NA
"LI000",NA,NA
"LT",NA,NA
"LT0",NA,NA
"LT00",NA,NA
"NO043",NA,NA
"NO052",NA,NA
"NO053",NA,NA
"NO06",NA,NA
"NO073",NA,NA
"PL218",NA,NA
"PL219",NA,NA
"PL21A",NA,NA
"PL22",NA,NA
"PL224",NA,NA
"PL225",NA,NA
"PL227",NA,NA
"PL228",NA,NA
"PL229",NA,NA
"PL22A",NA,NA
"PL22B",NA,NA
"PL22C",NA,NA
"PL3",NA,NA
"PL31",NA,NA
"PL311",NA,NA
"PL312",NA,NA
"PL314",NA,NA
"PL315",NA,NA
"PL32",NA,NA
"PL323",NA,NA
"PL324",NA,NA
"PL325",NA,NA
"PL326",NA,NA
"PL33",NA,NA
"PL331",NA,NA
"PL332",NA,NA
"PL34",NA,NA
"PL343",NA,NA
"PL344",NA,NA
"NO061",NA,NA
"NO062",NA,NA
"NO05",NA,NA
"PL345",NA,NA
"PL4",NA,NA
"PL41",NA,NA
"PL411",NA,NA
"PL414",NA,NA
"PL415",NA,NA
"PL416",NA,NA
"PL417",NA,NA
"PL418",NA,NA
"PL42",NA,NA
"PL424",NA,NA
"PL426",NA,NA
"PL427",NA,NA
"PL428",NA,NA
"PL43",NA,NA
"PL431",NA,NA
"PL432",NA,NA
"PL5",NA,NA
"PL51",NA,NA
"PL514",NA,NA
"PL515",NA,NA
"PL516",NA,NA
"NO051",NA,NA
"PL517",NA,NA
"PL518",NA,NA
"PL52",NA,NA
"PL523",NA,NA
"PL524",NA,NA
"PL6",NA,NA
"PL61",NA,NA
"PL613",NA,NA
"PL616",NA,NA
"PL617",NA,NA
"PL618",NA,NA
"PL619",NA,NA
"PL62",NA,NA
"PL621",NA,NA
"PL622",NA,NA
"PL623",NA,NA
"PL63",NA,NA
"PL633",NA,NA
"PL634",NA,NA
"PL636",NA,NA
"PL637",NA,NA
"PL638",NA,NA
"NO072",NA,NA
"PT",2441.045,2374.14166666667
"PT1",2129.86,2074.635
"PT11",587.46,605.608333333333
"PT111",NA,NA
"PT112",NA,NA
"PT119",NA,NA
"PT11A",NA,NA
"PT11B",NA,NA
"PT11C",NA,NA
"PT11D",NA,NA
"PT11E",NA,NA
"PT15",84.805,85.955
"PT150",NA,NA
"PT16",565.29,559.416666666667
"PT16B",NA,NA
"PT16D",NA,NA
"PT16E",NA,NA
"PT16F",NA,NA
"PT16G",NA,NA
"PT16H",NA,NA
"PT16I",NA,NA
"PT16J",NA,NA
"PT17",92.86,88.9483333333333
"PT170",NA,NA
"PT18",757.89,734.706666666667
"PT181",NA,NA
"PT184",NA,NA
"PT185",NA,NA
"PT186",NA,NA
"PT187",NA,NA
"PT2",239.835,234.013333333333
"PT20",239.835,234.013333333333
"PT200",NA,NA
"PT3",66.33,65.4933333333333
"PT30",66.33,65.4933333333333
"PT300",NA,NA
"NO07",NA,NA
"PL",NA,NA
"PL1",NA,NA
"PL11",NA,NA
"PL113",NA,NA
"PL114",NA,NA
"PL115",NA,NA
"PL116",NA,NA
"PL117",NA,NA
"RO",5824.55,5747.675
"RO1",1333.04,1341.21
"RO11",677.195,683.276666666667
"RO111",NA,NA
"RO112",NA,NA
"RO113",NA,NA
"RO114",NA,NA
"RO115",NA,NA
"RO116",NA,NA
"RO12",655.84,657.935
"RO121",NA,NA
"RO122",NA,NA
"RO123",NA,NA
"RO124",NA,NA
"RO125",NA,NA
"RO126",NA,NA
"RO2",2093.045,2041.35666666667
"RO21",1094.065,1089.365
"RO211",NA,NA
"RO212",NA,NA
"PL12",NA,NA
"PL127",NA,NA
"PL128",NA,NA
"PL129",NA,NA
"PL12A",NA,NA
"PL12B",NA,NA
"PL12C",NA,NA
"PL12D",NA,NA
"PL12E",NA,NA
"PL2",NA,NA
"PL21",NA,NA
"PL213",NA,NA
"PL214",NA,NA
"PL217",NA,NA
"RO213",NA,NA
"RO214",NA,NA
"RO215",NA,NA
"RO216",NA,NA
"RO22",1007.68,951.991666666667
"RO221",NA,NA
"RO222",NA,NA
"RO223",NA,NA
"RO224",NA,NA
"RO225",NA,NA
"RO226",NA,NA
"RO3",1105.585,1067.68166666667
"RO31",1037.35,1014.30166666667
"RO311",NA,NA
"RO312",NA,NA
"RO313",NA,NA
"RO314",NA,NA
"RO315",NA,NA
"RO316",NA,NA
"RO317",NA,NA
"RO32",46.395,53.3783333333333
"RO321",NA,NA
"RO322",NA,NA
"RO4",1283.74,1297.42333333333
"RO41",662.265,681.31
"NO071",NA,NA
"ITF14",NA,NA
"ITF2",0,0
"ITF21",NA,NA
"ITF22",NA,NA
"ITF3",0,0
"ITF31",NA,NA
"ITF32",NA,NA
"ITF33",NA,NA
"ITF34",NA,NA
"ITF35",NA,NA
"ITF4",0,0
"ITF43",NA,NA
"ITF44",NA,NA
"ITF45",NA,NA
"LT001",NA,NA
"LT002",NA,NA
"LT003",NA,NA
"LT004",NA,NA
"LT005",NA,NA
"LT006",NA,NA
"LT007",NA,NA
"LT008",NA,NA
"LT009",NA,NA
"LT00A",NA,NA
"LU",NA,NA
"LU0",NA,NA
"LU00",NA,NA
"LU000",NA,NA
"ITF46",NA,NA
"ITF47",NA,NA
"ITF48",NA,NA
"ITF5",0,0
"ITF51",NA,NA
"ITF52",NA,NA
"ITF6",0,0
"ITF61",NA,NA
"ITF62",NA,NA
"ITF63",NA,NA
"ITF64",NA,NA
"ITF65",NA,NA
"LV",NA,NA
"LV0",NA,NA
"LV00",NA,NA
"LV003",NA,NA
"LV005",NA,NA
"LV006",NA,NA
"LV007",NA,NA
"LV008",NA,NA
"ITG",0,0
"ITG1",0,0
"ITG11",NA,NA
"ITG12",NA,NA
"ITG13",NA,NA
"LV009",NA,NA
"ME",NA,NA
"ME0",NA,NA
"ME00",NA,NA
"ME000",NA,NA
"MK",NA,NA
"MK0",NA,NA
"MK00",NA,NA
"ITG14",NA,NA
"ITG15",NA,NA
"ITG16",NA,NA
"ITG17",NA,NA
"ITG18",NA,NA
"ITG19",NA,NA
"ITG2",0,0
"ITG25",NA,NA
"ITG26",NA,NA
"ITG27",NA,NA
"ITG28",NA,NA
"MK001",NA,NA
"MK002",NA,NA
"MK003",NA,NA
"MK004",NA,NA
"MK005",NA,NA
"MK006",NA,NA
"MK007",NA,NA
"MK008",NA,NA
"MT",NA,NA
"MT0",NA,NA
"MT00",NA,NA
"MT001",NA,NA
"MT002",NA,NA
"NL",6648.46,6342.70833333333
"ITG29",NA,NA
"ITG2A",NA,NA
"ITG2B",NA,NA
"ITG2C",NA,NA
"ITH",0,0
"ITH1",0,0
"ITH10",NA,NA
"ITH2",0,0
"ITH20",NA,NA
"NL1",1261.03,1315.66166666667
"NL11",319.505,334.08
"NL111",NA,NA
"NL112",NA,NA
"NL113",NA,NA
"NL12",652.945,676.713333333333
"NL121",NA,NA
"NL122",NA,NA
"NL123",NA,NA
"NL13",297.27,304.868333333333
"NL131",NA,NA
"NL132",NA,NA
"NL133",NA,NA
"NL2",1193.255,1144.57333333333
"NL21",291.87,321.961666666667
"NL211",NA,NA
"NL212",NA,NA
"NL213",NA,NA
"NL22",420.47,359.853333333333
"NL221",NA,NA
"NL224",NA,NA
"NO01",NA,NA
"NO011",NA,NA
"NO012",NA,NA
"NO02",NA,NA
"ITH3",0,0
"ITH31",NA,NA
"ITH32",NA,NA
"ITH33",NA,NA
"ITH34",NA,NA
"ITH35",NA,NA
"ITH36",NA,NA
"ITH37",NA,NA
"ITH4",0,0
"ITH41",NA,NA
"ITH42",NA,NA
"ITH43",NA,NA
"ITH44",NA,NA
"ITH5",0,0
"NL225",NA,NA
"NL226",NA,NA
"NL23",447.325,462.76
"NL230",NA,NA
"NL3",3238.435,3157.22833333333
"NL31",203.445,209.38
"NL310",NA,NA
"NL32",813.85,800.566666666667
"NL321",NA,NA
"NL322",NA,NA
"NL323",NA,NA
"NL324",NA,NA
"NL325",NA,NA
"NL326",NA,NA
"NL327",NA,NA
"NL33",1851.775,1765.735
"NL332",NA,NA
"NL333",NA,NA
"NL337",NA,NA
"NL338",NA,NA
"NL339",NA,NA
"NL33A",NA,NA
"NO",NA,NA
"NO0",NA,NA
"NO021",NA,NA
"NO022",NA,NA
"NO03",NA,NA
"NO031",NA,NA
"NO032",NA,NA
"NO033",NA,NA
"NO034",NA,NA
"ITH51",NA,NA
"ITH52",NA,NA
"ITH53",NA,NA
"ITH54",NA,NA
"ITH55",NA,NA
"ITH56",NA,NA
"ITH57",NA,NA
"ITH58",NA,NA
"ITH59",NA,NA
"ITI",0,0
"ITI1",0,0
"ITI11",NA,NA
"ITI12",NA,NA
"ITI13",NA,NA
"ITI14",NA,NA
"NL34",355.635,381.545
"NL341",NA,NA
"NL342",NA,NA
"NL4",839.93,725.245
"NL41",345.5,291.383333333333
"NL411",NA,NA
"NL412",NA,NA
"NL413",NA,NA
"NL414",NA,NA
"NL42",464.75,433.895
"NL421",NA,NA
"NL422",NA,NA
"NL423",NA,NA
"NO04",NA,NA
"NO041",NA,NA
"NO042",NA,NA
"ITI15",NA,NA
"ITI16",NA,NA
"ITI17",NA,NA
"ITI18",NA,NA
"ITI19",NA,NA
"ITI1A",NA,NA
"ITI2",0,0
"ITI21",NA,NA
"ITI22",NA,NA
"ITI3",0,0
"ITI31",NA,NA
"ITI32",NA,NA
"ITI33",NA,NA
"ITI34",NA,NA
"ITI35",NA,NA
"ITI4",0,0
"ITI41",NA,NA
