"geo","forest_median","forest_mean"
"AT",34656,35054.3333333333
"AT1",8652,8642.33333333333
"AT11",1306,1317.33333333333
"AT111",NA,NA
"AT112",NA,NA
"AT113",NA,NA
"AT12",7220,7266
"AT121",NA,NA
"AT122",NA,NA
"AT123",NA,NA
"AT124",NA,NA
"AT125",NA,NA
"AT126",NA,NA
"AT3",12348,12457.3333333333
"AT31",4540,4542.33333333333
"AT311",NA,NA
"AT312",NA,NA
"AT313",NA,NA
"AT314",NA,NA
"AT315",NA,NA
"AT32",3017,3014.66666666667
"AT321",NA,NA
"AT322",NA,NA
"AT323",NA,NA
"AT33",4021,4089
"AT331",NA,NA
"AT332",NA,NA
"AT333",NA,NA
"AT334",NA,NA
"AT335",NA,NA
"AT34",805,811.333333333333
"AT341",NA,NA
"AT342",NA,NA
"BE",6626,6618.33333333333
"BE1",16,17
"BE10",16,17
"BE100",NA,NA
"BE2",1537,1512
"BE21",482,500.333333333333
"BE211",NA,NA
"BE212",NA,NA
"BE213",NA,NA
"BE22",422,432.333333333333
"BE221",NA,NA
"BE222",NA,NA
"BE223",NA,NA
"BE23",185,170.333333333333
"BE231",NA,NA
"BE232",NA,NA
"BE233",NA,NA
"BE234",NA,NA
"BE235",NA,NA
"BE236",NA,NA
"BE24",334,327
"BE241",NA,NA
"BE242",NA,NA
"BE25",75,81.6666666666667
"BE251",NA,NA
"BE252",NA,NA
"BE253",NA,NA
"BE254",NA,NA
"BE255",NA,NA
"BE256",NA,NA
"BE257",NA,NA
"BE258",NA,NA
"BE3",4997,5089
"BE31",81,86.6666666666667
"BE310",NA,NA
"BE32",511,523.333333333333
"BE321",NA,NA
"BE322",NA,NA
"BE323",NA,NA
"BE324",NA,NA
"AT127",NA,NA
"AT13",59,58.6666666666667
"AT130",NA,NA
"AT2",13758,13954.3333333333
"AT21",5338,5377.33333333333
"AT211",NA,NA
"AT212",NA,NA
"AT213",NA,NA
"AT22",8420,8577
"AT221",NA,NA
"AT222",NA,NA
"AT223",NA,NA
"AT224",NA,NA
"AT225",NA,NA
"AT226",NA,NA
"CH032",NA,NA
"CH033",NA,NA
"CH04",NA,NA
"CH040",NA,NA
"CH05",NA,NA
"CH051",NA,NA
"CH052",NA,NA
"CH053",NA,NA
"CH054",NA,NA
"CH055",NA,NA
"CH056",NA,NA
"CH057",NA,NA
"CH06",NA,NA
"CH061",NA,NA
"CH062",NA,NA
"CH063",NA,NA
"CH064",NA,NA
"CH065",NA,NA
"CH066",NA,NA
"CH07",NA,NA
"CH070",NA,NA
"CY",2011.5,2011.5
"CY0",2011.5,2011.5
"CY00",2011.5,2011.5
"CY000",NA,NA
"CZ",28941,28888.6666666667
"CZ0",28941,28888.6666666667
"CZ01",94,94.3333333333333
"CZ010",NA,NA
"CZ02",3340,3317.66666666667
"CZ020",NA,NA
"CZ03",7161,7174
"CZ031",NA,NA
"CZ032",NA,NA
"CZ04",3649,3662
"CZ041",NA,NA
"CZ042",NA,NA
"CZ05",4323,4365
"CZ051",NA,NA
"CZ052",NA,NA
"CZ053",NA,NA
"CZ06",4351,4351.33333333333
"BE325",NA,NA
"BE326",NA,NA
"BE327",NA,NA
"BE33",1021,1054.33333333333
"BE331",NA,NA
"BE332",NA,NA
"BE334",NA,NA
"BE335",NA,NA
"BE336",NA,NA
"BE34",2085,2133.33333333333
"BE341",NA,NA
"BE342",NA,NA
"BE343",NA,NA
"BE344",NA,NA
"BE345",NA,NA
"BE35",1301,1291.66666666667
"BE351",NA,NA
"BE352",NA,NA
"BE353",NA,NA
"BG",43864,43864
"BG3",21579,21579
"BG31",5759.5,5759.5
"BG311",NA,NA
"BG312",NA,NA
"BG313",NA,NA
"BG314",NA,NA
"BG315",NA,NA
"BG32",4227,4227
"BG321",NA,NA
"BG322",NA,NA
"BG323",NA,NA
"BG324",NA,NA
"BG325",NA,NA
"BG33",3962.5,3962.5
"BG331",NA,NA
"BG332",NA,NA
"BG333",NA,NA
"BG334",NA,NA
"BG34",7629.5,7629.5
"BG341",NA,NA
"BG342",NA,NA
"BG343",NA,NA
"BG344",NA,NA
"BG4",22285.5,22285.5
"BG41",11139.5,11139.5
"BG411",NA,NA
"BG412",NA,NA
"BG413",NA,NA
"BG414",NA,NA
"BG415",NA,NA
"BG42",11146,11146
"BG421",NA,NA
"BG422",NA,NA
"BG423",NA,NA
"BG424",NA,NA
"BG425",NA,NA
"CH",NA,NA
"CH0",NA,NA
"CH01",NA,NA
"CH011",NA,NA
"CH012",NA,NA
"CH013",NA,NA
"CH02",NA,NA
"CH021",NA,NA
"CH022",NA,NA
"CH023",NA,NA
"CH024",NA,NA
"CH025",NA,NA
"CH03",NA,NA
"CH031",NA,NA
"CZ063",NA,NA
"CZ064",NA,NA
"CZ07",3756,3753.33333333333
"CZ071",NA,NA
"CZ072",NA,NA
"CZ08",2194,2171
"CZ080",NA,NA
"DE",109454,110450.666666667
"DE1",13634,13730.3333333333
"DE11",3457,3444.66666666667
"DE111",NA,NA
"DE112",NA,NA
"DE113",NA,NA
"DE114",NA,NA
"DE115",NA,NA
"DE116",NA,NA
"DE117",NA,NA
"DE118",NA,NA
"DE119",NA,NA
"DE11A",NA,NA
"DE11B",NA,NA
"DE11C",NA,NA
"DE11D",NA,NA
"DE12",3033,3057.66666666667
"DE121",NA,NA
"DE122",NA,NA
"DE123",NA,NA
"DE124",NA,NA
"DE125",NA,NA
"DE126",NA,NA
"DE127",NA,NA
"DE128",NA,NA
"DE129",NA,NA
"DE12A",NA,NA
"DE12B",NA,NA
"DE12C",NA,NA
"DE13",4161,4175.66666666667
"DE131",NA,NA
"DE132",NA,NA
"DE133",NA,NA
"DE134",NA,NA
"DE135",NA,NA
"DE136",NA,NA
"DE214",NA,NA
"DE215",NA,NA
"DE216",NA,NA
"DE217",NA,NA
"DE218",NA,NA
"DE219",NA,NA
"DE21A",NA,NA
"DE21B",NA,NA
"DE21C",NA,NA
"DE21D",NA,NA
"DE21E",NA,NA
"DE21F",NA,NA
"DE21G",NA,NA
"DE21H",NA,NA
"DE21I",NA,NA
"DE21J",NA,NA
"DE21K",NA,NA
"DE21L",NA,NA
"DE21M",NA,NA
"DE21N",NA,NA
"DE22",3357,3352.66666666667
"DE221",NA,NA
"DE222",NA,NA
"DE223",NA,NA
"DE224",NA,NA
"DE225",NA,NA
"DE226",NA,NA
"DE227",NA,NA
"DE228",NA,NA
"DE229",NA,NA
"DE22A",NA,NA
"DE22B",NA,NA
"DE22C",NA,NA
"DE23",3941,3957.66666666667
"DE231",NA,NA
"DE232",NA,NA
"DE233",NA,NA
"DE234",NA,NA
"DE235",NA,NA
"DE236",NA,NA
"DE237",NA,NA
"DE238",NA,NA
"DE239",NA,NA
"DE23A",NA,NA
"DE24",2976,2992.33333333333
"DE241",NA,NA
"DE242",NA,NA
"DE243",NA,NA
"DE244",NA,NA
"DE245",NA,NA
"DE246",NA,NA
"DE247",NA,NA
"DE248",NA,NA
"DE249",NA,NA
"DE24A",NA,NA
"DE24B",NA,NA
"DE24C",NA,NA
"DE24D",NA,NA
"DE25",2361,2359
"DE251",NA,NA
"DE252",NA,NA
"DE253",NA,NA
"DE254",NA,NA
"DE255",NA,NA
"DE256",NA,NA
"DE257",NA,NA
"DE258",NA,NA
"DE259",NA,NA
"DE25A",NA,NA
"DE25B",NA,NA
"DE25C",NA,NA
"DE26",3457,3467.66666666667
"DE261",NA,NA
"DE262",NA,NA
"DE263",NA,NA
"DE264",NA,NA
"DE265",NA,NA
"DE266",NA,NA
"DE267",NA,NA
"DE268",NA,NA
"DE269",NA,NA
"DE26A",NA,NA
"DE26B",NA,NA
"DE26C",NA,NA
"DE137",NA,NA
"DE138",NA,NA
"DE139",NA,NA
"DE13A",NA,NA
"DE14",2995,3052.33333333333
"DE141",NA,NA
"DE142",NA,NA
"DE143",NA,NA
"DE144",NA,NA
"DE145",NA,NA
"DE146",NA,NA
"DE147",NA,NA
"DE148",NA,NA
"DE149",NA,NA
"DE2",24923,25085
"DE21",6099,6185
"DE211",NA,NA
"DE212",NA,NA
"DE213",NA,NA
"DE80O",NA,NA
"DE9",11305,11379
"DE91",2775,2796.66666666667
"DE911",NA,NA
"DE912",NA,NA
"DE913",NA,NA
"DE914",NA,NA
"DE915",NA,NA
"DE916",NA,NA
"DE917",NA,NA
"DE918",NA,NA
"DE919",NA,NA
"DE91A",NA,NA
"DE91B",NA,NA
"DE92",2123,2149
"DE922",NA,NA
"DE923",NA,NA
"DE925",NA,NA
"DE926",NA,NA
"DE927",NA,NA
"DE928",NA,NA
"DE929",NA,NA
"DE93",4346,4364.66666666667
"DE931",NA,NA
"DE932",NA,NA
"DE933",NA,NA
"DE934",NA,NA
"DE935",NA,NA
"DE936",NA,NA
"DE937",NA,NA
"DE938",NA,NA
"DE939",NA,NA
"DE93A",NA,NA
"DE93B",NA,NA
"DE94",2061,2068.66666666667
"DE941",NA,NA
"DE942",NA,NA
"DE943",NA,NA
"DE944",NA,NA
"DE945",NA,NA
"DE946",NA,NA
"DE947",NA,NA
"DE948",NA,NA
"DE949",NA,NA
"DE94A",NA,NA
"DE94B",NA,NA
"DE94C",NA,NA
"DE94D",NA,NA
"DE94E",NA,NA
"DE94F",NA,NA
"DE94G",NA,NA
"DE94H",NA,NA
"DEA",7786,8026
"DEA1",803,789.333333333333
"DEA11",NA,NA
"DEA12",NA,NA
"DEA13",NA,NA
"DEA14",NA,NA
"DEA15",NA,NA
"DEA16",NA,NA
"DEA17",NA,NA
"DEA18",NA,NA
"DEA19",NA,NA
"DEA1A",NA,NA
"DEA1B",NA,NA
"DEA1C",NA,NA
"DEA1D",NA,NA
"DEA1E",NA,NA
"DE27",2776,2770.66666666667
"DE271",NA,NA
"DE272",NA,NA
"DE273",NA,NA
"DE274",NA,NA
"DE275",NA,NA
"DE276",NA,NA
"DE277",NA,NA
"DE278",NA,NA
"DE279",NA,NA
"DE27A",NA,NA
"DE27B",NA,NA
"DE27C",NA,NA
"DE27D",NA,NA
"DE27E",NA,NA
"DE3",191,190
"DE30",191,190
"DE300",NA,NA
"DE4",11079,10943
"DE40",11079,10943
"DE401",NA,NA
"DE402",NA,NA
"DE403",NA,NA
"DE404",NA,NA
"DE405",NA,NA
"DE406",NA,NA
"DE407",NA,NA
"DE408",NA,NA
"DE409",NA,NA
"DE40A",NA,NA
"DE40B",NA,NA
"DE40C",NA,NA
"DE40D",NA,NA
"DE40E",NA,NA
"DE40F",NA,NA
"DE40G",NA,NA
"DE40H",NA,NA
"DE40I",NA,NA
"DE5",19,19.3333333333333
"DE50",19,19.3333333333333
"DE501",NA,NA
"DE502",NA,NA
"DE6",45,47.3333333333333
"DE60",45,47.3333333333333
"DE600",NA,NA
"DE7",8812,8830.66666666667
"DE71",3014,3063
"DE711",NA,NA
"DE712",NA,NA
"DE713",NA,NA
"DE714",NA,NA
"DE715",NA,NA
"DE716",NA,NA
"DE717",NA,NA
"DE718",NA,NA
"DE719",NA,NA
"DE71A",NA,NA
"DE71B",NA,NA
"DE71C",NA,NA
"DE71D",NA,NA
"DE71E",NA,NA
"DE72",2295,2285.33333333333
"DE721",NA,NA
"DE722",NA,NA
"DE723",NA,NA
"DE724",NA,NA
"DE725",NA,NA
"DE73",3481,3482.66666666667
"DE731",NA,NA
"DE732",NA,NA
"DE733",NA,NA
"DE734",NA,NA
"DE735",NA,NA
"DE736",NA,NA
"DE737",NA,NA
"DE8",5572,5579.33333333333
"DE80",5572,5579.33333333333
"DE803",NA,NA
"DE804",NA,NA
"DE80J",NA,NA
"DE80K",NA,NA
"DE80L",NA,NA
"DE80M",NA,NA
"DE80N",NA,NA
"DEA1F",NA,NA
"DEA2",1872,1931
"DEA22",NA,NA
"DEA23",NA,NA
"DEA24",NA,NA
"DEA26",NA,NA
"DEA27",NA,NA
"DEA28",NA,NA
"DEA29",NA,NA
"DEA2A",NA,NA
"DEA2B",NA,NA
"DEA2C",NA,NA
"DEA2D",NA,NA
"DEA3",1069,1083.33333333333
"DEA31",NA,NA
"DEA32",NA,NA
"DEA33",NA,NA
"DEA34",NA,NA
"DEA35",NA,NA
"DEA36",NA,NA
"DEA37",NA,NA
"DEA38",NA,NA
"DEA4",1317,1350.33333333333
"DEA41",NA,NA
"DEA42",NA,NA
"DEA43",NA,NA
"DEB17",NA,NA
"DEB18",NA,NA
"DEB19",NA,NA
"DEB1A",NA,NA
"DEB1B",NA,NA
"DEB2",2033,2042.33333333333
"DEB21",NA,NA
"DEB22",NA,NA
"DEB23",NA,NA
"DEB24",NA,NA
"DEB25",NA,NA
"DEB3",2602,2600.33333333333
"DEB31",NA,NA
"DEB32",NA,NA
"DEB33",NA,NA
"DEB34",NA,NA
"DEB35",NA,NA
"DEB36",NA,NA
"DEB37",NA,NA
"DEB38",NA,NA
"DEB39",NA,NA
"DEB3A",NA,NA
"DEB3B",NA,NA
"DEB3C",NA,NA
"DEB3D",NA,NA
"DEB3E",NA,NA
"DEB3F",NA,NA
"DEB3G",NA,NA
"DEB3H",NA,NA
"DEB3I",NA,NA
"DEB3J",NA,NA
"DEB3K",NA,NA
"DEC",949,947.333333333333
"DEC0",949,947.333333333333
"DEC01",NA,NA
"DEC02",NA,NA
"DEC03",NA,NA
"DEC04",NA,NA
"DEC05",NA,NA
"DEC06",NA,NA
"DED",5346,5336
"DED2",2573,2580.33333333333
"DED21",NA,NA
"DED2C",NA,NA
"DED2D",NA,NA
"DED2E",NA,NA
"DED2F",NA,NA
"DED4",1988,2010.66666666667
"DED41",NA,NA
"DED42",NA,NA
"DED43",NA,NA
"DED44",NA,NA
"DED45",NA,NA
"DED5",741,745
"DED51",NA,NA
"DED52",NA,NA
"DED53",NA,NA
"DEE",4942,4889.33333333333
"DEE0",4942,4889.33333333333
"DEE01",NA,NA
"DEE02",NA,NA
"DEE03",NA,NA
"DEE04",NA,NA
"DEE05",NA,NA
"DEE06",NA,NA
"DEE07",NA,NA
"DEE08",NA,NA
"DEE09",NA,NA
"DEE0A",NA,NA
"DEE0B",NA,NA
"DEE0C",NA,NA
"DEE0D",NA,NA
"DEE0E",NA,NA
"DEF",1846,1863
"DEF0",1846,1863
"DEF01",NA,NA
"DEF02",NA,NA
"DEF03",NA,NA
"DEF04",NA,NA
"DEF05",NA,NA
"DEF06",NA,NA
"DEF07",NA,NA
"DEF08",NA,NA
"DEF09",NA,NA
"DEF0A",NA,NA
"DEF0B",NA,NA
"DEF0C",NA,NA
"DEF0D",NA,NA
"DEF0E",NA,NA
"DEF0F",NA,NA
"DEG",5438,5515
"DEG0",5438,5515
"DEG01",NA,NA
"DEG02",NA,NA
"DEG03",NA,NA
"DEG04",NA,NA
"DEG05",NA,NA
"DEG06",NA,NA
"DEG07",NA,NA
"DEG09",NA,NA
"DEG0A",NA,NA
"DEG0B",NA,NA
"DEG0C",NA,NA
"DEG0D",NA,NA
"DEG0E",NA,NA
"DEG0F",NA,NA
"DEG0G",NA,NA
"DEG0H",NA,NA
"DEA44",NA,NA
"DEA45",NA,NA
"DEA46",NA,NA
"DEA47",NA,NA
"DEA5",2769,2871.66666666667
"DEA51",NA,NA
"DEA52",NA,NA
"DEA53",NA,NA
"DEA54",NA,NA
"DEA55",NA,NA
"DEA56",NA,NA
"DEA57",NA,NA
"DEA58",NA,NA
"DEA59",NA,NA
"DEA5A",NA,NA
"DEA5B",NA,NA
"DEA5C",NA,NA
"DEB",8074,8070.66666666667
"DEB1",3450,3428
"DEB11",NA,NA
"DEB12",NA,NA
"DEB13",NA,NA
"DEB14",NA,NA
"DEB15",NA,NA
"DEB16",NA,NA
"DK032",NA,NA
"DK04",2168,2182.33333333333
"DK041",NA,NA
"DK042",NA,NA
"DK05",949,962.333333333333
"DK050",NA,NA
"EE",24694,24590.6666666667
"EE0",24694,24590.6666666667
"EE00",24694,24590.6666666667
"EE001",NA,NA
"DEG0I",NA,NA
"DEG0J",NA,NA
"DEG0K",NA,NA
"DEG0L",NA,NA
"DEG0M",NA,NA
"DEG0N",NA,NA
"DEG0P",NA,NA
"DK",5313,5511.33333333333
"DK0",5313,5511.33333333333
"DK01",326,322.333333333333
"DK011",NA,NA
"DK012",NA,NA
"DK013",NA,NA
"DK014",NA,NA
"DK02",794,785.333333333333
"DK021",NA,NA
"DK022",NA,NA
"DK03",1235,1259.33333333333
"DK031",NA,NA
"EE004",NA,NA
"EE006",NA,NA
"EE007",NA,NA
"EE008",NA,NA
"EL3",775,752.666666666667
"EL30",775,752.666666666667
"EL301",NA,NA
"EL302",NA,NA
"EL303",NA,NA
"EL",37446,38505
"EL421",NA,NA
"EL42",595,576
"EL422",NA,NA
"EL304",NA,NA
"EL305",NA,NA
"EL306",NA,NA
"EL307",NA,NA
"EL4",2321,2273.33333333333
"EL41",823,795
"EL411",NA,NA
"EL412",NA,NA
"EL413",NA,NA
"EL631",NA,NA
"EL632",NA,NA
"EL633",NA,NA
"EL64",5012,5003
"EL641",NA,NA
"EL642",NA,NA
"EL643",NA,NA
"EL644",NA,NA
"EL645",NA,NA
"EL65",3089,3237.66666666667
"EL651",NA,NA
"EL652",NA,NA
"EL653",NA,NA
"FI200",NA,NA
"EL43",883,902.333333333333
"EL431",NA,NA
"EL432",NA,NA
"EL433",NA,NA
"EL434",NA,NA
"EL5",19102,19642.3333333333
"EL51",5886,5966.33333333333
"EL511",NA,NA
"EL512",NA,NA
"EL513",NA,NA
"EL514",NA,NA
"EL515",NA,NA
"EL52",5714,5875
"EL521",NA,NA
"EL522",NA,NA
"EL523",NA,NA
"EL524",NA,NA
"EL525",NA,NA
"EL526",NA,NA
"EL527",NA,NA
"EL53",3695,3731
"EL531",NA,NA
"EL532",NA,NA
"EL533",NA,NA
"EL54",3822,4069.66666666667
"EL541",NA,NA
"EL542",NA,NA
"EL543",NA,NA
"EL6",15570,15837.3333333333
"EL61",3923,3828
"EL611",NA,NA
"EL612",NA,NA
"EL613",NA,NA
"EL62",586,532.333333333333
"EL621",NA,NA
"EL622",NA,NA
"EL623",NA,NA
"EL624",NA,NA
"EL63",3195,3236.33333333333
"ES",124469,127227
"ES1",17675,18132
"ES120",NA,NA
"ES13",1607,1729.33333333333
"ES130",NA,NA
"ES2",20962,21131.3333333333
"ES21",3617,3560.33333333333
"ES211",NA,NA
"ES212",NA,NA
"ES213",NA,NA
"ES22",3583,3582
"ES220",NA,NA
"ES23",1452,1484.33333333333
"ES230",NA,NA
"ES24",12310,12504.6666666667
"ES241",NA,NA
"ES242",NA,NA
"ES243",NA,NA
"ES3",1217,1308.33333333333
"ES30",1217,1308.33333333333
"ES300",NA,NA
"ES4",42785,44248.6666666667
"ES41",18959,19940
"ES411",NA,NA
"ES412",NA,NA
"ES413",NA,NA
"ES414",NA,NA
"ES415",NA,NA
"ES416",NA,NA
"ES417",NA,NA
"ES418",NA,NA
"ES419",NA,NA
"ES42",19875,19833
"ES421",NA,NA
"ES422",NA,NA
"ES423",NA,NA
"ES424",NA,NA
"ES425",NA,NA
"ES43",4108,4475.33333333333
"ES431",NA,NA
"ES432",NA,NA
"FI2",1006,1061
"FI20",1006,1061
"ES11",12235,12575.3333333333
"ES111",NA,NA
"ES112",NA,NA
"ES113",NA,NA
"ES114",NA,NA
"ES12",3833,3827
"FI",224155,223156.333333333
"ES5",21770,21817.3333333333
"ES51",13761,13574.6666666667
"ES511",NA,NA
"ES512",NA,NA
"ES513",NA,NA
"ES514",NA,NA
"ES52",6709,6634
"ES521",NA,NA
"ES522",NA,NA
"ES523",NA,NA
"ES53",1572,1609
"ES531",NA,NA
"ES532",NA,NA
"ES533",NA,NA
"ES6",20682,20589
"ES61",17861,17810.3333333333
"ES611",NA,NA
"ES612",NA,NA
"ES613",NA,NA
"ES614",NA,NA
"ES615",NA,NA
"ES616",NA,NA
"ES617",NA,NA
"ES618",NA,NA
"ES62",2821,2778.66666666667
"ES620",NA,NA
"ES63",NA,NA
"ES630",NA,NA
"ES64",NA,NA
"ES640",NA,NA
"ES7",NA,NA
"ES70",NA,NA
"ES703",NA,NA
"ES704",NA,NA
"ES705",NA,NA
"ES706",NA,NA
"ES707",NA,NA
"ES708",NA,NA
"ES709",NA,NA
"FI1D6",NA,NA
"FI1D7",NA,NA
"FI1",223150,222095.333333333
"FI19",42156,42182
"FI193",NA,NA
"FI194",NA,NA
"FI195",NA,NA
"FI196",NA,NA
"FI197",NA,NA
"FI1C",20582,20488.3333333333
"FI1C1",NA,NA
"FI1C2",NA,NA
"FI1C3",NA,NA
"FI1C4",NA,NA
"FI1C5",NA,NA
"FI1D",154955,154085
"FI1D1",NA,NA
"FI1D2",NA,NA
"FI1D3",NA,NA
"FI1D4",NA,NA
"FI1D5",NA,NA
"FI1B",5376,5339.66666666667
"FI1B1",NA,NA
"FR262",NA,NA
"FR263",NA,NA
"FR264",NA,NA
"FR3",1117,1117.66666666667
"FR30",1117,1117.66666666667
"FR301",NA,NA
"FR302",NA,NA
"FR4",18850,18913.6666666667
"FR41",8623,8618.33333333333
"FR411",NA,NA
"FR412",NA,NA
"FR413",NA,NA
"FR414",NA,NA
"FR42",3116,3109.33333333333
"FR421",NA,NA
"FR422",NA,NA
"FR43",7153,7186
"FR431",NA,NA
"FR432",NA,NA
"FR433",NA,NA
"FR434",NA,NA
"FR51",3391,3354.66666666667
"FR511",NA,NA
"FR5",10932,11108.6666666667
"FR512",NA,NA
"FR513",NA,NA
"FR514",NA,NA
"FR515",NA,NA
"FR",151748,152972.666666667
"FR1",2638,2645
"FR10",2638,2645
"FR101",NA,NA
"FR102",NA,NA
"FR103",NA,NA
"FR104",NA,NA
"FR105",NA,NA
"FR106",NA,NA
"FR107",NA,NA
"FR108",NA,NA
"FR2",33681,33733
"FR21",7046,7001
"FR211",NA,NA
"FR212",NA,NA
"FR213",NA,NA
"FR214",NA,NA
"FR22",3434,3419.33333333333
"FR221",NA,NA
"FR222",NA,NA
"FR223",NA,NA
"FR23",2092,2142.33333333333
"FR231",NA,NA
"FR232",NA,NA
"FR24",9419,9426.66666666667
"FR241",NA,NA
"FR242",NA,NA
"FR243",NA,NA
"FR244",NA,NA
"FR245",NA,NA
"FR246",NA,NA
"FR25",1942,1944.66666666667
"FR251",NA,NA
"FR252",NA,NA
"FR253",NA,NA
"FR26",9853,9798.66666666667
"FR261",NA,NA
"FR52",3937,3889.66666666667
"FR521",NA,NA
"FR522",NA,NA
"FR523",NA,NA
"FR61",16617,16537
"FR611",NA,NA
"FR612",NA,NA
"FR613",NA,NA
"FR614",NA,NA
"FR615",NA,NA
"FR62",12771,12752.3333333333
"FR621",NA,NA
"FR622",NA,NA
"FR623",NA,NA
"FR624",NA,NA
"FR625",NA,NA
"FR626",NA,NA
"FR627",NA,NA
"FR628",NA,NA
"FR63",5280,5308.33333333333
"FR631",NA,NA
"FR632",NA,NA
"FR633",NA,NA
"FR7",24054,24010.6666666667
"FR71",16788,16784.3333333333
"FR711",NA,NA
"FR712",NA,NA
"FR713",NA,NA
"FR714",NA,NA
"FR715",NA,NA
"FR716",NA,NA
"FR717",NA,NA
"FR718",NA,NA
"FR72",7231,7226.33333333333
"FR721",NA,NA
"FR722",NA,NA
"FR723",NA,NA
"FR724",NA,NA
"FR8",26202,26846.3333333333
"FR81",9996,10159.3333333333
"FR811",NA,NA
"FR812",NA,NA
"FR813",NA,NA
"FR814",NA,NA
"FR815",NA,NA
"FR82",12918,13180
"FR821",NA,NA
"FR822",NA,NA
"FR823",NA,NA
"FR824",NA,NA
"FR825",NA,NA
"FR826",NA,NA
"FR524",NA,NA
"FR53",3861,3864.33333333333
"FR531",NA,NA
"FR532",NA,NA
"FR533",NA,NA
"FR534",NA,NA
"FR6",34606,34598
"HR033",NA,NA
"HR034",NA,NA
"HR035",NA,NA
"HR036",NA,NA
"HR037",NA,NA
"HR04",13625,13625
"HR041",NA,NA
"HR042",NA,NA
"HR043",NA,NA
"HR044",NA,NA
"HR045",NA,NA
"HR046",NA,NA
"HR047",NA,NA
"HR048",NA,NA
"HR049",NA,NA
"HR04A",NA,NA
"HR04B",NA,NA
"HR04C",NA,NA
"HR04D",NA,NA
"HR04E",NA,NA
"HU",20137,20295
"HU1",1863,1829.33333333333
"HU10",1863,1829.33333333333
"HU101",NA,NA
"HU102",NA,NA
"HU2",9427,9639.33333333333
"HU21",2649,2674.33333333333
"HU211",NA,NA
"HU212",NA,NA
"HU213",NA,NA
"HU22",2924,3053.33333333333
"HU221",NA,NA
"HU222",NA,NA
"HU223",NA,NA
"HU23",3853,3911.66666666667
"HU231",NA,NA
"HU232",NA,NA
"HU233",NA,NA
"FR83",3546,3507.33333333333
"FR831",NA,NA
"FR832",NA,NA
"FRA",NA,NA
"FRA1",NA,NA
"FRA10",NA,NA
"FRA2",NA,NA
"FRA20",NA,NA
"FRA3",NA,NA
"FRA30",NA,NA
"FRA4",NA,NA
"FRA40",NA,NA
"FRA5",NA,NA
"FRA50",NA,NA
"HR031",NA,NA
"HR032",NA,NA
"HR",25346,25346
"HR0",25346,25346
"HR03",11721,11721
"HU3",8848,8826.66666666667
"HU31",4012,4063
"HU311",NA,NA
"HU312",NA,NA
"HU313",NA,NA
"HU32",2483,2479.66666666667
"HU321",NA,NA
"HU322",NA,NA
"HU323",NA,NA
"HU33",2353,2284
"HU331",NA,NA
"IE",7204,7013
"IE0",7204,7013
"IE01",3768,3672
"IE011",NA,NA
"IE012",NA,NA
"IE013",NA,NA
"IE02",3349,3340.66666666667
"IE021",NA,NA
"IE022",NA,NA
"IE023",NA,NA
"IE024",NA,NA
"IE025",NA,NA
"HU332",NA,NA
"HU333",NA,NA
"IT",93183,92733.6666666667
"ITC",20506,20362.3333333333
"ITC1",9308,9292.66666666667
"ITC11",NA,NA
"ITC12",NA,NA
"ITC13",NA,NA
"ITC14",NA,NA
"ITC15",NA,NA
"ITC16",NA,NA
"ITC17",NA,NA
"ITC18",NA,NA
"ITC2",1050,1067
"ITC20",NA,NA
"ITC3",3796,3775.66666666667
"ITC31",NA,NA
"ITC32",NA,NA
"ITC33",NA,NA
"ITC34",NA,NA
"ITC4",6292,6227
"ITC41",NA,NA
"ITC42",NA,NA
"ITC43",NA,NA
"ITC44",NA,NA
"ITC46",NA,NA
"ITC47",NA,NA
"ITC48",NA,NA
"ITC49",NA,NA
"ITC4A",NA,NA
"ITC4B",NA,NA
"ITC4C",NA,NA
"ITC4D",NA,NA
"ITF",19421,19283.3333333333
"ITF1",3609,3664
"ITF11",NA,NA
"IS",NA,NA
"IS0",NA,NA
"IS00",NA,NA
"IS001",NA,NA
"ITF12",NA,NA
"ITF13",NA,NA
"IS002",NA,NA
"SE2",45430,45500.3333333333
"TR62",NA,NA
"TR621",NA,NA
"TR622",NA,NA
"TR63",NA,NA
"TR631",NA,NA
"TR632",NA,NA
"TR633",NA,NA
"TR7",NA,NA
"TR71",NA,NA
"TR711",NA,NA
"SE21",23194,23389
"SE211",NA,NA
"SE212",NA,NA
"SE213",NA,NA
"UK",24533,24616
"UKC",710,729.666666666667
"UKC1",79,84
"UKC11",NA,NA
"UKC12",NA,NA
"UKC13",NA,NA
"UKC14",NA,NA
"UKC2",638,645
"UKC21",NA,NA
"UKC22",NA,NA
"UKC23",NA,NA
"UKD",683,698.666666666667
"UKD1",327,344.333333333333
"SE214",NA,NA
"SE22",5805,5783
"SE221",NA,NA
"SE224",NA,NA
"SE23",16383,16328.3333333333
"UKD45",NA,NA
"UKD46",NA,NA
"UKD47",NA,NA
"UKD6",200,195
"UKD61",NA,NA
"UKD62",NA,NA
"UKD63",NA,NA
"UKD7",16,15.6666666666667
"UKD71",NA,NA
"UKD72",NA,NA
"UKD73",NA,NA
"UKD74",NA,NA
"UKE",792,769.333333333333
"UKE1",75,64
"UKE11",NA,NA
"UKE12",NA,NA
"UKE13",NA,NA
"UKE2",524,526.333333333333
"UKE21",NA,NA
"UKE22",NA,NA
"UKE3",75,75
"UKE31",NA,NA
"UKE32",NA,NA
"UKE4",130,129.333333333333
"UKE41",NA,NA
"UKE42",NA,NA
"UKE44",NA,NA
"UKE45",NA,NA
"UKF",537,584.333333333333
"UKF1",199,190
"UKF11",NA,NA
"UKF12",NA,NA
"UKF13",NA,NA
"UKF14",NA,NA
"UKF15",NA,NA
"UKF16",NA,NA
"UKF2",222,231.666666666667
"UKF21",NA,NA
"UKF22",NA,NA
"UKF24",NA,NA
"UKF25",NA,NA
"UKF3",128,162.666666666667
"UKF30",NA,NA
"UKG",889,867.666666666667
"UKG1",470,453
"UKG11",NA,NA
"UKG12",NA,NA
"UKG13",NA,NA
"UKG2",390,390
"UKG21",NA,NA
"UKG22",NA,NA
"UKG23",NA,NA
"UKG24",NA,NA
"UKG3",21,24.6666666666667
"UKG31",NA,NA
"UKG32",NA,NA
"UKG33",NA,NA
"UKG36",NA,NA
"UKG37",NA,NA
"UKG38",NA,NA
"UKG39",NA,NA
"UKH",1261,1298.66666666667
"UKH1",880,875
"UKH11",NA,NA
"UKH12",NA,NA
"UKH14",NA,NA
"UKH15",NA,NA
"UKH16",NA,NA
"UKH17",NA,NA
"UKH2",241,244.333333333333
"UKH21",NA,NA
"UKH23",NA,NA
"UKH24",NA,NA
"UKH25",NA,NA
"UKH3",168,179
"UKH31",NA,NA
"UKH32",NA,NA
"UKH34",NA,NA
"UKH35",NA,NA
"UKH36",NA,NA
"UKH37",NA,NA
"UKI",84,81.6666666666667
"UKI3",NA,NA
"UKI31",NA,NA
"UKI32",NA,NA
"UKI33",NA,NA
"UKI34",NA,NA
"UKI4",NA,NA
"UKI41",NA,NA
"UKI42",NA,NA
"UKI43",NA,NA
"UKI44",NA,NA
"UKI45",NA,NA
"UKI5",27,27
"UKI51",NA,NA
"UKI52",NA,NA
"UKI53",NA,NA
"UKI54",NA,NA
"UKI6",41,37.3333333333333
"UKI61",NA,NA
"UKI62",NA,NA
"UKI63",NA,NA
"UKI7",18,22
"UKI71",NA,NA
"UKI72",NA,NA
"UKI73",NA,NA
"UKI74",NA,NA
"UKI75",NA,NA
"UKJ",2572,2498.33333333333
"UKJ1",479,482.666666666667
"UKJ11",NA,NA
"UKJ12",NA,NA
"UKJ13",NA,NA
"UKJ14",NA,NA
"UKJ2",960,968.333333333333
"UKJ21",NA,NA
"UKJ22",NA,NA
"UKJ25",NA,NA
"UKJ26",NA,NA
"UKJ27",NA,NA
"UKJ28",NA,NA
"UKJ3",719,687
"UKJ31",NA,NA
"UKJ32",NA,NA
"UKJ34",NA,NA
"UKJ35",NA,NA
"UKJ36",NA,NA
"UKJ37",NA,NA
"UKJ4",376,360
"UKJ41",NA,NA
"UKJ43",NA,NA
"UKJ44",NA,NA
"UKJ45",NA,NA
"UKJ46",NA,NA
"UKK",2229,2344.33333333333
"UKK1",822,796.333333333333
"UKK11",NA,NA
"UKK12",NA,NA
"UKK13",NA,NA
"UKK14",NA,NA
"UKK15",NA,NA
"UKK2",494,513.333333333333
"UKK21",NA,NA
"UKK22",NA,NA
"UKK23",NA,NA
"UKK3",204,245.666666666667
"UKK30",NA,NA
"UKK4",759,789.333333333333
"UKK41",NA,NA
"UKK42",NA,NA
"UKK43",NA,NA
"UKL",3040,3013.33333333333
"UKL1",1949,1966.66666666667
"UKL11",NA,NA
"UKL12",NA,NA
"UKL13",NA,NA
"UKL14",NA,NA
"UKL15",NA,NA
"UKL16",NA,NA
"UKL17",NA,NA
"UKL18",NA,NA
"UKL2",1036,1046.66666666667
"UKL21",NA,NA
"UKL22",NA,NA
"UKL23",NA,NA
"UKL24",NA,NA
"UKM21",NA,NA
"UKM22",NA,NA
"UKM23",NA,NA
"UKM24",NA,NA
"UKM25",NA,NA
"UKM26",NA,NA
"UKM27",NA,NA
"UKM28",NA,NA
"UKM32",NA,NA
"UKM33",NA,NA
"UKM34",NA,NA
"UKM35",NA,NA
"UKM36",NA,NA
"UKM37",NA,NA
"UKM38",NA,NA
"UKM50",NA,NA
"UKM64",NA,NA
"UKM65",NA,NA
"UKM66",NA,NA
"UKN",1081,1068.66666666667
"UKN0",1081,1068.66666666667
"UKN01",NA,NA
"UKN02",NA,NA
"UKN03",NA,NA
"UKN04",NA,NA
"UKN05",NA,NA
"UKM31",NA,NA
"UKM62",NA,NA
"UKM61",NA,NA
"UKM2",2297,2298
"UKM3",2377,2380.66666666667
"UKM5",796,788
"UKM63",NA,NA
"UKM",10657,10663.6666666667
"UKM6",5363,5196.66666666667
"RO411",NA,NA
"RO412",NA,NA
"RO413",NA,NA
"RO414",NA,NA
"RO415",NA,NA
"RO42",13639,13639
"RO421",NA,NA
"RO422",NA,NA
"RO423",NA,NA
"RO424",NA,NA
"SE231",NA,NA
"SE232",NA,NA
"SE3",202552,201559.666666667
"SE31",49639,50202
"SE311",NA,NA
"SE312",NA,NA
"TR",NA,NA
"TR1",NA,NA
"TR10",NA,NA
"TR100",NA,NA
"TR712",NA,NA
"TR713",NA,NA
"TR714",NA,NA
"TR715",NA,NA
"TR72",NA,NA
"TR721",NA,NA
"TR722",NA,NA
"TR723",NA,NA
"TR8",NA,NA
"TR81",NA,NA
"TR811",NA,NA
"TR812",NA,NA
"TR813",NA,NA
"TR2",NA,NA
"TR21",NA,NA
"TR211",NA,NA
"TR212",NA,NA
"TR213",NA,NA
"TR22",NA,NA
"TR82",NA,NA
"TR821",NA,NA
"TR822",NA,NA
"TR823",NA,NA
"TR83",NA,NA
"TR831",NA,NA
"TR832",NA,NA
"TR833",NA,NA
"TR834",NA,NA
"TR9",NA,NA
"SE313",NA,NA
"SE32",52551,53079.3333333333
"SE321",NA,NA
"TR221",NA,NA
"TR222",NA,NA
"TR3",NA,NA
"TR90",NA,NA
"TR901",NA,NA
"TR902",NA,NA
"TR903",NA,NA
"TR904",NA,NA
"TR905",NA,NA
"TR906",NA,NA
"TRA",NA,NA
"TRA1",NA,NA
"TRA11",NA,NA
"TRA12",NA,NA
"SE",276015,275312.666666667
"SE322",NA,NA
"SE33",97297,98278.3333333333
"SE331",NA,NA
"TR31",NA,NA
"TR310",NA,NA
"TR32",NA,NA
"TR321",NA,NA
"TR322",NA,NA
"TRA13",NA,NA
"TRA2",NA,NA
"TRA21",NA,NA
"TRA22",NA,NA
"TRA23",NA,NA
"TRA24",NA,NA
"TRB",NA,NA
"TRB1",NA,NA
"TRB11",NA,NA
"TRB12",NA,NA
"TRB13",NA,NA
"TRB14",NA,NA
"SE1",28033,28253
"SE332",NA,NA
"SI",12255,12324.3333333333
"SI0",12255,12324.3333333333
"SI03",7098,7130.33333333333
"SI031",NA,NA
"SI032",NA,NA
"SI033",NA,NA
"SI034",NA,NA
"SI035",NA,NA
"SI036",NA,NA
"SI037",NA,NA
"TR323",NA,NA
"TR33",NA,NA
"TR331",NA,NA
"TR332",NA,NA
"TR333",NA,NA
"TR334",NA,NA
"TR4",NA,NA
"TR41",NA,NA
"TRB2",NA,NA
"TRB21",NA,NA
"TRB22",NA,NA
"TRB23",NA,NA
"TRB24",NA,NA
"TRC",NA,NA
"TRC1",NA,NA
"TRC11",NA,NA
"TRC12",NA,NA
"TRC13",NA,NA
"TRC2",NA,NA
"TRC21",NA,NA
"TRC22",NA,NA
"TRC3",NA,NA
"SE11",3621,3672
"SE110",NA,NA
"SI038",NA,NA
"SI04",5181,5193.66666666667
"SI041",NA,NA
"SI042",NA,NA
"SI043",NA,NA
"SI044",NA,NA
"SK",21844,21870
"SK0",21844,21870
"SK01",780,767
"SK010",NA,NA
"SK02",4341,4250.66666666667
"SK021",NA,NA
"SK022",NA,NA
"SK023",NA,NA
"TR411",NA,NA
"TR412",NA,NA
"TR413",NA,NA
"TR42",NA,NA
"TR421",NA,NA
"TR422",NA,NA
"TR423",NA,NA
"TR424",NA,NA
"TR425",NA,NA
"TR5",NA,NA
"TR51",NA,NA
"TR510",NA,NA
"TR52",NA,NA
"TRC31",NA,NA
"TRC32",NA,NA
"TRC33",NA,NA
"TRC34",NA,NA
"SE12",24417,24581
"SE121",NA,NA
"SE122",NA,NA
"SE123",NA,NA
"SE124",NA,NA
"SE125",NA,NA
"SK03",9021,9066.66666666667
"SK031",NA,NA
"SK032",NA,NA
"SK04",7702,7785.66666666667
"SK041",NA,NA
"SK042",NA,NA
"UKD11",NA,NA
"UKD12",NA,NA
"UKD3",33,33.6666666666667
"UKD33",NA,NA
"UKD34",NA,NA
"UKD35",NA,NA
"UKD36",NA,NA
"UKD37",NA,NA
"UKD4",120,110
"UKD41",NA,NA
"UKD42",NA,NA
"UKD44",NA,NA
"TR521",NA,NA
"TR522",NA,NA
"TR6",NA,NA
"TR61",NA,NA
"TR611",NA,NA
"TR612",NA,NA
"TR613",NA,NA
"ITI42",NA,NA
"ITI43",NA,NA
"ITI44",NA,NA
"ITI45",NA,NA
"LI",NA,NA
"LI0",NA,NA
"LI00",NA,NA
"LI000",NA,NA
"LT",23686,23613.6666666667
"LT0",23686,23613.6666666667
"LT00",23686,23613.6666666667
"NO043",NA,NA
"NO052",NA,NA
"NO053",NA,NA
"NO06",NA,NA
"NO073",NA,NA
"PL218",NA,NA
"PL219",NA,NA
"PL21A",NA,NA
"PL22",4449,4429.33333333333
"PL224",NA,NA
"PL225",NA,NA
"PL227",NA,NA
"PL228",NA,NA
"PL229",NA,NA
"PL22A",NA,NA
"PL22B",NA,NA
"PL22C",NA,NA
"PL3",24984,25140
"PL31",6370,6527.66666666667
"PL311",NA,NA
"PL312",NA,NA
"PL314",NA,NA
"PL315",NA,NA
"PL32",7456,7487.33333333333
"PL323",NA,NA
"PL324",NA,NA
"PL325",NA,NA
"PL326",NA,NA
"PL33",4215,4218.66666666667
"PL331",NA,NA
"PL332",NA,NA
"PL34",6942,6906
"PL343",NA,NA
"PL344",NA,NA
"NO061",NA,NA
"NO062",NA,NA
"NO05",NA,NA
"PL345",NA,NA
"PL4",25135,24907
"PL41",8282,8198
"PL411",NA,NA
"PL414",NA,NA
"PL415",NA,NA
"PL416",NA,NA
"PL417",NA,NA
"PL418",NA,NA
"PL42",9307,9216
"PL424",NA,NA
"PL426",NA,NA
"PL427",NA,NA
"PL428",NA,NA
"PL43",7546,7493
"PL431",NA,NA
"PL432",NA,NA
"PL5",9309,9345
"PL51",6596,6607.33333333333
"PL514",NA,NA
"PL515",NA,NA
"PL516",NA,NA
"NO051",NA,NA
"PL517",NA,NA
"PL518",NA,NA
"PL52",2712,2737.33333333333
"PL523",NA,NA
"PL524",NA,NA
"PL6",19985,20085.3333333333
"PL61",4597,4613
"PL613",NA,NA
"PL616",NA,NA
"PL617",NA,NA
"PL618",NA,NA
"PL619",NA,NA
"PL62",8352,8423.33333333333
"PL621",NA,NA
"PL622",NA,NA
"PL623",NA,NA
"PL63",7035,7049
"PL633",NA,NA
"PL634",NA,NA
"PL636",NA,NA
"PL637",NA,NA
"PL638",NA,NA
"NO072",NA,NA
"PT",25016,25815.3333333333
"PT1",25016,25815.3333333333
"PT11",4730,5072
"PT111",NA,NA
"PT112",NA,NA
"PT119",NA,NA
"PT11A",NA,NA
"PT11B",NA,NA
"PT11C",NA,NA
"PT11D",NA,NA
"PT11E",NA,NA
"PT15",1233,1181.33333333333
"PT150",NA,NA
"PT16",11108,11285.3333333333
"PT16B",NA,NA
"PT16D",NA,NA
"PT16E",NA,NA
"PT16F",NA,NA
"PT16G",NA,NA
"PT16H",NA,NA
"PT16I",NA,NA
"PT16J",NA,NA
"PT17",567,553.333333333333
"PT170",NA,NA
"PT18",7457,7723.33333333333
"PT181",NA,NA
"PT184",NA,NA
"PT185",NA,NA
"PT186",NA,NA
"PT187",NA,NA
"PT2",NA,NA
"PT20",NA,NA
"PT200",NA,NA
"PT3",NA,NA
"PT30",NA,NA
"PT300",NA,NA
"NO07",NA,NA
"PL",104110,104296.333333333
"PL1",14830,14986.3333333333
"PL11",4778,4769.33333333333
"PL113",NA,NA
"PL114",NA,NA
"PL115",NA,NA
"PL116",NA,NA
"PL117",NA,NA
"RO",76211,76211
"RO1",27042,27042
"RO11",12152.5,12152.5
"RO111",NA,NA
"RO112",NA,NA
"RO113",NA,NA
"RO114",NA,NA
"RO115",NA,NA
"RO116",NA,NA
"RO12",14890,14890
"RO121",NA,NA
"RO122",NA,NA
"RO123",NA,NA
"RO124",NA,NA
"RO125",NA,NA
"RO126",NA,NA
"RO2",18314,18314
"RO21",12585.5,12585.5
"RO211",NA,NA
"RO212",NA,NA
"PL12",10052,10217
"PL127",NA,NA
"PL128",NA,NA
"PL129",NA,NA
"PL12A",NA,NA
"PL12B",NA,NA
"PL12C",NA,NA
"PL12D",NA,NA
"PL12E",NA,NA
"PL2",9867,9832.33333333333
"PL21",5400,5403.33333333333
"PL213",NA,NA
"PL214",NA,NA
"PL217",NA,NA
"RO213",NA,NA
"RO214",NA,NA
"RO215",NA,NA
"RO216",NA,NA
"RO22",5728,5728
"RO221",NA,NA
"RO222",NA,NA
"RO223",NA,NA
"RO224",NA,NA
"RO225",NA,NA
"RO226",NA,NA
"RO3",7733.5,7733.5
"RO31",7475.5,7475.5
"RO311",NA,NA
"RO312",NA,NA
"RO313",NA,NA
"RO314",NA,NA
"RO315",NA,NA
"RO316",NA,NA
"RO317",NA,NA
"RO32",258.5,258.5
"RO321",NA,NA
"RO322",NA,NA
"RO4",23121,23121
"RO41",9482,9482
"NO071",NA,NA
"ITF14",NA,NA
"ITF2",1568,1571.66666666667
"ITF21",NA,NA
"ITF22",NA,NA
"ITF3",3980,3999.66666666667
"ITF31",NA,NA
"ITF32",NA,NA
"ITF33",NA,NA
"ITF34",NA,NA
"ITF35",NA,NA
"ITF4",1181,1218.66666666667
"ITF43",NA,NA
"ITF44",NA,NA
"ITF45",NA,NA
"LT001",NA,NA
"LT002",NA,NA
"LT003",NA,NA
"LT004",NA,NA
"LT005",NA,NA
"LT006",NA,NA
"LT007",NA,NA
"LT008",NA,NA
"LT009",NA,NA
"LT00A",NA,NA
"LU",862,865
"LU0",862,865
"LU00",862,865
"LU000",NA,NA
"ITF46",NA,NA
"ITF47",NA,NA
"ITF48",NA,NA
"ITF5",2969,2821.66666666667
"ITF51",NA,NA
"ITF52",NA,NA
"ITF6",6107,6008
"ITF61",NA,NA
"ITF62",NA,NA
"ITF63",NA,NA
"ITF64",NA,NA
"ITF65",NA,NA
"LV",33838,33316
"LV0",33838,33316
"LV00",33838,33316
"LV003",NA,NA
"LV005",NA,NA
"LV006",NA,NA
"LV007",NA,NA
"LV008",NA,NA
"ITG",8902,8922.66666666667
"ITG1",2676,2760
"ITG11",NA,NA
"ITG12",NA,NA
"ITG13",NA,NA
"LV009",NA,NA
"ME",NA,NA
"ME0",NA,NA
"ME00",NA,NA
"ME000",NA,NA
"MK",NA,NA
"MK0",NA,NA
"MK00",NA,NA
"ITG14",NA,NA
"ITG15",NA,NA
"ITG16",NA,NA
"ITG17",NA,NA
"ITG18",NA,NA
"ITG19",NA,NA
"ITG2",5946,6162.66666666667
"ITG25",NA,NA
"ITG26",NA,NA
"ITG27",NA,NA
"ITG28",NA,NA
"MK001",NA,NA
"MK002",NA,NA
"MK003",NA,NA
"MK004",NA,NA
"MK005",NA,NA
"MK006",NA,NA
"MK007",NA,NA
"MK008",NA,NA
"MT",6.5,6.5
"MT0",6.5,6.5
"MT00",6.5,6.5
"MT001",NA,NA
"MT002",NA,NA
"NL",2465,2443.33333333333
"ITG29",NA,NA
"ITG2A",NA,NA
"ITG2B",NA,NA
"ITG2C",NA,NA
"ITH",21396,21362
"ITH1",3641,3643
"ITH10",NA,NA
"ITH2",3769,3768.33333333333
"ITH20",NA,NA
"NL1",500,498.333333333333
"NL11",15,20
"NL111",NA,NA
"NL112",NA,NA
"NL113",NA,NA
"NL12",116,121
"NL121",NA,NA
"NL122",NA,NA
"NL123",NA,NA
"NL13",354,357.666666666667
"NL131",NA,NA
"NL132",NA,NA
"NL133",NA,NA
"NL2",795,824.666666666667
"NL21",186,188.666666666667
"NL211",NA,NA
"NL212",NA,NA
"NL213",NA,NA
"NL22",538,540.333333333333
"NL221",NA,NA
"NL224",NA,NA
"NO01",NA,NA
"NO011",NA,NA
"NO012",NA,NA
"NO02",NA,NA
"ITH3",4163,4221.66666666667
"ITH31",NA,NA
"ITH32",NA,NA
"ITH33",NA,NA
"ITH34",NA,NA
"ITH35",NA,NA
"ITH36",NA,NA
"ITH37",NA,NA
"ITH4",3349,3383.33333333333
"ITH41",NA,NA
"ITH42",NA,NA
"ITH43",NA,NA
"ITH44",NA,NA
"ITH5",6404,6345.33333333333
"NL225",NA,NA
"NL226",NA,NA
"NL23",79,95.6666666666667
"NL230",NA,NA
"NL3",309,313.333333333333
"NL31",72,77.3333333333333
"NL310",NA,NA
"NL32",57,56.6666666666667
"NL321",NA,NA
"NL322",NA,NA
"NL323",NA,NA
"NL324",NA,NA
"NL325",NA,NA
"NL326",NA,NA
"NL327",NA,NA
"NL33",140,135
"NL332",NA,NA
"NL333",NA,NA
"NL337",NA,NA
"NL338",NA,NA
"NL339",NA,NA
"NL33A",NA,NA
"NO",NA,NA
"NO0",NA,NA
"NO021",NA,NA
"NO022",NA,NA
"NO03",NA,NA
"NO031",NA,NA
"NO032",NA,NA
"NO033",NA,NA
"NO034",NA,NA
"ITH51",NA,NA
"ITH52",NA,NA
"ITH53",NA,NA
"ITH54",NA,NA
"ITH55",NA,NA
"ITH56",NA,NA
"ITH57",NA,NA
"ITH58",NA,NA
"ITH59",NA,NA
"ITI",22583,22803
"ITI1",10657,10785.6666666667
"ITI11",NA,NA
"ITI12",NA,NA
"ITI13",NA,NA
"ITI14",NA,NA
"NL34",47,44.3333333333333
"NL341",NA,NA
"NL342",NA,NA
"NL4",816,807.333333333333
"NL41",545,545.333333333333
"NL411",NA,NA
"NL412",NA,NA
"NL413",NA,NA
"NL414",NA,NA
"NL42",259,261.333333333333
"NL421",NA,NA
"NL422",NA,NA
"NL423",NA,NA
"NO04",NA,NA
"NO041",NA,NA
"NO042",NA,NA
"ITI15",NA,NA
"ITI16",NA,NA
"ITI17",NA,NA
"ITI18",NA,NA
"ITI19",NA,NA
"ITI1A",NA,NA
"ITI2",3864,3803
"ITI21",NA,NA
"ITI22",NA,NA
"ITI3",2892,2925.66666666667
"ITI31",NA,NA
"ITI32",NA,NA
"ITI33",NA,NA
"ITI34",NA,NA
"ITI35",NA,NA
"ITI4",5226,5289.33333333333
"ITI41",NA,NA
