"geo","irrigation_volume_mean"
"AT",18
"AT1",NA
"AT11",NA
"AT12",NA
"AT13",NA
"AT2",NA
"AT21",NA
"AT22",NA
"AT3",NA
"AT31",NA
"AT32",NA
"BE3",NA
"BE31",NA
"BE32",NA
"BE33",NA
"BE34",NA
"BE35",NA
"BG",674.935
"BG3",NA
"BG31",NA
"BG32",NA
"BG33",NA
"BG34",NA
"BG4",NA
"BG41",NA
"BG42",NA
"CY",160.016666666667
"CY0",NA
"CY00",NA
"CZ",21.5166666666667
"CZ0",NA
"CZ01",NA
"CZ02",NA
"CZ03",NA
"CZ04",NA
"CZ05",NA
"CZ06",NA
"CZ07",NA
"CZ08",NA
"CH",135.6
"CH0",NA
"CH01",NA
"CH02",NA
"CH03",NA
"CH04",NA
"AT33",NA
"AT34",NA
"BE",NA
"BE1",NA
"BE10",NA
"BE2",NA
"BE21",NA
"BE22",NA
"BE23",NA
"BE24",NA
"BE25",NA
"DE72",NA
"DE73",NA
"DE8",NA
"DE80",NA
"DE9",NA
"DE91",NA
"DE92",NA
"DE93",NA
"DE94",NA
"DEA",NA
"DEA1",NA
"DEA2",NA
"DEA3",NA
"DEA4",NA
"DEA5",NA
"CH05",NA
"CH06",NA
"CH07",NA
"DE",179.6
"DE1",NA
"DE11",NA
"DE12",NA
"DE13",NA
"DE14",NA
"DE2",NA
"DE21",NA
"DE22",NA
"DE23",NA
"DE24",NA
"DE25",NA
"DE26",NA
"DE27",NA
"DE3",NA
"DE30",NA
"DE4",NA
"DE40",NA
"DE5",NA
"DE50",NA
"DE6",NA
"DE60",NA
"DE7",NA
"DE71",NA
"DEB",NA
"DEB1",NA
"DEB2",NA
"DEB3",NA
"DEG",NA
"DEG0",NA
"DK",173.333333333333
"DK0",NA
"DK01",NA
"DK02",NA
"DK03",NA
"DK04",NA
"DK05",NA
"EE",NA
"EE0",NA
"EE00",NA
"EL52",NA
"EL",8232.16
"EL3",NA
"EL30",NA
"EL4",NA
"EL41",NA
"EL42",NA
"EL43",NA
"EL5",NA
"EL51",NA
"EL53",NA
"EL54",NA
"EL6",NA
"EL61",NA
"EL62",NA
"EL63",NA
"EL64",NA
"EL65",NA
"ES",21799.1865
"ES1",NA
"ES11",NA
"ES12",NA
"ES13",NA
"ES2",NA
"ES21",NA
"ES22",NA
"ES23",NA
"ES24",NA
"ES3",NA
"ES30",NA
"DEC",NA
"DEC0",NA
"DED",NA
"DED2",NA
"DED4",NA
"DED5",NA
"DEE",NA
"DEE0",NA
"DEF",NA
"DEF0",NA
"FR52",NA
"FR53",NA
"FR6",NA
"FR61",NA
"FR62",NA
"FR63",NA
"FR7",NA
"FR71",NA
"FR72",NA
"FR8",NA
"FR81",NA
"FR82",NA
"FR83",NA
"FRA",NA
"FRA1",NA
"FRA2",NA
"FRA3",NA
"FRA4",NA
"FRA5",NA
"HR",4.235
"HR0",NA
"HR03",NA
"HR04",NA
"HU",118.723051928
"ES4",NA
"ES41",NA
"ES42",NA
"ES43",NA
"ES5",NA
"ES51",NA
"ES52",NA
"ES53",NA
"ES6",NA
"ES61",NA
"ES62",NA
"ES63",NA
"ES64",NA
"ES7",NA
"ES70",NA
"FI",0
"FI1",NA
"FI19",NA
"FI1B",NA
"FI1C",NA
"FI1D",NA
"FI2",NA
"FI20",NA
"FR",2994.02666666667
"FR1",NA
"FR10",NA
"FR2",NA
"FR21",NA
"FR22",NA
"FR23",NA
"FR24",NA
"FR25",NA
"FR26",NA
"FR3",NA
"FR30",NA
"FR4",NA
"FR41",NA
"FR42",NA
"FR43",NA
"FR5",NA
"FR51",NA
"HU1",NA
"HU10",NA
"HU2",NA
"HU21",NA
"HU22",NA
"HU23",NA
"HU3",NA
"HU31",NA
"HU32",NA
"HU33",NA
"IE",NA
"IE0",NA
"IE01",NA
"ITC2",NA
"ITC3",NA
"ITC4",NA
"ITF",NA
"ITF1",NA
"ITF2",NA
"ITF3",NA
"ITF4",NA
"ITF5",NA
"ITF6",NA
"ITG",NA
"ITG1",NA
"ITG2",NA
"ITH",NA
"ITH1",NA
"ITH2",NA
"ITH3",NA
"ITH4",NA
"ITH5",NA
"ITI",NA
"ITI1",NA
"ITI2",NA
"ITI3",NA
"ITI4",NA
"LI",NA
"LI0",NA
"LI00",NA
"LT",0.9752
"LT0",NA
"LT00",NA
"LU",0.02225
"LU0",NA
"LU00",NA
"LV",NA
"LV0",NA
"LV00",NA
"ME",NA
"ME0",NA
"ME00",NA
"MK",471.22
"MK0",NA
"MK00",NA
"MT",26.3116666666667
"MT0",NA
"MT00",NA
"NL",59.148
"NL1",NA
"NL11",NA
"NL12",NA
"NL13",NA
"NL2",NA
"NL21",NA
"NL22",NA
"IE02",NA
"IS",0
"IS0",NA
"IS00",NA
"IT",NA
"ITC",NA
"ITC1",NA
"PL43",NA
"PL5",NA
"PL51",NA
"PL52",NA
"PL6",NA
"PL61",NA
"PL62",NA
"PL63",NA
"PT",NA
"PT1",NA
"PT11",NA
"PT15",NA
"PT16",NA
"PT17",NA
"PT18",NA
"PT2",NA
"PT20",NA
"PT3",NA
"PT30",NA
"RO",310.666666666667
"RO1",NA
"RO11",NA
"RO12",NA
"RO2",NA
"RO21",NA
"RO22",NA
"RO3",NA
"RO31",NA
"RO32",NA
"RO4",NA
"RO41",NA
"NL23",NA
"NL3",NA
"NL31",NA
"NL32",NA
"NL33",NA
"NL34",NA
"NL4",NA
"NL41",NA
"NL42",NA
"NO",NA
"NO0",NA
"NO01",NA
"NO02",NA
"NO03",NA
"NO04",NA
"NO05",NA
"NO06",NA
"NO07",NA
"PL",80.4166666666667
"PL1",NA
"PL11",NA
"PL12",NA
"PL2",NA
"PL21",NA
"PL22",NA
"PL3",NA
"PL31",NA
"PL32",NA
"PL33",NA
"PL34",NA
"PL4",NA
"PL41",NA
"PL42",NA
"RO42",NA
"SE",62
"SE1",NA
"SE11",NA
"SE12",NA
"SE2",NA
"SE21",NA
"SI04",NA
"SK",15.3166666666667
"SK0",NA
"SK01",NA
"SK02",NA
"SK03",NA
"SK04",NA
"TR",40046.5
"TR1",NA
"TR10",NA
"TR2",NA
"TR21",NA
"TR22",NA
"TR3",NA
"TR31",NA
"TR32",NA
"TR33",NA
"TR4",NA
"TR41",NA
"TR42",NA
"TR5",NA
"TR51",NA
"TR52",NA
"TR6",NA
"TR61",NA
"TR62",NA
"TR63",NA
"TR7",NA
"TR71",NA
"TR72",NA
"TR8",NA
"TR81",NA
"TR82",NA
"TR83",NA
"TR9",NA
"TR90",NA
"TRA",NA
"TRA1",NA
"TRA2",NA
"TRB",NA
"TRB1",NA
"TRB2",NA
"TRC",NA
"TRC1",NA
"TRC2",NA
"TRC3",NA
"UK",89.975
"UKC",NA
"UKC1",NA
"SE22",NA
"SE23",NA
"SE3",NA
"SE31",NA
"SE32",NA
"SE33",NA
"SI",2.66
"SI0",NA
"SI03",NA
"UKM2",NA
"UKM3",NA
"UKM5",NA
"UKM6",NA
"UKC2",NA
"UKD",NA
"UKD1",NA
"UKD3",NA
"UKD4",NA
"UKD6",NA
"UKD7",NA
"UKE",NA
"UKE1",NA
"UKE2",NA
"UKE3",NA
"UKE4",NA
"UKF",NA
"UKF1",NA
"UKF2",NA
"UKF3",NA
"UKG",NA
"UKG1",NA
"UKG2",NA
"UKG3",NA
"UKH",NA
"UKH1",NA
"UKH2",NA
"UKH3",NA
"UKI",NA
"UKI3",NA
"UKI4",NA
"UKI5",NA
"UKI6",NA
"UKI7",NA
"UKJ",NA
"UKJ1",NA
"UKJ2",NA
"UKJ3",NA
"UKJ4",NA
"UKK",NA
"UKK1",NA
"UKK2",NA
"UKK3",NA
"UKK4",NA
"UKL",NA
"UKL1",NA
"UKL2",NA
"UKM",NA
"UKN",NA
"UKN0",NA
