"geo","pop_median","pop_mean"
"AT",6506.8,6500.1875
"AT1",2822.7,2819.075
"AT11",218.85,218.2875
"AT111",NA,NA
"AT112",NA,NA
"AT113",NA,NA
"AT12",1234.45,1232.5375
"AT121",NA,NA
"AT122",NA,NA
"AT123",NA,NA
"AT124",NA,NA
"AT125",NA,NA
"AT126",NA,NA
"AT3",2329,2328.9625
"AT31",1082.3,1082.475
"AT311",NA,NA
"AT312",NA,NA
"AT313",NA,NA
"AT314",NA,NA
"AT315",NA,NA
"AT32",409.9,409.2875
"AT321",NA,NA
"AT322",NA,NA
"AT323",NA,NA
"AT33",553.05,553.0125
"AT331",NA,NA
"AT332",NA,NA
"AT333",NA,NA
"AT334",NA,NA
"AT335",NA,NA
"AT34",283.8,284.1875
"AT341",NA,NA
"AT342",NA,NA
"BE",8262.25,8254.3375
"BE1",855.55,851.6875
"BE10",855.55,851.6875
"BE100",NA,NA
"BE2",4762.75,4761.575
"BE21",1335.55,1333.95
"BE211",NA,NA
"BE212",NA,NA
"BE213",NA,NA
"BE22",650.5,650.075
"BE221",NA,NA
"BE222",NA,NA
"BE223",NA,NA
"BE23",1090,1091.075
"BE231",NA,NA
"BE232",NA,NA
"BE233",NA,NA
"BE234",NA,NA
"BE235",NA,NA
"BE236",NA,NA
"BE24",816.2,816.6375
"BE241",NA,NA
"BE242",NA,NA
"BE25",870.5,869.8125
"BE251",NA,NA
"BE252",NA,NA
"BE253",NA,NA
"BE254",NA,NA
"BE255",NA,NA
"BE256",NA,NA
"BE257",NA,NA
"BE258",NA,NA
"BE3",2643.95,2641.05
"BE31",289.8,289.8125
"BE310",NA,NA
"BE32",982.85,981.7875
"BE321",NA,NA
"BE322",NA,NA
"BE323",NA,NA
"BE324",NA,NA
"AT127",NA,NA
"AT13",1369.3,1368.2375
"AT130",NA,NA
"AT2",1353.7,1352.1625
"AT21",423.55,423.1375
"AT211",NA,NA
"AT212",NA,NA
"AT213",NA,NA
"AT22",931.05,929.05
"AT221",NA,NA
"AT222",NA,NA
"AT223",NA,NA
"AT224",NA,NA
"AT225",NA,NA
"AT226",NA,NA
"CH032",NA,NA
"CH033",NA,NA
"CH04",1096.25,1095.9
"CH040",NA,NA
"CH05",875.7,872.375
"CH051",NA,NA
"CH052",NA,NA
"CH053",NA,NA
"CH054",NA,NA
"CH055",NA,NA
"CH056",NA,NA
"CH057",NA,NA
"CH06",596.15,594.575
"CH061",NA,NA
"CH062",NA,NA
"CH063",NA,NA
"CH064",NA,NA
"CH065",NA,NA
"CH066",NA,NA
"CH07",261.35,260.6125
"CH070",NA,NA
"CY",634.75,633.2875
"CY0",634.75,633.2875
"CY00",634.75,633.2875
"CY000",NA,NA
"CZ",8226.05,8233.05
"CZ0",8226.05,8233.05
"CZ01",975.75,976.625
"CZ010",NA,NA
"CZ02",1010.25,1008.675
"CZ020",NA,NA
"CZ03",945.6,948.7625
"CZ031",NA,NA
"CZ032",NA,NA
"CZ04",889.75,888.675
"CZ041",NA,NA
"CZ042",NA,NA
"CZ05",1172.7,1175.275
"CZ051",NA,NA
"CZ052",NA,NA
"CZ053",NA,NA
"CZ06",1317.1,1315.4625
"BE325",NA,NA
"BE326",NA,NA
"BE327",NA,NA
"BE33",809.55,807.9375
"BE331",NA,NA
"BE332",NA,NA
"BE334",NA,NA
"BE335",NA,NA
"BE336",NA,NA
"BE34",202.15,202.3625
"BE341",NA,NA
"BE342",NA,NA
"BE343",NA,NA
"BE344",NA,NA
"BE345",NA,NA
"BE35",359.6,359.1875
"BE351",NA,NA
"BE352",NA,NA
"BE353",NA,NA
"BG",5629,5634.6625
"BG3",2822.25,2826.675
"BG31",613.6,615.3875
"BG311",NA,NA
"BG312",NA,NA
"BG313",NA,NA
"BG314",NA,NA
"BG315",NA,NA
"BG32",654.65,655.5625
"BG321",NA,NA
"BG322",NA,NA
"BG323",NA,NA
"BG324",NA,NA
"BG325",NA,NA
"BG33",747.3,745.3375
"BG331",NA,NA
"BG332",NA,NA
"BG333",NA,NA
"BG334",NA,NA
"BG34",806.7,810.375
"BG341",NA,NA
"BG342",NA,NA
"BG343",NA,NA
"BG344",NA,NA
"BG4",2806.7,2807.975
"BG41",1680,1677.625
"BG411",NA,NA
"BG412",NA,NA
"BG413",NA,NA
"BG414",NA,NA
"BG415",NA,NA
"BG42",1126.8,1130.375
"BG421",NA,NA
"BG422",NA,NA
"BG423",NA,NA
"BG424",NA,NA
"BG425",NA,NA
"CH",6208.15,6200.3625
"CH0",6208.15,6200.3625
"CH01",1155.35,1155.775
"CH011",NA,NA
"CH012",NA,NA
"CH013",NA,NA
"CH02",1377.45,1375.0375
"CH021",NA,NA
"CH022",NA,NA
"CH023",NA,NA
"CH024",NA,NA
"CH025",NA,NA
"CH03",845.85,846.0625
"CH031",NA,NA
"CZ063",NA,NA
"CZ064",NA,NA
"CZ07",952.85,955.65
"CZ071",NA,NA
"CZ072",NA,NA
"CZ08",966.65,963.8625
"CZ080",NA,NA
"DE",61487.15,61646.8125
"DE1",8057.8,8093.1125
"DE11",3018.45,3027.275
"DE111",NA,NA
"DE112",NA,NA
"DE113",NA,NA
"DE114",NA,NA
"DE115",NA,NA
"DE116",NA,NA
"DE117",NA,NA
"DE118",NA,NA
"DE119",NA,NA
"DE11A",NA,NA
"DE11B",NA,NA
"DE11C",NA,NA
"DE11D",NA,NA
"DE12",2062.85,2067.875
"DE121",NA,NA
"DE122",NA,NA
"DE123",NA,NA
"DE124",NA,NA
"DE125",NA,NA
"DE126",NA,NA
"DE127",NA,NA
"DE128",NA,NA
"DE129",NA,NA
"DE12A",NA,NA
"DE12B",NA,NA
"DE12C",NA,NA
"DE13",1639.8,1647.825
"DE131",NA,NA
"DE132",NA,NA
"DE133",NA,NA
"DE134",NA,NA
"DE135",NA,NA
"DE136",NA,NA
"DE214",NA,NA
"DE215",NA,NA
"DE216",NA,NA
"DE217",NA,NA
"DE218",NA,NA
"DE219",NA,NA
"DE21A",NA,NA
"DE21B",NA,NA
"DE21C",NA,NA
"DE21D",NA,NA
"DE21E",NA,NA
"DE21F",NA,NA
"DE21G",NA,NA
"DE21H",NA,NA
"DE21I",NA,NA
"DE21J",NA,NA
"DE21K",NA,NA
"DE21L",NA,NA
"DE21M",NA,NA
"DE21N",NA,NA
"DE22",918.15,914.95
"DE221",NA,NA
"DE222",NA,NA
"DE223",NA,NA
"DE224",NA,NA
"DE225",NA,NA
"DE226",NA,NA
"DE227",NA,NA
"DE228",NA,NA
"DE229",NA,NA
"DE22A",NA,NA
"DE22B",NA,NA
"DE22C",NA,NA
"DE23",835.65,835.4375
"DE231",NA,NA
"DE232",NA,NA
"DE233",NA,NA
"DE234",NA,NA
"DE235",NA,NA
"DE236",NA,NA
"DE237",NA,NA
"DE238",NA,NA
"DE239",NA,NA
"DE23A",NA,NA
"DE24",807.55,806.375
"DE241",NA,NA
"DE242",NA,NA
"DE243",NA,NA
"DE244",NA,NA
"DE245",NA,NA
"DE246",NA,NA
"DE247",NA,NA
"DE248",NA,NA
"DE249",NA,NA
"DE24A",NA,NA
"DE24B",NA,NA
"DE24C",NA,NA
"DE24D",NA,NA
"DE25",1303.65,1307.375
"DE251",NA,NA
"DE252",NA,NA
"DE253",NA,NA
"DE254",NA,NA
"DE255",NA,NA
"DE256",NA,NA
"DE257",NA,NA
"DE258",NA,NA
"DE259",NA,NA
"DE25A",NA,NA
"DE25B",NA,NA
"DE25C",NA,NA
"DE26",993.95,992.1875
"DE261",NA,NA
"DE262",NA,NA
"DE263",NA,NA
"DE264",NA,NA
"DE265",NA,NA
"DE266",NA,NA
"DE267",NA,NA
"DE268",NA,NA
"DE269",NA,NA
"DE26A",NA,NA
"DE26B",NA,NA
"DE26C",NA,NA
"DE137",NA,NA
"DE138",NA,NA
"DE139",NA,NA
"DE13A",NA,NA
"DE14",1342.95,1350.1375
"DE141",NA,NA
"DE142",NA,NA
"DE143",NA,NA
"DE144",NA,NA
"DE145",NA,NA
"DE146",NA,NA
"DE147",NA,NA
"DE148",NA,NA
"DE149",NA,NA
"DE2",9619,9642.8625
"DE21",3417.5,3416.6875
"DE211",NA,NA
"DE212",NA,NA
"DE213",NA,NA
"DE80O",NA,NA
"DE9",5913.7,5921.1625
"DE91",1211.2,1210.1
"DE911",NA,NA
"DE912",NA,NA
"DE913",NA,NA
"DE914",NA,NA
"DE915",NA,NA
"DE916",NA,NA
"DE917",NA,NA
"DE918",NA,NA
"DE919",NA,NA
"DE91A",NA,NA
"DE91B",NA,NA
"DE92",1597.1,1599.625
"DE922",NA,NA
"DE923",NA,NA
"DE925",NA,NA
"DE926",NA,NA
"DE927",NA,NA
"DE928",NA,NA
"DE929",NA,NA
"DE93",1251.05,1250.1625
"DE931",NA,NA
"DE932",NA,NA
"DE933",NA,NA
"DE934",NA,NA
"DE935",NA,NA
"DE936",NA,NA
"DE937",NA,NA
"DE938",NA,NA
"DE939",NA,NA
"DE93A",NA,NA
"DE93B",NA,NA
"DE94",1852.75,1861.275
"DE941",NA,NA
"DE942",NA,NA
"DE943",NA,NA
"DE944",NA,NA
"DE945",NA,NA
"DE946",NA,NA
"DE947",NA,NA
"DE948",NA,NA
"DE949",NA,NA
"DE94A",NA,NA
"DE94B",NA,NA
"DE94C",NA,NA
"DE94D",NA,NA
"DE94E",NA,NA
"DE94F",NA,NA
"DE94G",NA,NA
"DE94H",NA,NA
"DEA",13372.55,13396.4125
"DEA1",3891.85,3892.275
"DEA11",NA,NA
"DEA12",NA,NA
"DEA13",NA,NA
"DEA14",NA,NA
"DEA15",NA,NA
"DEA16",NA,NA
"DEA17",NA,NA
"DEA18",NA,NA
"DEA19",NA,NA
"DEA1A",NA,NA
"DEA1B",NA,NA
"DEA1C",NA,NA
"DEA1D",NA,NA
"DEA1E",NA,NA
"DE27",1360.55,1369.8625
"DE271",NA,NA
"DE272",NA,NA
"DE273",NA,NA
"DE274",NA,NA
"DE275",NA,NA
"DE276",NA,NA
"DE277",NA,NA
"DE278",NA,NA
"DE279",NA,NA
"DE27A",NA,NA
"DE27B",NA,NA
"DE27C",NA,NA
"DE27D",NA,NA
"DE27E",NA,NA
"DE3",2668.3,2669.55
"DE30",2668.3,2669.55
"DE300",NA,NA
"DE4",1865.8,1880.075
"DE40",1865.8,1880.075
"DE401",NA,NA
"DE402",NA,NA
"DE403",NA,NA
"DE404",NA,NA
"DE405",NA,NA
"DE406",NA,NA
"DE407",NA,NA
"DE408",NA,NA
"DE409",NA,NA
"DE40A",NA,NA
"DE40B",NA,NA
"DE40C",NA,NA
"DE40D",NA,NA
"DE40E",NA,NA
"DE40F",NA,NA
"DE40G",NA,NA
"DE40H",NA,NA
"DE40I",NA,NA
"DE5",511.05,510.95
"DE50",511.05,510.95
"DE501",NA,NA
"DE502",NA,NA
"DE6",1351.65,1354.6125
"DE60",1351.65,1354.6125
"DE600",NA,NA
"DE7",4619.15,4633.8375
"DE71",2923.35,2932.1625
"DE711",NA,NA
"DE712",NA,NA
"DE713",NA,NA
"DE714",NA,NA
"DE715",NA,NA
"DE716",NA,NA
"DE717",NA,NA
"DE718",NA,NA
"DE719",NA,NA
"DE71A",NA,NA
"DE71B",NA,NA
"DE71C",NA,NA
"DE71D",NA,NA
"DE71E",NA,NA
"DE72",781.55,784.7125
"DE721",NA,NA
"DE722",NA,NA
"DE723",NA,NA
"DE724",NA,NA
"DE725",NA,NA
"DE73",916.95,916.95
"DE731",NA,NA
"DE732",NA,NA
"DE733",NA,NA
"DE734",NA,NA
"DE735",NA,NA
"DE736",NA,NA
"DE737",NA,NA
"DE8",1216.75,1225.875
"DE80",1216.75,1225.875
"DE803",NA,NA
"DE804",NA,NA
"DE80J",NA,NA
"DE80K",NA,NA
"DE80L",NA,NA
"DE80M",NA,NA
"DE80N",NA,NA
"DEA1F",NA,NA
"DEA2",3310.55,3324.825
"DEA22",NA,NA
"DEA23",NA,NA
"DEA24",NA,NA
"DEA26",NA,NA
"DEA27",NA,NA
"DEA28",NA,NA
"DEA29",NA,NA
"DEA2A",NA,NA
"DEA2B",NA,NA
"DEA2C",NA,NA
"DEA2D",NA,NA
"DEA3",1948.8,1949.8375
"DEA31",NA,NA
"DEA32",NA,NA
"DEA33",NA,NA
"DEA34",NA,NA
"DEA35",NA,NA
"DEA36",NA,NA
"DEA37",NA,NA
"DEA38",NA,NA
"DEA4",1520.55,1521.5875
"DEA41",NA,NA
"DEA42",NA,NA
"DEA43",NA,NA
"DEB17",NA,NA
"DEB18",NA,NA
"DEB19",NA,NA
"DEB1A",NA,NA
"DEB1B",NA,NA
"DEB2",396.75,398.65
"DEB21",NA,NA
"DEB22",NA,NA
"DEB23",NA,NA
"DEB24",NA,NA
"DEB25",NA,NA
"DEB3",1533.2,1532.6625
"DEB31",NA,NA
"DEB32",NA,NA
"DEB33",NA,NA
"DEB34",NA,NA
"DEB35",NA,NA
"DEB36",NA,NA
"DEB37",NA,NA
"DEB38",NA,NA
"DEB39",NA,NA
"DEB3A",NA,NA
"DEB3B",NA,NA
"DEB3C",NA,NA
"DEB3D",NA,NA
"DEB3E",NA,NA
"DEB3F",NA,NA
"DEB3G",NA,NA
"DEB3H",NA,NA
"DEB3I",NA,NA
"DEB3J",NA,NA
"DEB3K",NA,NA
"DEC",755.9,757.1625
"DEC0",755.9,757.1625
"DEC01",NA,NA
"DEC02",NA,NA
"DEC03",NA,NA
"DEC04",NA,NA
"DEC05",NA,NA
"DEC06",NA,NA
"DED",3023.65,3041.1875
"DED2",1183,1184.7875
"DED21",NA,NA
"DED2C",NA,NA
"DED2D",NA,NA
"DED2E",NA,NA
"DED2F",NA,NA
"DED4",1092.15,1100.875
"DED41",NA,NA
"DED42",NA,NA
"DED43",NA,NA
"DED44",NA,NA
"DED45",NA,NA
"DED5",751.45,755.5125
"DED51",NA,NA
"DED52",NA,NA
"DED53",NA,NA
"DEE",1690.8,1704.1125
"DEE0",1690.8,1704.1125
"DEE01",NA,NA
"DEE02",NA,NA
"DEE03",NA,NA
"DEE04",NA,NA
"DEE05",NA,NA
"DEE06",NA,NA
"DEE07",NA,NA
"DEE08",NA,NA
"DEE09",NA,NA
"DEE0A",NA,NA
"DEE0B",NA,NA
"DEE0C",NA,NA
"DEE0D",NA,NA
"DEE0E",NA,NA
"DEF",2122.95,2121.9375
"DEF0",2122.95,2121.9375
"DEF01",NA,NA
"DEF02",NA,NA
"DEF03",NA,NA
"DEF04",NA,NA
"DEF05",NA,NA
"DEF06",NA,NA
"DEF07",NA,NA
"DEF08",NA,NA
"DEF09",NA,NA
"DEF0A",NA,NA
"DEF0B",NA,NA
"DEF0C",NA,NA
"DEF0D",NA,NA
"DEF0E",NA,NA
"DEF0F",NA,NA
"DEG",1653.95,1649.775
"DEG0",1653.95,1649.775
"DEG01",NA,NA
"DEG02",NA,NA
"DEG03",NA,NA
"DEG04",NA,NA
"DEG05",NA,NA
"DEG06",NA,NA
"DEG07",NA,NA
"DEG09",NA,NA
"DEG0A",NA,NA
"DEG0B",NA,NA
"DEG0C",NA,NA
"DEG0D",NA,NA
"DEG0E",NA,NA
"DEG0F",NA,NA
"DEG0G",NA,NA
"DEG0H",NA,NA
"DEA44",NA,NA
"DEA45",NA,NA
"DEA46",NA,NA
"DEA47",NA,NA
"DEA5",2710.8,2707.8875
"DEA51",NA,NA
"DEA52",NA,NA
"DEA53",NA,NA
"DEA54",NA,NA
"DEA55",NA,NA
"DEA56",NA,NA
"DEA57",NA,NA
"DEA58",NA,NA
"DEA59",NA,NA
"DEA5A",NA,NA
"DEA5B",NA,NA
"DEA5C",NA,NA
"DEB",3040.9,3044.1625
"DEB1",1110.3,1112.825
"DEB11",NA,NA
"DEB12",NA,NA
"DEB13",NA,NA
"DEB14",NA,NA
"DEB15",NA,NA
"DEB16",NA,NA
"DK032",NA,NA
"DK04",959.15,959.3875
"DK041",NA,NA
"DK042",NA,NA
"DK05",437.25,437.55
"DK050",NA,NA
"EE",991.45,994.8125
"EE0",991.45,994.8125
"EE00",991.45,994.8125
"EE001",NA,NA
"DEG0I",NA,NA
"DEG0J",NA,NA
"DEG0K",NA,NA
"DEG0L",NA,NA
"DEG0M",NA,NA
"DEG0N",NA,NA
"DEG0P",NA,NA
"DK",4238.65,4242.9375
"DK0",4238.65,4242.9375
"DK01",1330.25,1330.3
"DK011",NA,NA
"DK012",NA,NA
"DK013",NA,NA
"DK014",NA,NA
"DK02",613.95,616.45
"DK021",NA,NA
"DK022",NA,NA
"DK03",898,899.2375
"DK031",NA,NA
"EE004",NA,NA
"EE006",NA,NA
"EE007",NA,NA
"EE008",NA,NA
"EL3",2990.75,2995.0625
"EL30",2990.75,2995.0625
"EL301",NA,NA
"EL302",NA,NA
"EL303",NA,NA
"EL",8159.25,8173.0125
"EL421",NA,NA
"EL42",250.65,251.0625
"EL422",NA,NA
"EL304",NA,NA
"EL305",NA,NA
"EL306",NA,NA
"EL307",NA,NA
"EL4",853.45,854.7125
"EL41",144.8,144.4375
"EL411",NA,NA
"EL412",NA,NA
"EL413",NA,NA
"EL631",NA,NA
"EL632",NA,NA
"EL633",NA,NA
"EL64",408.65,408.9
"EL641",NA,NA
"EL642",NA,NA
"EL643",NA,NA
"EL644",NA,NA
"EL645",NA,NA
"EL65",401.1,401.3125
"EL651",NA,NA
"EL652",NA,NA
"EL653",NA,NA
"FI200",NA,NA
"EL43",460.25,459.225
"EL431",NA,NA
"EL432",NA,NA
"EL433",NA,NA
"EL434",NA,NA
"EL5",2314.6,2318.9125
"EL51",448.45,448.0125
"EL511",NA,NA
"EL512",NA,NA
"EL513",NA,NA
"EL514",NA,NA
"EL515",NA,NA
"EL52",1407.15,1413.9375
"EL521",NA,NA
"EL522",NA,NA
"EL523",NA,NA
"EL524",NA,NA
"EL525",NA,NA
"EL526",NA,NA
"EL527",NA,NA
"EL53",205.35,205.0375
"EL531",NA,NA
"EL532",NA,NA
"EL533",NA,NA
"EL54",252.2,251.925
"EL541",NA,NA
"EL542",NA,NA
"EL543",NA,NA
"EL6",1999.05,2004.3375
"EL61",540.35,541.7375
"EL611",NA,NA
"EL612",NA,NA
"EL613",NA,NA
"EL62",150.1,150.075
"EL621",NA,NA
"EL622",NA,NA
"EL623",NA,NA
"EL624",NA,NA
"EL63",498.85,502.3125
"ES",35038.25,35103.675
"ES1",3319.65,3323.1125
"ES120",NA,NA
"ES13",444.95,444.9375
"ES130",NA,NA
"ES2",3310.35,3325.9375
"ES21",1621.95,1631.175
"ES211",NA,NA
"ES212",NA,NA
"ES213",NA,NA
"ES22",475.15,475.2375
"ES220",NA,NA
"ES23",235.3,236.0875
"ES230",NA,NA
"ES24",981.55,983.4
"ES241",NA,NA
"ES242",NA,NA
"ES243",NA,NA
"ES3",4866.25,4863.6375
"ES30",4866.25,4863.6375
"ES300",NA,NA
"ES4",4196.6,4195.7
"ES41",1843.15,1842.275
"ES411",NA,NA
"ES412",NA,NA
"ES413",NA,NA
"ES414",NA,NA
"ES415",NA,NA
"ES416",NA,NA
"ES417",NA,NA
"ES418",NA,NA
"ES419",NA,NA
"ES42",1538.15,1535.775
"ES421",NA,NA
"ES422",NA,NA
"ES423",NA,NA
"ES424",NA,NA
"ES425",NA,NA
"ES43",817.1,817.6375
"ES431",NA,NA
"ES432",NA,NA
"FI2",21.55,21.5
"FI20",21.55,21.5
"ES11",2069.55,2073.375
"ES111",NA,NA
"ES112",NA,NA
"ES113",NA,NA
"ES114",NA,NA
"ES12",805.2,804.825
"FI",4071.45,4066.275
"ES5",10161.8,10185.3375
"ES51",5550.1,5567.3875
"ES511",NA,NA
"ES512",NA,NA
"ES513",NA,NA
"ES514",NA,NA
"ES52",3737.5,3751.95
"ES521",NA,NA
"ES522",NA,NA
"ES523",NA,NA
"ES53",863,865.9875
"ES531",NA,NA
"ES532",NA,NA
"ES533",NA,NA
"ES6",7550.6,7547
"ES61",6336.6,6334.65
"ES611",NA,NA
"ES612",NA,NA
"ES613",NA,NA
"ES614",NA,NA
"ES615",NA,NA
"ES616",NA,NA
"ES617",NA,NA
"ES618",NA,NA
"ES62",1092.15,1091.825
"ES620",NA,NA
"ES63",61.75,61.7875
"ES630",NA,NA
"ES64",59.15,58.7625
"ES640",NA,NA
"ES7",1666.9,1662.95
"ES70",1666.9,1662.95
"ES703",NA,NA
"ES704",NA,NA
"ES705",NA,NA
"ES706",NA,NA
"ES707",NA,NA
"ES708",NA,NA
"ES709",NA,NA
"FI1D6",NA,NA
"FI1D7",NA,NA
"FI1",4049.9,4044.7625
"FI19",1012.9,1011.9375
"FI193",NA,NA
"FI194",NA,NA
"FI195",NA,NA
"FI196",NA,NA
"FI197",NA,NA
"FI1C",866.55,865.6125
"FI1C1",NA,NA
"FI1C2",NA,NA
"FI1C3",NA,NA
"FI1C4",NA,NA
"FI1C5",NA,NA
"FI1D",955.95,954.8625
"FI1D1",NA,NA
"FI1D2",NA,NA
"FI1D3",NA,NA
"FI1D4",NA,NA
"FI1D5",NA,NA
"FI1B",1213.3,1212.325
"FI1B1",NA,NA
"FR262",NA,NA
"FR263",NA,NA
"FR264",NA,NA
"FR3",2899.75,2902.525
"FR30",2899.75,2902.525
"FR301",NA,NA
"FR302",NA,NA
"FR4",3880.6,3878.9625
"FR41",1674.15,1672.55
"FR411",NA,NA
"FR412",NA,NA
"FR413",NA,NA
"FR414",NA,NA
"FR42",1368.85,1374.65
"FR421",NA,NA
"FR422",NA,NA
"FR43",832.95,831.775
"FR431",NA,NA
"FR432",NA,NA
"FR433",NA,NA
"FR434",NA,NA
"FR51",2560.2,2576.425
"FR511",NA,NA
"FR5",6102.35,6143.0875
"FR512",NA,NA
"FR513",NA,NA
"FR514",NA,NA
"FR515",NA,NA
"FR",46903.9,46929.3
"FR1",8689.75,8689.0375
"FR10",8689.75,8689.0375
"FR101",NA,NA
"FR102",NA,NA
"FR103",NA,NA
"FR104",NA,NA
"FR105",NA,NA
"FR106",NA,NA
"FR107",NA,NA
"FR108",NA,NA
"FR2",7646.8,7655.0375
"FR21",953.5,952.025
"FR211",NA,NA
"FR212",NA,NA
"FR213",NA,NA
"FR214",NA,NA
"FR22",1358.45,1361.05
"FR221",NA,NA
"FR222",NA,NA
"FR223",NA,NA
"FR23",1321.95,1322.3375
"FR231",NA,NA
"FR232",NA,NA
"FR24",1826.25,1820.5375
"FR241",NA,NA
"FR242",NA,NA
"FR243",NA,NA
"FR244",NA,NA
"FR245",NA,NA
"FR246",NA,NA
"FR25",1040.2,1037.975
"FR251",NA,NA
"FR252",NA,NA
"FR253",NA,NA
"FR26",1163.5,1161.1
"FR261",NA,NA
"FR52",2284.55,2298.45
"FR521",NA,NA
"FR522",NA,NA
"FR523",NA,NA
"FR61",2404.15,2386.9875
"FR611",NA,NA
"FR612",NA,NA
"FR613",NA,NA
"FR614",NA,NA
"FR615",NA,NA
"FR62",2104.05,2110.5625
"FR621",NA,NA
"FR622",NA,NA
"FR623",NA,NA
"FR624",NA,NA
"FR625",NA,NA
"FR626",NA,NA
"FR627",NA,NA
"FR628",NA,NA
"FR63",514.1,514.5125
"FR631",NA,NA
"FR632",NA,NA
"FR633",NA,NA
"FR7",5548.85,5542.7875
"FR71",4596.5,4585.7875
"FR711",NA,NA
"FR712",NA,NA
"FR713",NA,NA
"FR714",NA,NA
"FR715",NA,NA
"FR716",NA,NA
"FR717",NA,NA
"FR718",NA,NA
"FR72",956.6,956.9875
"FR721",NA,NA
"FR722",NA,NA
"FR723",NA,NA
"FR724",NA,NA
"FR8",5721.35,5728.7
"FR81",1960.35,1967.2625
"FR811",NA,NA
"FR812",NA,NA
"FR813",NA,NA
"FR814",NA,NA
"FR815",NA,NA
"FR82",3615.8,3606.325
"FR821",NA,NA
"FR822",NA,NA
"FR823",NA,NA
"FR824",NA,NA
"FR825",NA,NA
"FR826",NA,NA
"FR524",NA,NA
"FR53",1263.3,1268.225
"FR531",NA,NA
"FR532",NA,NA
"FR533",NA,NA
"FR534",NA,NA
"FR6",5024.45,5012.0625
"HR033",NA,NA
"HR034",NA,NA
"HR035",NA,NA
"HR036",NA,NA
"HR037",NA,NA
"HR04",2176.85,2168.475
"HR041",NA,NA
"HR042",NA,NA
"HR043",NA,NA
"HR044",NA,NA
"HR045",NA,NA
"HR046",NA,NA
"HR047",NA,NA
"HR048",NA,NA
"HR049",NA,NA
"HR04A",NA,NA
"HR04B",NA,NA
"HR04C",NA,NA
"HR04D",NA,NA
"HR04E",NA,NA
"HU",7591.5,7579.575
"HU1",2268.65,2264.2875
"HU10",2268.65,2264.2875
"HU101",NA,NA
"HU102",NA,NA
"HU2",2308.6,2304.5
"HU21",832.5,831.35
"HU211",NA,NA
"HU212",NA,NA
"HU213",NA,NA
"HU22",768,767.15
"HU221",NA,NA
"HU222",NA,NA
"HU223",NA,NA
"HU23",708.05,705.9875
"HU231",NA,NA
"HU232",NA,NA
"HU233",NA,NA
"FR83",145.6,155.0875
"FR831",NA,NA
"FR832",NA,NA
"FRA",1374.6,1377.0625
"FRA1",288.9,288.7
"FRA10",NA,NA
"FRA2",278.1,279.975
"FRA20",NA,NA
"FRA3",139.5,141.95
"FRA30",NA,NA
"FRA4",605.4,604.1375
"FRA40",NA,NA
"FRA5",124.6,124.6
"FRA50",NA,NA
"HR031",NA,NA
"HR032",NA,NA
"HR",3250.55,3238.6875
"HR0",3250.55,3238.6875
"HR03",1073.75,1070.2125
"HU3",3014.25,3010.8
"HU31",896.3,895.1875
"HU311",NA,NA
"HU312",NA,NA
"HU313",NA,NA
"HU32",1133.15,1132.6375
"HU321",NA,NA
"HU322",NA,NA
"HU323",NA,NA
"HU33",984.8,983
"HU331",NA,NA
"IE",3393.95,3417.85
"IE0",3393.95,3417.85
"IE01",897.3,844.775
"IE011",NA,NA
"IE012",NA,NA
"IE013",NA,NA
"IE02",2496.15,2573.075
"IE021",NA,NA
"IE022",NA,NA
"IE023",NA,NA
"IE024",NA,NA
"IE025",NA,NA
"HU332",NA,NA
"HU333",NA,NA
"IT",45376.85,45396.3125
"ITC",11984.35,11983.4875
"ITC1",3301.15,3288.35
"ITC11",NA,NA
"ITC12",NA,NA
"ITC13",NA,NA
"ITC14",NA,NA
"ITC15",NA,NA
"ITC16",NA,NA
"ITC17",NA,NA
"ITC18",NA,NA
"ITC2",95.75,95.3125
"ITC20",NA,NA
"ITC3",1169.15,1163.4
"ITC31",NA,NA
"ITC32",NA,NA
"ITC33",NA,NA
"ITC34",NA,NA
"ITC4",7458.45,7436.4125
"ITC41",NA,NA
"ITC42",NA,NA
"ITC43",NA,NA
"ITC44",NA,NA
"ITC46",NA,NA
"ITC47",NA,NA
"ITC48",NA,NA
"ITC49",NA,NA
"ITC4A",NA,NA
"ITC4B",NA,NA
"ITC4C",NA,NA
"ITC4D",NA,NA
"ITF",10712.15,10709.65
"ITF1",1001.5,998.825
"ITF11",NA,NA
"IS",227.15,228.75
"IS0",227.15,228.75
"IS00",227.15,228.75
"IS001",NA,NA
"ITF12",NA,NA
"ITF13",NA,NA
"IS002",NA,NA
"SE2",3092.2,3102.05
"TR62",2697.85,2703.075
"TR621",NA,NA
"TR622",NA,NA
"TR63",2052.95,2052.7
"TR631",NA,NA
"TR632",NA,NA
"TR633",NA,NA
"TR7",2694.95,2693.025
"TR71",1057.95,1061.0375
"TR711",NA,NA
"SE21",603.9,606.475
"SE211",NA,NA
"SE212",NA,NA
"SE213",NA,NA
"UK",47110.85,47124.05
"UKC",1933.7,1934.8
"UKC1",869.5,869.3125
"UKC11",NA,NA
"UKC12",NA,NA
"UKC13",NA,NA
"UKC14",NA,NA
"UKC2",1064.55,1065.4875
"UKC21",NA,NA
"UKC22",NA,NA
"UKC23",NA,NA
"UKD",5233.7,5229.6625
"UKD1",366.7,366.9375
"SE214",NA,NA
"SE22",1058.35,1061.925
"SE221",NA,NA
"SE224",NA,NA
"SE23",1429.9,1433.65
"UKD45",NA,NA
"UKD46",NA,NA
"UKD47",NA,NA
"UKD6",665.6,666.375
"UKD61",NA,NA
"UKD62",NA,NA
"UKD63",NA,NA
"UKD7",1107.1,1107.75
"UKD71",NA,NA
"UKD72",NA,NA
"UKD73",NA,NA
"UKD74",NA,NA
"UKE",3911.5,3915.1
"UKE1",676.6,676.5625
"UKE11",NA,NA
"UKE12",NA,NA
"UKE13",NA,NA
"UKE2",583.35,584.975
"UKE21",NA,NA
"UKE22",NA,NA
"UKE3",1005.8,1002.05
"UKE31",NA,NA
"UKE32",NA,NA
"UKE4",1640.35,1651.4625
"UKE41",NA,NA
"UKE42",NA,NA
"UKE44",NA,NA
"UKE45",NA,NA
"UKF",3393.05,3389.4
"UKF1",1574.55,1577.725
"UKF11",NA,NA
"UKF12",NA,NA
"UKF13",NA,NA
"UKF14",NA,NA
"UKF15",NA,NA
"UKF16",NA,NA
"UKF2",1274.5,1278.125
"UKF21",NA,NA
"UKF22",NA,NA
"UKF24",NA,NA
"UKF25",NA,NA
"UKF3",534.15,533.5375
"UKF30",NA,NA
"UKG",4128.6,4128.8
"UKG1",951.2,952.4375
"UKG11",NA,NA
"UKG12",NA,NA
"UKG13",NA,NA
"UKG2",1170.9,1168.0875
"UKG21",NA,NA
"UKG22",NA,NA
"UKG23",NA,NA
"UKG24",NA,NA
"UKG3",2007.2,2008.275
"UKG31",NA,NA
"UKG32",NA,NA
"UKG33",NA,NA
"UKG36",NA,NA
"UKG37",NA,NA
"UKG38",NA,NA
"UKG39",NA,NA
"UKH",4337.2,4337.8875
"UKH1",1765.8,1768.1375
"UKH11",NA,NA
"UKH12",NA,NA
"UKH14",NA,NA
"UKH15",NA,NA
"UKH16",NA,NA
"UKH17",NA,NA
"UKH2",1307.75,1296.3625
"UKH21",NA,NA
"UKH23",NA,NA
"UKH24",NA,NA
"UKH25",NA,NA
"UKH3",1265,1273.3875
"UKH31",NA,NA
"UKH32",NA,NA
"UKH34",NA,NA
"UKH35",NA,NA
"UKH36",NA,NA
"UKH37",NA,NA
"UKI",6320.65,6343.875
"UKI3",853.15,858.5875
"UKI31",NA,NA
"UKI32",NA,NA
"UKI33",NA,NA
"UKI34",NA,NA
"UKI4",1741.3,1750.0875
"UKI41",NA,NA
"UKI42",NA,NA
"UKI43",NA,NA
"UKI44",NA,NA
"UKI45",NA,NA
"UKI5",1299.75,1323.55
"UKI51",NA,NA
"UKI52",NA,NA
"UKI53",NA,NA
"UKI54",NA,NA
"UKI6",938.25,929.175
"UKI61",NA,NA
"UKI62",NA,NA
"UKI63",NA,NA
"UKI7",1491.75,1482.4375
"UKI71",NA,NA
"UKI72",NA,NA
"UKI73",NA,NA
"UKI74",NA,NA
"UKI75",NA,NA
"UKJ",6378.9,6374.2125
"UKJ1",1689.55,1682.5
"UKJ11",NA,NA
"UKJ12",NA,NA
"UKJ13",NA,NA
"UKJ14",NA,NA
"UKJ2",2001.05,2010.8625
"UKJ21",NA,NA
"UKJ22",NA,NA
"UKJ25",NA,NA
"UKJ26",NA,NA
"UKJ27",NA,NA
"UKJ28",NA,NA
"UKJ3",1398.75,1402.9
"UKJ31",NA,NA
"UKJ32",NA,NA
"UKJ34",NA,NA
"UKJ35",NA,NA
"UKJ36",NA,NA
"UKJ37",NA,NA
"UKJ4",1283.6,1277.925
"UKJ41",NA,NA
"UKJ43",NA,NA
"UKJ44",NA,NA
"UKJ45",NA,NA
"UKJ46",NA,NA
"UKK",3908.45,3908.45
"UKK1",1751.5,1746.3125
"UKK11",NA,NA
"UKK12",NA,NA
"UKK13",NA,NA
"UKK14",NA,NA
"UKK15",NA,NA
"UKK2",929,927.2125
"UKK21",NA,NA
"UKK22",NA,NA
"UKK23",NA,NA
"UKK3",397.65,395.9875
"UKK30",NA,NA
"UKK4",834.9,838.95
"UKK41",NA,NA
"UKK42",NA,NA
"UKK43",NA,NA
"UKL",2261.95,2258.1375
"UKL1",1422.95,1421.8125
"UKL11",NA,NA
"UKL12",NA,NA
"UKL13",NA,NA
"UKL14",NA,NA
"UKL15",NA,NA
"UKL16",NA,NA
"UKL17",NA,NA
"UKL18",NA,NA
"UKL2",835.9,836.325
"UKL21",NA,NA
"UKL22",NA,NA
"UKL23",NA,NA
"UKL24",NA,NA
"UKM21",NA,NA
"UKM22",NA,NA
"UKM23",NA,NA
"UKM24",NA,NA
"UKM25",NA,NA
"UKM26",NA,NA
"UKM27",NA,NA
"UKM28",NA,NA
"UKM32",NA,NA
"UKM33",NA,NA
"UKM34",NA,NA
"UKM35",NA,NA
"UKM36",NA,NA
"UKM37",NA,NA
"UKM38",NA,NA
"UKM50",NA,NA
"UKM64",NA,NA
"UKM65",NA,NA
"UKM66",NA,NA
"UKN",1335.3,1335.4375
"UKN0",1335.3,1335.4375
"UKN01",NA,NA
"UKN02",NA,NA
"UKN03",NA,NA
"UKN04",NA,NA
"UKN05",NA,NA
"UKM31",NA,NA
"UKM62",NA,NA
"UKM61",NA,NA
"UKM2",1511.2,1511.4875
"UKM3",1630.95,1647.7125
"UKM5",365,364.875
"UKM63",NA,NA
"UKM",3969.3,3968.2875
"UKM6",459.25,444.2375
"RO411",NA,NA
"RO412",NA,NA
"RO413",NA,NA
"RO414",NA,NA
"RO415",NA,NA
"RO42",1436.05,1432.9
"RO421",NA,NA
"RO422",NA,NA
"RO423",NA,NA
"RO424",NA,NA
"SE231",NA,NA
"SE232",NA,NA
"SE3",1272.15,1272.575
"SE31",616.6,617.05
"SE311",NA,NA
"SE312",NA,NA
"TR",53975.25,53917.3625
"TR1",10219.6,10247.425
"TR10",10219.6,10247.425
"TR100",NA,NA
"TR712",NA,NA
"TR713",NA,NA
"TR714",NA,NA
"TR715",NA,NA
"TR72",1630,1632
"TR721",NA,NA
"TR722",NA,NA
"TR723",NA,NA
"TR8",3203.3,3216.6375
"TR81",759.2,756.4625
"TR811",NA,NA
"TR812",NA,NA
"TR813",NA,NA
"TR2",2465.8,2459.375
"TR21",1234.05,1228.5
"TR211",NA,NA
"TR212",NA,NA
"TR213",NA,NA
"TR22",1236.75,1230.8625
"TR82",538.9,540.8375
"TR821",NA,NA
"TR822",NA,NA
"TR823",NA,NA
"TR83",1915.3,1919.3
"TR831",NA,NA
"TR832",NA,NA
"TR833",NA,NA
"TR834",NA,NA
"TR9",1837.45,1835.5875
"SE313",NA,NA
"SE32",272.9,272.9875
"SE321",NA,NA
"TR221",NA,NA
"TR222",NA,NA
"TR3",7280.45,7294.9375
"TR90",1837.45,1835.5875
"TR901",NA,NA
"TR902",NA,NA
"TR903",NA,NA
"TR904",NA,NA
"TR905",NA,NA
"TR906",NA,NA
"TRA",1371.6,1385
"TRA1",691.05,684.9375
"TRA11",NA,NA
"TRA12",NA,NA
"SE",7180.45,7193.5375
"SE322",NA,NA
"SE33",382.4,382.525
"SE331",NA,NA
"TR31",3084.55,3065.875
"TR310",NA,NA
"TR32",2125.4,2116.5
"TR321",NA,NA
"TR322",NA,NA
"TRA13",NA,NA
"TRA2",699.35,700.05
"TRA21",NA,NA
"TRA22",NA,NA
"TRA23",NA,NA
"TRA24",NA,NA
"TRB",2447.6,2425.4875
"TRB1",1192.2,1178.375
"TRB11",NA,NA
"TRB12",NA,NA
"TRB13",NA,NA
"TRB14",NA,NA
"SE1",2818.7,2818.925
"SE332",NA,NA
"SI",1592.65,1593.5125
"SI0",1592.65,1593.5125
"SI03",856.95,856.4375
"SI031",NA,NA
"SI032",NA,NA
"SI033",NA,NA
"SI034",NA,NA
"SI035",NA,NA
"SI036",NA,NA
"SI037",NA,NA
"TR323",NA,NA
"TR33",2096.85,2112.575
"TR331",NA,NA
"TR332",NA,NA
"TR333",NA,NA
"TR334",NA,NA
"TR4",5345.65,5320.625
"TR41",2782.4,2779.4125
"TRB2",1255.35,1247.1
"TRB21",NA,NA
"TRB22",NA,NA
"TRB23",NA,NA
"TRB24",NA,NA
"TRC",4949.55,4971.1625
"TRC1",1647.8,1653.4
"TRC11",NA,NA
"TRC12",NA,NA
"TRC13",NA,NA
"TRC2",2066.25,2075.9125
"TRC21",NA,NA
"TRC22",NA,NA
"TRC3",1250.6,1241.875
"SE11",1623.35,1621.4125
"SE110",NA,NA
"SI038",NA,NA
"SI04",736.4,737.075
"SI041",NA,NA
"SI042",NA,NA
"SI043",NA,NA
"SI044",NA,NA
"SK",4283.7,4283.8375
"SK0",4283.7,4283.8375
"SK01",491.25,492.3625
"SK010",NA,NA
"SK02",1481.75,1481.45
"SK021",NA,NA
"SK022",NA,NA
"SK023",NA,NA
"TR411",NA,NA
"TR412",NA,NA
"TR413",NA,NA
"TR42",2563.2,2541.2125
"TR421",NA,NA
"TR422",NA,NA
"TR423",NA,NA
"TR424",NA,NA
"TR425",NA,NA
"TR5",5273.8,5275.1375
"TR51",3696.6,3690.6625
"TR510",NA,NA
"TR52",1577.25,1584.5
"TRC31",NA,NA
"TRC32",NA,NA
"TRC33",NA,NA
"TRC34",NA,NA
"SE12",1195.35,1197.4875
"SE121",NA,NA
"SE122",NA,NA
"SE123",NA,NA
"SE124",NA,NA
"SE125",NA,NA
"SK03",1068.15,1067.075
"SK031",NA,NA
"SK032",NA,NA
"SK04",1246.05,1242.95
"SK041",NA,NA
"SK042",NA,NA
"UKD11",NA,NA
"UKD12",NA,NA
"UKD3",2022.45,2017.65
"UKD33",NA,NA
"UKD34",NA,NA
"UKD35",NA,NA
"UKD36",NA,NA
"UKD37",NA,NA
"UKD4",1068.7,1070.95
"UKD41",NA,NA
"UKD42",NA,NA
"UKD44",NA,NA
"TR521",NA,NA
"TR522",NA,NA
"TR6",6837.25,6792.925
"TR61",2058.3,2037.1375
"TR611",NA,NA
"TR612",NA,NA
"TR613",NA,NA
"ITI42",NA,NA
"ITI43",NA,NA
"ITI44",NA,NA
"ITI45",NA,NA
"LI",NA,NA
"LI0",NA,NA
"LI00",NA,NA
"LI000",NA,NA
"LT",2249.7,2257.4875
"LT0",2249.7,2257.4875
"LT00",2249.7,2257.4875
"NO043",NA,NA
"NO052",NA,NA
"NO053",NA,NA
"NO06",329.75,328.7875
"NO073",NA,NA
"PL218",NA,NA
"PL219",NA,NA
"PL21A",NA,NA
"PL22",3511.4,3505.5875
"PL224",NA,NA
"PL225",NA,NA
"PL227",NA,NA
"PL228",NA,NA
"PL229",NA,NA
"PL22A",NA,NA
"PL22B",NA,NA
"PL22C",NA,NA
"PL3",5151.1,5110.0875
"PL31",1737.7,1712.7
"PL311",NA,NA
"PL312",NA,NA
"PL314",NA,NA
"PL315",NA,NA
"PL32",1522.4,1519.675
"PL323",NA,NA
"PL324",NA,NA
"PL325",NA,NA
"PL326",NA,NA
"PL33",1065,1039.625
"PL331",NA,NA
"PL332",NA,NA
"PL34",830.4,838.075
"PL343",NA,NA
"PL344",NA,NA
"NO061",NA,NA
"NO062",NA,NA
"NO05",645.75,643.175
"PL345",NA,NA
"PL4",4333.5,4334.775
"PL41",2423.15,2432.575
"PL411",NA,NA
"PL414",NA,NA
"PL415",NA,NA
"PL416",NA,NA
"PL417",NA,NA
"PL418",NA,NA
"PL42",1109.8,1137.6375
"PL424",NA,NA
"PL426",NA,NA
"PL427",NA,NA
"PL428",NA,NA
"PL43",758.15,764.55
"PL431",NA,NA
"PL432",NA,NA
"PL5",2765.05,2751.8375
"PL51",2088.35,2071.575
"PL514",NA,NA
"PL515",NA,NA
"PL516",NA,NA
"NO051",NA,NA
"PL517",NA,NA
"PL518",NA,NA
"PL52",681.65,680.25
"PL523",NA,NA
"PL524",NA,NA
"PL6",4148.55,4155.525
"PL61",1491.4,1494.125
"PL613",NA,NA
"PL616",NA,NA
"PL617",NA,NA
"PL618",NA,NA
"PL619",NA,NA
"PL62",1044.3,1049.75
"PL621",NA,NA
"PL622",NA,NA
"PL623",NA,NA
"PL63",1644.25,1611.675
"PL633",NA,NA
"PL634",NA,NA
"PL636",NA,NA
"PL637",NA,NA
"PL638",NA,NA
"NO072",NA,NA
"PT",7883.45,7899.675
"PT1",7490.7,7508.3
"PT11",2806.45,2808.0375
"PT111",NA,NA
"PT112",NA,NA
"PT119",NA,NA
"PT11A",NA,NA
"PT11B",NA,NA
"PT11C",NA,NA
"PT11D",NA,NA
"PT11E",NA,NA
"PT15",329.05,330.625
"PT150",NA,NA
"PT16",1708.15,1713.3
"PT16B",NA,NA
"PT16D",NA,NA
"PT16E",NA,NA
"PT16F",NA,NA
"PT16G",NA,NA
"PT16H",NA,NA
"PT16I",NA,NA
"PT16J",NA,NA
"PT17",2103.1,2111.35
"PT170",NA,NA
"PT18",546.15,545.025
"PT181",NA,NA
"PT184",NA,NA
"PT185",NA,NA
"PT186",NA,NA
"PT187",NA,NA
"PT2",189.7,189.375
"PT20",189.7,189.375
"PT200",NA,NA
"PT3",202.65,202
"PT30",202.65,202
"PT300",NA,NA
"NO07",358.05,356.825
"PL",28489.25,28405.6125
"PL1",6200.45,6178.9375
"PL11",2163.15,2104.65
"PL113",NA,NA
"PL114",NA,NA
"PL115",NA,NA
"PL116",NA,NA
"PL117",NA,NA
"RO",15337.25,15329.5875
"RO1",3821.8,3817.0625
"RO11",2012.05,2009.9
"RO111",NA,NA
"RO112",NA,NA
"RO113",NA,NA
"RO114",NA,NA
"RO115",NA,NA
"RO116",NA,NA
"RO12",1809.75,1807.1625
"RO121",NA,NA
"RO122",NA,NA
"RO123",NA,NA
"RO124",NA,NA
"RO125",NA,NA
"RO126",NA,NA
"RO2",4338.5,4339.6125
"RO21",2420.05,2422.95
"RO211",NA,NA
"RO212",NA,NA
"PL12",4019.5,4074.2875
"PL127",NA,NA
"PL128",NA,NA
"PL129",NA,NA
"PL12A",NA,NA
"PL12B",NA,NA
"PL12C",NA,NA
"PL12D",NA,NA
"PL12E",NA,NA
"PL2",5855.75,5874.4
"PL21",2384.25,2368.8125
"PL213",NA,NA
"PL214",NA,NA
"PL217",NA,NA
"RO213",NA,NA
"RO214",NA,NA
"RO215",NA,NA
"RO216",NA,NA
"RO22",1918.4,1916.65
"RO221",NA,NA
"RO222",NA,NA
"RO223",NA,NA
"RO224",NA,NA
"RO225",NA,NA
"RO226",NA,NA
"RO3",4174.15,4172.1625
"RO31",2356.95,2354.2125
"RO311",NA,NA
"RO312",NA,NA
"RO313",NA,NA
"RO314",NA,NA
"RO315",NA,NA
"RO316",NA,NA
"RO317",NA,NA
"RO32",1817.2,1817.95
"RO321",NA,NA
"RO322",NA,NA
"RO4",3002.8,3000.7125
"RO41",1566.75,1567.825
"NO071",NA,NA
"ITF14",NA,NA
"ITF2",236.05,235.4125
"ITF21",NA,NA
"ITF22",NA,NA
"ITF3",4453.45,4443.6625
"ITF31",NA,NA
"ITF32",NA,NA
"ITF33",NA,NA
"ITF34",NA,NA
"ITF35",NA,NA
"ITF4",3105.75,3102.7625
"ITF43",NA,NA
"ITF44",NA,NA
"ITF45",NA,NA
"LT001",NA,NA
"LT002",NA,NA
"LT003",NA,NA
"LT004",NA,NA
"LT005",NA,NA
"LT006",NA,NA
"LT007",NA,NA
"LT008",NA,NA
"LT009",NA,NA
"LT00A",NA,NA
"LU",406.8,411.875
"LU0",406.8,411.875
"LU00",406.8,411.875
"LU000",NA,NA
"ITF46",NA,NA
"ITF47",NA,NA
"ITF48",NA,NA
"ITF5",436.05,435.55
"ITF51",NA,NA
"ITF52",NA,NA
"ITF6",1494.05,1493.425
"ITF61",NA,NA
"ITF62",NA,NA
"ITF63",NA,NA
"ITF64",NA,NA
"ITF65",NA,NA
"LV",1515.95,1521.1
"LV0",1515.95,1521.1
"LV00",1515.95,1521.1
"LV003",NA,NA
"LV005",NA,NA
"LV006",NA,NA
"LV007",NA,NA
"LV008",NA,NA
"ITG",5115.35,5113.9625
"ITG1",3824.05,3825.25
"ITG11",NA,NA
"ITG12",NA,NA
"ITG13",NA,NA
"LV009",NA,NA
"ME",468.8,468.914285714286
"ME0",468.8,468.914285714286
"ME00",468.8,468.914285714286
"ME000",NA,NA
"MK",1618.75,1616.45
"MK0",1618.75,1616.45
"MK00",1618.75,1616.45
"ITG14",NA,NA
"ITG15",NA,NA
"ITG16",NA,NA
"ITG17",NA,NA
"ITG18",NA,NA
"ITG19",NA,NA
"ITG2",1292,1288.7
"ITG25",NA,NA
"ITG26",NA,NA
"ITG27",NA,NA
"ITG28",NA,NA
"MK001",NA,NA
"MK002",NA,NA
"MK003",NA,NA
"MK004",NA,NA
"MK005",NA,NA
"MK006",NA,NA
"MK007",NA,NA
"MK008",NA,NA
"MT",328.85,329.5375
"MT0",328.85,329.5375
"MT00",328.85,329.5375
"MT001",NA,NA
"MT002",NA,NA
"NL",12651.1,12628.85
"ITG29",NA,NA
"ITG2A",NA,NA
"ITG2B",NA,NA
"ITG2C",NA,NA
"ITH",8648.55,8651.7
"ITH1",382.1,380.7625
"ITH10",NA,NA
"ITH2",397.2,395.5
"ITH20",NA,NA
"NL1",1286.85,1284.1375
"NL11",445,444.25
"NL111",NA,NA
"NL112",NA,NA
"NL113",NA,NA
"NL12",479.45,479.8875
"NL121",NA,NA
"NL122",NA,NA
"NL123",NA,NA
"NL13",359.7,359.975
"NL131",NA,NA
"NL132",NA,NA
"NL133",NA,NA
"NL2",2652.5,2651.1375
"NL21",842.6,845.0375
"NL211",NA,NA
"NL212",NA,NA
"NL213",NA,NA
"NL22",1513.95,1513.6875
"NL221",NA,NA
"NL224",NA,NA
"NO01",917.3,915.525
"NO011",NA,NA
"NO012",NA,NA
"NO02",284.9,284.45
"ITH3",3687.75,3686.275
"ITH31",NA,NA
"ITH32",NA,NA
"ITH33",NA,NA
"ITH34",NA,NA
"ITH35",NA,NA
"ITH36",NA,NA
"ITH37",NA,NA
"ITH4",919.85,916.375
"ITH41",NA,NA
"ITH42",NA,NA
"ITH43",NA,NA
"ITH44",NA,NA
"ITH5",3275.75,3272.7375
"NL225",NA,NA
"NL226",NA,NA
"NL23",291.95,292.3875
"NL230",NA,NA
"NL3",5961.7,5957
"NL31",930.7,930.8625
"NL310",NA,NA
"NL32",2071.7,2068.9
"NL321",NA,NA
"NL322",NA,NA
"NL323",NA,NA
"NL324",NA,NA
"NL325",NA,NA
"NL326",NA,NA
"NL327",NA,NA
"NL33",2672,2672.975
"NL332",NA,NA
"NL333",NA,NA
"NL337",NA,NA
"NL338",NA,NA
"NL339",NA,NA
"NL33A",NA,NA
"NO",3814.6,3802.175
"NO0",3814.6,3802.175
"NO021",NA,NA
"NO022",NA,NA
"NO03",723.7,721.4375
"NO031",NA,NA
"NO032",NA,NA
"NO033",NA,NA
"NO034",NA,NA
"ITH51",NA,NA
"ITH52",NA,NA
"ITH53",NA,NA
"ITH54",NA,NA
"ITH55",NA,NA
"ITH56",NA,NA
"ITH57",NA,NA
"ITH58",NA,NA
"ITH59",NA,NA
"ITI",8976.3,8937.5625
"ITI1",2782,2778.6125
"ITI11",NA,NA
"ITI12",NA,NA
"ITI13",NA,NA
"ITI14",NA,NA
"NL34",284.95,284.2625
"NL341",NA,NA
"NL342",NA,NA
"NL4",2744.1,2736.55
"NL41",1875.85,1874.7375
"NL411",NA,NA
"NL412",NA,NA
"NL413",NA,NA
"NL414",NA,NA
"NL42",861.75,861.8125
"NL421",NA,NA
"NL422",NA,NA
"NL423",NA,NA
"NO04",555.15,551.9875
"NO041",NA,NA
"NO042",NA,NA
"ITI15",NA,NA
"ITI16",NA,NA
"ITI17",NA,NA
"ITI18",NA,NA
"ITI19",NA,NA
"ITI1A",NA,NA
"ITI2",659.6,658.15
"ITI21",NA,NA
"ITI22",NA,NA
"ITI3",1148.4,1145.3375
"ITI31",NA,NA
"ITI32",NA,NA
"ITI33",NA,NA
"ITI34",NA,NA
"ITI35",NA,NA
"ITI4",4403.25,4355.475
"ITI41",NA,NA
