"geo","soil_loss_median","soil_loss_mean"
"AT",7.324,7.324
"AT1",2.164,2.164
"AT11",1.842,1.842
"AT111",NA,NA
"AT112",NA,NA
"AT113",NA,NA
"AT12",2.236,2.236
"AT121",NA,NA
"AT122",NA,NA
"AT123",NA,NA
"AT124",NA,NA
"AT125",NA,NA
"AT126",NA,NA
"AT127",NA,NA
"AT13",1.014,1.014
"AT130",NA,NA
"AT2",7.927,7.927
"AT21",11.671,11.671
"AT211",NA,NA
"AT212",NA,NA
"AT213",NA,NA
"AT22",5.804,5.804
"AT221",NA,NA
"AT222",NA,NA
"AT223",NA,NA
"AT224",NA,NA
"AT225",NA,NA
"AT226",NA,NA
"AT3",10.524,10.524
"AT31",3.791,3.791
"AT311",NA,NA
"AT312",NA,NA
"AT313",NA,NA
"AT314",NA,NA
"AT315",NA,NA
"AT32",10.602,10.602
"AT321",NA,NA
"BE3",1.435,1.435
"BE31",2.229,2.229
"BE310",NA,NA
"BE32",1.379,1.379
"BE321",NA,NA
"BE322",NA,NA
"BE323",NA,NA
"BE325",NA,NA
"BE326",NA,NA
"BE327",NA,NA
"BE33",1.438,1.438
"BE331",NA,NA
"BE332",NA,NA
"BE334",NA,NA
"BE335",NA,NA
"BE336",NA,NA
"BE34",1.24,1.24
"BE341",NA,NA
"BE342",NA,NA
"BE343",NA,NA
"BE344",NA,NA
"BE345",NA,NA
"BE35",1.539,1.539
"BE351",NA,NA
"BE352",NA,NA
"BE353",NA,NA
"BG",2.027,2.027
"BG3",2.252,2.252
"BG31",2.696,2.696
"BG311",NA,NA
"BG312",NA,NA
"BG313",NA,NA
"BG314",NA,NA
"BG315",NA,NA
"BG32",2.823,2.823
"BG321",NA,NA
"BG322",NA,NA
"BG323",NA,NA
"BG324",NA,NA
"BG325",NA,NA
"BG33",2.262,2.262
"BG331",NA,NA
"BG332",NA,NA
"BG333",NA,NA
"BG334",NA,NA
"BG34",1.393,1.393
"BG341",NA,NA
"BG342",NA,NA
"BG343",NA,NA
"BG344",NA,NA
"BG4",1.671,1.671
"BG41",1.832,1.832
"BG411",NA,NA
"BG412",NA,NA
"BG413",NA,NA
"BG414",NA,NA
"BG415",NA,NA
"BG42",1.526,1.526
"BG421",NA,NA
"BG422",NA,NA
"BG423",NA,NA
"BG424",NA,NA
"BG425",NA,NA
"CY",2.936,2.936
"CY0",2.936,2.936
"CY00",2.936,2.936
"CY000",NA,NA
"CZ",1.616,1.616
"CZ0",1.616,1.616
"CZ01",1.14,1.14
"CZ010",NA,NA
"CZ02",1.494,1.494
"CZ020",NA,NA
"CZ03",1.515,1.515
"CZ031",NA,NA
"CZ032",NA,NA
"CZ04",1.346,1.346
"CZ041",NA,NA
"CZ042",NA,NA
"CZ05",1.64,1.64
"CZ051",NA,NA
"CZ052",NA,NA
"CZ053",NA,NA
"CZ06",1.756,1.756
"CZ063",NA,NA
"CZ064",NA,NA
"CZ07",1.753,1.753
"CZ071",NA,NA
"CZ072",NA,NA
"CZ08",2.012,2.012
"CZ080",NA,NA
"CH",NA,NA
"CH0",NA,NA
"CH01",NA,NA
"CH011",NA,NA
"CH012",NA,NA
"CH013",NA,NA
"CH02",NA,NA
"CH021",NA,NA
"CH022",NA,NA
"CH023",NA,NA
"CH024",NA,NA
"CH025",NA,NA
"CH03",NA,NA
"CH031",NA,NA
"CH032",NA,NA
"CH033",NA,NA
"CH04",NA,NA
"CH040",NA,NA
"AT322",NA,NA
"AT323",NA,NA
"AT33",17.605,17.605
"AT331",NA,NA
"AT332",NA,NA
"AT333",NA,NA
"AT334",NA,NA
"AT335",NA,NA
"AT34",9.8,9.8
"AT341",NA,NA
"AT342",NA,NA
"BE",1.218,1.218
"BE1",0.401,0.401
"BE10",0.401,0.401
"BE100",NA,NA
"BE2",0.901,0.901
"BE21",0.339,0.339
"BE211",NA,NA
"BE212",NA,NA
"BE213",NA,NA
"BE22",0.807,0.807
"BE221",NA,NA
"BE222",NA,NA
"BE223",NA,NA
"BE23",1.012,1.012
"BE231",NA,NA
"BE232",NA,NA
"BE233",NA,NA
"BE234",NA,NA
"BE235",NA,NA
"BE236",NA,NA
"BE24",1.576,1.576
"BE241",NA,NA
"BE242",NA,NA
"BE25",0.909,0.909
"BE251",NA,NA
"BE252",NA,NA
"BE253",NA,NA
"BE254",NA,NA
"BE255",NA,NA
"BE256",NA,NA
"BE257",NA,NA
"BE258",NA,NA
"DE72",1.461,1.461
"DE721",NA,NA
"DE722",NA,NA
"DE723",NA,NA
"DE724",NA,NA
"DE725",NA,NA
"DE73",1.722,1.722
"DE731",NA,NA
"DE732",NA,NA
"DE733",NA,NA
"DE734",NA,NA
"DE735",NA,NA
"DE736",NA,NA
"DE737",NA,NA
"DE8",0.37,0.37
"DE80",0.37,0.37
"DE803",NA,NA
"DE804",NA,NA
"DE80J",NA,NA
"DE80K",NA,NA
"DE80L",NA,NA
"DE80M",NA,NA
"DE80N",NA,NA
"DE80O",NA,NA
"DE9",0.585,0.585
"DE91",1.133,1.133
"DE911",NA,NA
"DE912",NA,NA
"DE913",NA,NA
"DE914",NA,NA
"DE915",NA,NA
"DE916",NA,NA
"DE917",NA,NA
"DE918",NA,NA
"DE919",NA,NA
"DE91A",NA,NA
"DE91B",NA,NA
"DE92",0.967,0.967
"DE922",NA,NA
"DE923",NA,NA
"DE925",NA,NA
"DE926",NA,NA
"DE927",NA,NA
"DE928",NA,NA
"DE929",NA,NA
"DE93",0.301,0.301
"DE931",NA,NA
"DE932",NA,NA
"DE933",NA,NA
"DE934",NA,NA
"DE935",NA,NA
"DE936",NA,NA
"DE937",NA,NA
"DE938",NA,NA
"DE939",NA,NA
"DE93A",NA,NA
"DE93B",NA,NA
"DE94",0.359,0.359
"DE941",NA,NA
"DE942",NA,NA
"DE943",NA,NA
"DE944",NA,NA
"DE945",NA,NA
"DE946",NA,NA
"DE947",NA,NA
"DE948",NA,NA
"DE949",NA,NA
"DE94A",NA,NA
"DE94B",NA,NA
"DE94C",NA,NA
"DE94D",NA,NA
"DE94E",NA,NA
"DE94F",NA,NA
"DE94G",NA,NA
"DE94H",NA,NA
"DEA",1.123,1.123
"DEA1",0.808,0.808
"DEA11",NA,NA
"DEA12",NA,NA
"DEA13",NA,NA
"DEA14",NA,NA
"DEA15",NA,NA
"DEA16",NA,NA
"DEA17",NA,NA
"DEA18",NA,NA
"DEA19",NA,NA
"DEA1A",NA,NA
"DEA1B",NA,NA
"DEA1C",NA,NA
"DEA1D",NA,NA
"DEA1E",NA,NA
"DEA1F",NA,NA
"DEA2",1.185,1.185
"DEA22",NA,NA
"DEA23",NA,NA
"DEA24",NA,NA
"DEA26",NA,NA
"DEA27",NA,NA
"DEA28",NA,NA
"DEA29",NA,NA
"DEA2A",NA,NA
"DEA2B",NA,NA
"DEA2C",NA,NA
"DEA2D",NA,NA
"DEA3",0.58,0.58
"DEA31",NA,NA
"DEA32",NA,NA
"DEA33",NA,NA
"DEA34",NA,NA
"DEA35",NA,NA
"DEA36",NA,NA
"DEA37",NA,NA
"DEA38",NA,NA
"DEA4",1.522,1.522
"DEA41",NA,NA
"DEA42",NA,NA
"DEA43",NA,NA
"DEA44",NA,NA
"DEA45",NA,NA
"DEA46",NA,NA
"DEA47",NA,NA
"DEA5",1.389,1.389
"DEA51",NA,NA
"DEA52",NA,NA
"DEA53",NA,NA
"DEA54",NA,NA
"DEA55",NA,NA
"DEA56",NA,NA
"CH05",NA,NA
"CH051",NA,NA
"CH052",NA,NA
"CH053",NA,NA
"CH054",NA,NA
"CH055",NA,NA
"CH056",NA,NA
"CH057",NA,NA
"CH06",NA,NA
"CH061",NA,NA
"CH062",NA,NA
"CH063",NA,NA
"CH064",NA,NA
"CH065",NA,NA
"CH066",NA,NA
"CH07",NA,NA
"CH070",NA,NA
"DE",1.177,1.177
"DE1",1.931,1.931
"DE11",1.966,1.966
"DE111",NA,NA
"DE112",NA,NA
"DE113",NA,NA
"DE114",NA,NA
"DE115",NA,NA
"DE116",NA,NA
"DE117",NA,NA
"DE118",NA,NA
"DE119",NA,NA
"DE11A",NA,NA
"DE11B",NA,NA
"DE11C",NA,NA
"DE11D",NA,NA
"DE12",1.467,1.467
"DE121",NA,NA
"DE122",NA,NA
"DE123",NA,NA
"DE124",NA,NA
"DE125",NA,NA
"DE126",NA,NA
"DE127",NA,NA
"DE128",NA,NA
"DE129",NA,NA
"DE12A",NA,NA
"DE12B",NA,NA
"DE12C",NA,NA
"DE13",1.977,1.977
"DE131",NA,NA
"DE132",NA,NA
"DE133",NA,NA
"DE134",NA,NA
"DE135",NA,NA
"DE136",NA,NA
"DE137",NA,NA
"DE138",NA,NA
"DE139",NA,NA
"DE13A",NA,NA
"DE14",2.181,2.181
"DE141",NA,NA
"DE142",NA,NA
"DE143",NA,NA
"DE144",NA,NA
"DE145",NA,NA
"DE146",NA,NA
"DE147",NA,NA
"DE148",NA,NA
"DE149",NA,NA
"DE2",1.915,1.915
"DE21",2.083,2.083
"DE211",NA,NA
"DE212",NA,NA
"DE213",NA,NA
"DE214",NA,NA
"DE215",NA,NA
"DE216",NA,NA
"DE217",NA,NA
"DE218",NA,NA
"DE219",NA,NA
"DE21A",NA,NA
"DE21B",NA,NA
"DE21C",NA,NA
"DE21D",NA,NA
"DE21E",NA,NA
"DE21F",NA,NA
"DE21G",NA,NA
"DE21H",NA,NA
"DE21I",NA,NA
"DE21J",NA,NA
"DE21K",NA,NA
"DE21L",NA,NA
"DE21M",NA,NA
"DE21N",NA,NA
"DE22",2.477,2.477
"DE221",NA,NA
"DE222",NA,NA
"DE223",NA,NA
"DE224",NA,NA
"DE225",NA,NA
"DE226",NA,NA
"DE227",NA,NA
"DE228",NA,NA
"DE229",NA,NA
"DE22A",NA,NA
"DE22B",NA,NA
"DE22C",NA,NA
"DE23",1.572,1.572
"DE231",NA,NA
"DE232",NA,NA
"DE233",NA,NA
"DE234",NA,NA
"DE235",NA,NA
"DE236",NA,NA
"DE237",NA,NA
"DE238",NA,NA
"DE239",NA,NA
"DE23A",NA,NA
"DE24",1.712,1.712
"DE241",NA,NA
"DE242",NA,NA
"DE243",NA,NA
"DE244",NA,NA
"DE245",NA,NA
"DE246",NA,NA
"DE247",NA,NA
"DE248",NA,NA
"DE249",NA,NA
"DE24A",NA,NA
"DE24B",NA,NA
"DE24C",NA,NA
"DE24D",NA,NA
"DE25",1.293,1.293
"DE251",NA,NA
"DE252",NA,NA
"DE253",NA,NA
"DE254",NA,NA
"DE255",NA,NA
"DE256",NA,NA
"DE257",NA,NA
"DE258",NA,NA
"DE259",NA,NA
"DE25A",NA,NA
"DE25B",NA,NA
"DE25C",NA,NA
"DE26",1.829,1.829
"DE261",NA,NA
"DE262",NA,NA
"DE263",NA,NA
"DE264",NA,NA
"DE265",NA,NA
"DE266",NA,NA
"DE267",NA,NA
"DE268",NA,NA
"DE269",NA,NA
"DE26A",NA,NA
"DE26B",NA,NA
"DE26C",NA,NA
"DE27",2.048,2.048
"DE271",NA,NA
"DE272",NA,NA
"DE273",NA,NA
"DE274",NA,NA
"DE275",NA,NA
"DE276",NA,NA
"DE277",NA,NA
"DE278",NA,NA
"DE279",NA,NA
"DE27A",NA,NA
"DE27B",NA,NA
"DE27C",NA,NA
"DE27D",NA,NA
"DE27E",NA,NA
"DE3",0.086,0.086
"DE30",0.086,0.086
"DE300",NA,NA
"DE4",0.269,0.269
"DE40",0.269,0.269
"DE401",NA,NA
"DE402",NA,NA
"DE403",NA,NA
"DE404",NA,NA
"DE405",NA,NA
"DE406",NA,NA
"DE407",NA,NA
"DE408",NA,NA
"DE409",NA,NA
"DE40A",NA,NA
"DE40B",NA,NA
"DE40C",NA,NA
"DE40D",NA,NA
"DE40E",NA,NA
"DE40F",NA,NA
"DE40G",NA,NA
"DE40H",NA,NA
"DE40I",NA,NA
"DE5",0.16,0.16
"DE50",0.16,0.16
"DE501",NA,NA
"DE502",NA,NA
"DE6",0.215,0.215
"DE60",0.215,0.215
"DE600",NA,NA
"DE7",1.47,1.47
"DE71",1.17,1.17
"DE711",NA,NA
"DE712",NA,NA
"DE713",NA,NA
"DE714",NA,NA
"DE715",NA,NA
"DE716",NA,NA
"DE717",NA,NA
"DE718",NA,NA
"DE719",NA,NA
"DE71A",NA,NA
"DE71B",NA,NA
"DE71C",NA,NA
"DE71D",NA,NA
"DE71E",NA,NA
"DEA57",NA,NA
"DEA58",NA,NA
"DEA59",NA,NA
"DEA5A",NA,NA
"DEA5B",NA,NA
"DEA5C",NA,NA
"DEB",1.546,1.546
"DEB1",1.47,1.47
"DEB11",NA,NA
"DEB12",NA,NA
"DEB13",NA,NA
"DEB14",NA,NA
"DEB15",NA,NA
"DEB16",NA,NA
"DEB17",NA,NA
"DEB18",NA,NA
"DEB19",NA,NA
"DEB1A",NA,NA
"DEB1B",NA,NA
"DEB2",1.79,1.79
"DEB21",NA,NA
"DEB22",NA,NA
"DEB23",NA,NA
"DEB24",NA,NA
"DEB25",NA,NA
"DEB3",1.45,1.45
"DEB31",NA,NA
"DEB32",NA,NA
"DEB33",NA,NA
"DEB34",NA,NA
"DEB35",NA,NA
"DEB36",NA,NA
"DEB37",NA,NA
"DEB38",NA,NA
"DEB39",NA,NA
"DEB3A",NA,NA
"DEB3B",NA,NA
"DEB3C",NA,NA
"DEB3D",NA,NA
"DEB3E",NA,NA
"DEB3F",NA,NA
"DEB3G",NA,NA
"DEB3H",NA,NA
"DEB3I",NA,NA
"DEB3J",NA,NA
"DEB3K",NA,NA
"DEF01",NA,NA
"DEF02",NA,NA
"DEF03",NA,NA
"DEF04",NA,NA
"DEF05",NA,NA
"DEF06",NA,NA
"DEF07",NA,NA
"DEF08",NA,NA
"DEF09",NA,NA
"DEF0A",NA,NA
"DEF0B",NA,NA
"DEF0C",NA,NA
"DEF0D",NA,NA
"DEF0E",NA,NA
"DEF0F",NA,NA
"DEG",1.345,1.345
"DEG0",1.345,1.345
"DEG01",NA,NA
"DEG02",NA,NA
"DEG03",NA,NA
"DEG04",NA,NA
"DEG05",NA,NA
"DEG06",NA,NA
"DEG07",NA,NA
"DEG09",NA,NA
"DEG0A",NA,NA
"DEG0B",NA,NA
"DEG0C",NA,NA
"DEG0D",NA,NA
"DEG0E",NA,NA
"DEG0F",NA,NA
"DEG0G",NA,NA
"DEG0H",NA,NA
"DEG0I",NA,NA
"DEG0J",NA,NA
"DEG0K",NA,NA
"DEG0L",NA,NA
"DEG0M",NA,NA
"DEG0N",NA,NA
"DEG0P",NA,NA
"DK",0.501,0.501
"DK0",0.501,0.501
"DK01",0.534,0.534
"DK011",NA,NA
"DK012",NA,NA
"DK013",NA,NA
"DK014",NA,NA
"DK02",0.508,0.508
"DK021",NA,NA
"DK022",NA,NA
"DK03",0.491,0.491
"DK031",NA,NA
"DK032",NA,NA
"DK04",0.51,0.51
"DK041",NA,NA
"DK042",NA,NA
"DK05",0.486,0.486
"DK050",NA,NA
"EE",0.206,0.206
"EE0",0.206,0.206
"EE00",0.206,0.206
"EE001",NA,NA
"EE004",NA,NA
"EE006",NA,NA
"EE007",NA,NA
"EE008",NA,NA
"EL515",NA,NA
"EL52",1.467,1.467
"EL521",NA,NA
"EL522",NA,NA
"EL",4.194,4.194
"EL3",3.553,3.553
"EL30",3.553,3.553
"EL301",NA,NA
"EL302",NA,NA
"EL303",NA,NA
"EL304",NA,NA
"EL305",NA,NA
"EL306",NA,NA
"EL307",NA,NA
"EL4",5.943,5.943
"EL41",4.277,4.277
"EL411",NA,NA
"EL412",NA,NA
"EL413",NA,NA
"EL42",3.162,3.162
"EL421",NA,NA
"EL422",NA,NA
"EL43",8.198,8.198
"EL431",NA,NA
"EL432",NA,NA
"EL433",NA,NA
"EL434",NA,NA
"EL5",3.015,3.015
"EL51",2.093,2.093
"EL511",NA,NA
"EL512",NA,NA
"EL513",NA,NA
"EL514",NA,NA
"EL523",NA,NA
"EL524",NA,NA
"EL525",NA,NA
"EL526",NA,NA
"EL527",NA,NA
"EL53",2.826,2.826
"EL531",NA,NA
"EL532",NA,NA
"EL533",NA,NA
"EL54",7.759,7.759
"EL541",NA,NA
"EL542",NA,NA
"EL543",NA,NA
"EL6",4.76,4.76
"EL61",3.312,3.312
"EL611",NA,NA
"EL612",NA,NA
"EL613",NA,NA
"EL62",11.002,11.002
"EL621",NA,NA
"EL622",NA,NA
"EL623",NA,NA
"EL624",NA,NA
"EL63",6.735,6.735
"EL631",NA,NA
"EL632",NA,NA
"EL633",NA,NA
"EL64",4.461,4.461
"EL641",NA,NA
"EL642",NA,NA
"EL643",NA,NA
"EL644",NA,NA
"EL645",NA,NA
"EL65",4.086,4.086
"EL651",NA,NA
"EL652",NA,NA
"EL653",NA,NA
"ES",3.73,3.73
"ES1",3.602,3.602
"ES11",2.96,2.96
"ES111",NA,NA
"ES112",NA,NA
"ES113",NA,NA
"ES114",NA,NA
"ES12",4.907,4.907
"ES120",NA,NA
"ES13",4.637,4.637
"ES130",NA,NA
"ES2",3.479,3.479
"ES21",3.701,3.701
"ES211",NA,NA
"ES212",NA,NA
"ES213",NA,NA
"ES22",2.888,2.888
"ES220",NA,NA
"ES23",3.303,3.303
"ES230",NA,NA
"ES24",3.594,3.594
"ES241",NA,NA
"ES242",NA,NA
"ES243",NA,NA
"ES3",2.991,2.991
"ES30",2.991,2.991
"ES300",NA,NA
"DEC",1.39,1.39
"DEC0",1.39,1.39
"DEC01",NA,NA
"DEC02",NA,NA
"DEC03",NA,NA
"DEC04",NA,NA
"DEC05",NA,NA
"DEC06",NA,NA
"DED",1.365,1.365
"DED2",1.239,1.239
"DED21",NA,NA
"DED2C",NA,NA
"DED2D",NA,NA
"DED2E",NA,NA
"DED2F",NA,NA
"DED4",1.915,1.915
"DED41",NA,NA
"DED42",NA,NA
"DED43",NA,NA
"DED44",NA,NA
"DED45",NA,NA
"DED5",0.698,0.698
"DED51",NA,NA
"DED52",NA,NA
"DED53",NA,NA
"DEE",0.547,0.547
"DEE0",0.547,0.547
"DEE01",NA,NA
"DEE02",NA,NA
"DEE03",NA,NA
"DEE04",NA,NA
"DEE05",NA,NA
"DEE06",NA,NA
"DEE07",NA,NA
"DEE08",NA,NA
"DEE09",NA,NA
"DEE0A",NA,NA
"DEE0B",NA,NA
"DEE0C",NA,NA
"DEE0D",NA,NA
"DEE0E",NA,NA
"DEF",0.476,0.476
"DEF0",0.476,0.476
"FR513",NA,NA
"FR514",NA,NA
"FR515",NA,NA
"FR52",1.793,1.793
"FR521",NA,NA
"FR522",NA,NA
"FR523",NA,NA
"FR524",NA,NA
"FR53",0.992,0.992
"FR531",NA,NA
"FR532",NA,NA
"FR533",NA,NA
"FR534",NA,NA
"FR6",2.994,2.994
"FR61",2.447,2.447
"FR611",NA,NA
"FR612",NA,NA
"FR613",NA,NA
"FR614",NA,NA
"FR615",NA,NA
"FR62",4.212,4.212
"FR621",NA,NA
"FR622",NA,NA
"FR623",NA,NA
"FR624",NA,NA
"FR625",NA,NA
"FR626",NA,NA
"FR627",NA,NA
"FR628",NA,NA
"FR63",1.095,1.095
"FR631",NA,NA
"FR632",NA,NA
"FR633",NA,NA
"FR7",3.322,3.322
"FR71",4.6,4.6
"FR711",NA,NA
"FR712",NA,NA
"FR713",NA,NA
"FR714",NA,NA
"FR715",NA,NA
"FR716",NA,NA
"FR717",NA,NA
"FR718",NA,NA
"FR72",1.328,1.328
"FR721",NA,NA
"FR722",NA,NA
"FR723",NA,NA
"FR724",NA,NA
"FR8",5.225,5.225
"FR81",3.056,3.056
"FR811",NA,NA
"FR812",NA,NA
"FR813",NA,NA
"FR814",NA,NA
"FR815",NA,NA
"FR82",5.88,5.88
"FR821",NA,NA
"FR822",NA,NA
"FR823",NA,NA
"FR824",NA,NA
"FR825",NA,NA
"FR826",NA,NA
"FR83",9.9,9.9
"FR831",NA,NA
"FR832",NA,NA
"FRA",NA,NA
"FRA1",NA,NA
"FRA10",NA,NA
"FRA2",NA,NA
"FRA20",NA,NA
"FRA3",NA,NA
"FRA30",NA,NA
"FRA4",NA,NA
"FRA40",NA,NA
"FRA5",NA,NA
"FRA50",NA,NA
"HR",3.035,3.035
"HR0",3.035,3.035
"HR03",4.834,4.834
"HR031",NA,NA
"HR032",NA,NA
"HR033",NA,NA
"HR034",NA,NA
"HR035",NA,NA
"HR036",NA,NA
"HR037",NA,NA
"HR04",1.636,1.636
"HR041",NA,NA
"HR042",NA,NA
"HR043",NA,NA
"HR044",NA,NA
"HR045",NA,NA
"HR046",NA,NA
"HR047",NA,NA
"HR048",NA,NA
"HR049",NA,NA
"HR04A",NA,NA
"HR04B",NA,NA
"HR04C",NA,NA
"HR04D",NA,NA
"HR04E",NA,NA
"HU",1.572,1.572
"ES4",2.48,2.48
"ES41",2.325,2.325
"ES411",NA,NA
"ES412",NA,NA
"ES413",NA,NA
"ES414",NA,NA
"ES415",NA,NA
"ES416",NA,NA
"ES417",NA,NA
"ES418",NA,NA
"ES419",NA,NA
"ES42",2.506,2.506
"ES421",NA,NA
"ES422",NA,NA
"ES423",NA,NA
"ES424",NA,NA
"ES425",NA,NA
"ES43",2.784,2.784
"ES431",NA,NA
"ES432",NA,NA
"ES5",3.617,3.617
"ES51",4.046,4.046
"ES511",NA,NA
"ES512",NA,NA
"ES513",NA,NA
"ES514",NA,NA
"ES52",2.927,2.927
"ES521",NA,NA
"ES522",NA,NA
"ES523",NA,NA
"ES53",4.066,4.066
"ES531",NA,NA
"ES532",NA,NA
"ES533",NA,NA
"ES6",6.876,6.876
"ES61",7.41,7.41
"ES611",NA,NA
"ES612",NA,NA
"ES613",NA,NA
"ES614",NA,NA
"ES615",NA,NA
"ES616",NA,NA
"ES617",NA,NA
"ES618",NA,NA
"ES62",2.76,2.76
"ES620",NA,NA
"ES63",4,4
"ES630",NA,NA
"ES64",NA,NA
"ES640",NA,NA
"ES7",NA,NA
"ES70",NA,NA
"ES703",NA,NA
"ES704",NA,NA
"ES705",NA,NA
"ES706",NA,NA
"ES707",NA,NA
"ES708",NA,NA
"ES709",NA,NA
"FI",0.052,0.052
"FI1",0.052,0.052
"FI19",0.071,0.071
"FI193",NA,NA
"FI194",NA,NA
"FI195",NA,NA
"FI196",NA,NA
"FI197",NA,NA
"FI1B",0.178,0.178
"FI1B1",NA,NA
"FI1C",0.113,0.113
"FI1C1",NA,NA
"FI1C2",NA,NA
"FI1C3",NA,NA
"FI1C4",NA,NA
"FI1C5",NA,NA
"FI1D",0.03,0.03
"FI1D1",NA,NA
"FI1D2",NA,NA
"FI1D3",NA,NA
"FI1D4",NA,NA
"FI1D5",NA,NA
"FI1D6",NA,NA
"FI1D7",NA,NA
"FI2",0.15,0.15
"FI20",0.15,0.15
"FI200",NA,NA
"FR",2.249,2.249
"FR1",0.734,0.734
"FR10",0.734,0.734
"FR101",NA,NA
"FR102",NA,NA
"FR103",NA,NA
"FR104",NA,NA
"FR105",NA,NA
"FR106",NA,NA
"FR107",NA,NA
"FR108",NA,NA
"FR2",0.994,0.994
"FR21",0.895,0.895
"FR211",NA,NA
"FR212",NA,NA
"FR213",NA,NA
"FR214",NA,NA
"FR22",1.202,1.202
"FR221",NA,NA
"FR222",NA,NA
"FR223",NA,NA
"FR23",1.02,1.02
"FR231",NA,NA
"FR232",NA,NA
"FR24",0.685,0.685
"FR241",NA,NA
"FR242",NA,NA
"FR243",NA,NA
"FR244",NA,NA
"FR245",NA,NA
"FR246",NA,NA
"FR25",1.406,1.406
"FR251",NA,NA
"FR252",NA,NA
"FR253",NA,NA
"FR26",1.095,1.095
"FR261",NA,NA
"FR262",NA,NA
"FR263",NA,NA
"FR264",NA,NA
"FR3",1.372,1.372
"FR30",1.372,1.372
"FR301",NA,NA
"FR302",NA,NA
"FR4",1.231,1.231
"FR41",1.044,1.044
"FR411",NA,NA
"FR412",NA,NA
"FR413",NA,NA
"FR414",NA,NA
"FR42",1.278,1.278
"FR421",NA,NA
"FR422",NA,NA
"FR43",1.477,1.477
"FR431",NA,NA
"FR432",NA,NA
"FR433",NA,NA
"FR434",NA,NA
"FR5",1.225,1.225
"FR51",0.935,0.935
"FR511",NA,NA
"FR512",NA,NA
"HU1",1.445,1.445
"HU10",1.445,1.445
"HU101",NA,NA
"HU102",NA,NA
"HU2",2.175,2.175
"HU21",1.719,1.719
"HU211",NA,NA
"HU212",NA,NA
"HU213",NA,NA
"HU22",1.495,1.495
"HU221",NA,NA
"HU222",NA,NA
"HU223",NA,NA
"HU23",3.063,3.063
"HU231",NA,NA
"HU232",NA,NA
"HU233",NA,NA
"HU3",1.151,1.151
"HU31",2.092,2.092
"HU311",NA,NA
"HU312",NA,NA
"HU313",NA,NA
"HU32",0.865,0.865
"HU321",NA,NA
"HU322",NA,NA
"HU323",NA,NA
"HU33",0.744,0.744
"HU331",NA,NA
"HU332",NA,NA
"HU333",NA,NA
"IE",1.124,1.124
"IE0",1.124,1.124
"IE01",0.795,0.795
"IE011",NA,NA
"ITC2",15.948,15.948
"ITC20",NA,NA
"ITC3",5.789,5.789
"ITC31",NA,NA
"ITC32",NA,NA
"ITC33",NA,NA
"ITC34",NA,NA
"ITC4",7.872,7.872
"ITC41",NA,NA
"ITC42",NA,NA
"ITC43",NA,NA
"ITC44",NA,NA
"ITC46",NA,NA
"ITC47",NA,NA
"ITC48",NA,NA
"ITC49",NA,NA
"ITC4A",NA,NA
"ITC4B",NA,NA
"ITC4C",NA,NA
"ITC4D",NA,NA
"ITF",8.753,8.753
"ITF1",8.349,8.349
"ITF11",NA,NA
"ITF12",NA,NA
"ITF13",NA,NA
"ITF14",NA,NA
"ITF2",8.138,8.138
"ITF21",NA,NA
"ITF22",NA,NA
"ITF3",11.925,11.925
"ITF31",NA,NA
"ITF32",NA,NA
"ITF33",NA,NA
"ITF34",NA,NA
"ITF35",NA,NA
"ITF4",2.96,2.96
"ITF43",NA,NA
"ITF44",NA,NA
"ITF45",NA,NA
"ITF46",NA,NA
"ITF47",NA,NA
"ITF48",NA,NA
"ITF5",7.876,7.876
"ITF51",NA,NA
"ITF52",NA,NA
"ITF6",14.372,14.372
"ITF61",NA,NA
"ITF62",NA,NA
"ITF63",NA,NA
"ITF64",NA,NA
"ITF65",NA,NA
"ITG",8.565,8.565
"ITG1",12.2,12.2
"ITG11",NA,NA
"ITG12",NA,NA
"ITG13",NA,NA
"ITG14",NA,NA
"ITG15",NA,NA
"ITG16",NA,NA
"ITG17",NA,NA
"ITG18",NA,NA
"ITG19",NA,NA
"ITG2",4.775,4.775
"ITG25",NA,NA
"ITG26",NA,NA
"ITG27",NA,NA
"ITG28",NA,NA
"ITG29",NA,NA
"ITG2A",NA,NA
"ITG2B",NA,NA
"ITG2C",NA,NA
"ITH",7.525,7.525
"ITH1",13.035,13.035
"ITH10",NA,NA
"ITH2",8.766,8.766
"ITH20",NA,NA
"ITH3",6.396,6.396
"ITH31",NA,NA
"ITH32",NA,NA
"ITH33",NA,NA
"ITH34",NA,NA
"ITH35",NA,NA
"ITH36",NA,NA
"ITH37",NA,NA
"ITH4",8.418,8.418
"ITH41",NA,NA
"ITH42",NA,NA
"ITH43",NA,NA
"ITH44",NA,NA
"ITH5",6.073,6.073
"ITH51",NA,NA
"ITH52",NA,NA
"ITH53",NA,NA
"ITH54",NA,NA
"ITH55",NA,NA
"ITH56",NA,NA
"ITH57",NA,NA
"ITH58",NA,NA
"ITH59",NA,NA
"ITI",8.328,8.328
"ITI1",6.821,6.821
"ITI11",NA,NA
"ITI12",NA,NA
"ITI13",NA,NA
"ITI14",NA,NA
"ITI15",NA,NA
"ITI16",NA,NA
"ITI17",NA,NA
"ITI18",NA,NA
"ITI19",NA,NA
"ITI1A",NA,NA
"ITI2",9.009,9.009
"ITI21",NA,NA
"ITI22",NA,NA
"ITI3",12.079,12.079
"ITI31",NA,NA
"ITI32",NA,NA
"ITI33",NA,NA
"ITI34",NA,NA
"ITI35",NA,NA
"ITI4",7.931,7.931
"ITI41",NA,NA
"ITI42",NA,NA
"ITI43",NA,NA
"ITI44",NA,NA
"ITI45",NA,NA
"LI",NA,NA
"LI0",NA,NA
"LI00",NA,NA
"LI000",NA,NA
"LT",0.495,0.495
"LT0",0.495,0.495
"LT00",0.495,0.495
"LT001",NA,NA
"LT002",NA,NA
"LT003",NA,NA
"LT004",NA,NA
"LT005",NA,NA
"LT006",NA,NA
"LT007",NA,NA
"LT008",NA,NA
"LT009",NA,NA
"LT00A",NA,NA
"LU",2.078,2.078
"LU0",2.078,2.078
"LU00",2.078,2.078
"LU000",NA,NA
"LV",0.328,0.328
"LV0",0.328,0.328
"LV00",0.328,0.328
"LV003",NA,NA
"LV005",NA,NA
"LV006",NA,NA
"LV007",NA,NA
"LV008",NA,NA
"LV009",NA,NA
"ME",NA,NA
"ME0",NA,NA
"ME00",NA,NA
"ME000",NA,NA
"MK",NA,NA
"MK0",NA,NA
"MK00",NA,NA
"MK001",NA,NA
"MK002",NA,NA
"MK003",NA,NA
"MK004",NA,NA
"MK005",NA,NA
"MK006",NA,NA
"MK007",NA,NA
"MK008",NA,NA
"MT",5.998,5.998
"MT0",5.998,5.998
"MT00",5.998,5.998
"MT001",NA,NA
"MT002",NA,NA
"NL",0.268,0.268
"NL1",0.182,0.182
"NL11",0.241,0.241
"NL111",NA,NA
"NL112",NA,NA
"NL113",NA,NA
"NL12",0.164,0.164
"NL121",NA,NA
"NL122",NA,NA
"NL123",NA,NA
"NL13",0.153,0.153
"NL131",NA,NA
"NL132",NA,NA
"NL133",NA,NA
"NL2",0.2,0.2
"NL21",0.139,0.139
"NL211",NA,NA
"NL212",NA,NA
"NL213",NA,NA
"NL22",0.17,0.17
"NL221",NA,NA
"NL224",NA,NA
"NL225",NA,NA
"NL226",NA,NA
"IE012",NA,NA
"IE013",NA,NA
"IE02",1.377,1.377
"IE021",NA,NA
"IE022",NA,NA
"IE023",NA,NA
"IE024",NA,NA
"IE025",NA,NA
"IS",NA,NA
"IS0",NA,NA
"IS00",NA,NA
"IS001",NA,NA
"IS002",NA,NA
"IT",8.347,8.347
"ITC",8.504,8.504
"ITC1",8.854,8.854
"ITC11",NA,NA
"ITC12",NA,NA
"ITC13",NA,NA
"ITC14",NA,NA
"ITC15",NA,NA
"ITC16",NA,NA
"ITC17",NA,NA
"ITC18",NA,NA
"PL428",NA,NA
"PL43",0.294,0.294
"PL431",NA,NA
"PL432",NA,NA
"PL5",1.144,1.144
"PL51",1.233,1.233
"PL514",NA,NA
"PL515",NA,NA
"PL516",NA,NA
"PL517",NA,NA
"PL518",NA,NA
"PL52",0.958,0.958
"PL523",NA,NA
"PL524",NA,NA
"PL6",0.586,0.586
"PL61",0.532,0.532
"PL613",NA,NA
"PL616",NA,NA
"PL617",NA,NA
"PL618",NA,NA
"PL619",NA,NA
"PL62",0.676,0.676
"PL621",NA,NA
"PL622",NA,NA
"PL623",NA,NA
"PL63",0.52,0.52
"PL633",NA,NA
"PL634",NA,NA
"PL636",NA,NA
"PL637",NA,NA
"PL638",NA,NA
"PT",2.206,2.206
"PT1",2.206,2.206
"PT11",4.726,4.726
"PT111",NA,NA
"PT112",NA,NA
"PT119",NA,NA
"PT11A",NA,NA
"PT11B",NA,NA
"PT11C",NA,NA
"PT11D",NA,NA
"PT11E",NA,NA
"PT15",1.875,1.875
"PT150",NA,NA
"PT16",1.754,1.754
"PT16B",NA,NA
"PT16D",NA,NA
"PT16E",NA,NA
"PT16F",NA,NA
"PT16G",NA,NA
"PT16H",NA,NA
"PT16I",NA,NA
"PT16J",NA,NA
"PT17",1.765,1.765
"PT170",NA,NA
"PT18",1.038,1.038
"PT181",NA,NA
"PT184",NA,NA
"PT185",NA,NA
"PT186",NA,NA
"PT187",NA,NA
"PT2",NA,NA
"PT20",NA,NA
"PT200",NA,NA
"PT3",NA,NA
"PT30",NA,NA
"PT300",NA,NA
"RO",2.864,2.864
"RO1",3.513,3.513
"RO11",3.739,3.739
"RO111",NA,NA
"RO112",NA,NA
"RO113",NA,NA
"RO114",NA,NA
"RO115",NA,NA
"RO116",NA,NA
"RO12",3.291,3.291
"RO121",NA,NA
"RO122",NA,NA
"RO123",NA,NA
"RO124",NA,NA
"RO125",NA,NA
"RO126",NA,NA
"RO2",3.515,3.515
"RO21",4.593,4.593
"RO211",NA,NA
"RO212",NA,NA
"RO213",NA,NA
"RO214",NA,NA
"RO215",NA,NA
"RO216",NA,NA
"RO22",2.283,2.283
"RO221",NA,NA
"RO222",NA,NA
"RO223",NA,NA
"RO224",NA,NA
"RO225",NA,NA
"RO226",NA,NA
"RO3",1.505,1.505
"RO31",1.523,1.523
"RO311",NA,NA
"RO312",NA,NA
"RO313",NA,NA
"RO314",NA,NA
"RO315",NA,NA
"RO316",NA,NA
"RO317",NA,NA
"RO32",1.076,1.076
"RO321",NA,NA
"RO322",NA,NA
"RO4",2.196,2.196
"RO41",2.363,2.363
"RO411",NA,NA
"NL23",0.456,0.456
"NL230",NA,NA
"NL3",0.343,0.343
"NL31",0.115,0.115
"NL310",NA,NA
"NL32",0.319,0.319
"NL321",NA,NA
"NL322",NA,NA
"NL323",NA,NA
"NL324",NA,NA
"NL325",NA,NA
"NL326",NA,NA
"NL327",NA,NA
"NL33",0.33,0.33
"NL332",NA,NA
"NL333",NA,NA
"NL337",NA,NA
"NL338",NA,NA
"NL339",NA,NA
"NL33A",NA,NA
"NL34",0.554,0.554
"NL341",NA,NA
"NL342",NA,NA
"NL4",0.393,0.393
"NL41",0.272,0.272
"NL411",NA,NA
"NL412",NA,NA
"NL413",NA,NA
"NL414",NA,NA
"NL42",0.678,0.678
"NL421",NA,NA
"NL422",NA,NA
"NL423",NA,NA
"NO",NA,NA
"NO0",NA,NA
"NO01",NA,NA
"NO011",NA,NA
"NO012",NA,NA
"NO02",NA,NA
"NO021",NA,NA
"NO022",NA,NA
"NO03",NA,NA
"NO031",NA,NA
"NO032",NA,NA
"NO033",NA,NA
"NO034",NA,NA
"NO04",NA,NA
"NO041",NA,NA
"NO042",NA,NA
"NO043",NA,NA
"NO05",NA,NA
"NO051",NA,NA
"NO052",NA,NA
"NO053",NA,NA
"NO06",NA,NA
"NO061",NA,NA
"NO062",NA,NA
"NO07",NA,NA
"NO071",NA,NA
"NO072",NA,NA
"NO073",NA,NA
"PL",0.934,0.934
"PL1",0.552,0.552
"PL11",0.592,0.592
"PL113",NA,NA
"PL114",NA,NA
"PL115",NA,NA
"PL116",NA,NA
"PL117",NA,NA
"PL12",0.532,0.532
"PL127",NA,NA
"PL128",NA,NA
"PL129",NA,NA
"PL12A",NA,NA
"PL12B",NA,NA
"PL12C",NA,NA
"PL12D",NA,NA
"PL12E",NA,NA
"PL2",2.622,2.622
"PL21",3.628,3.628
"PL213",NA,NA
"PL214",NA,NA
"PL217",NA,NA
"PL218",NA,NA
"PL219",NA,NA
"PL21A",NA,NA
"PL22",1.281,1.281
"PL224",NA,NA
"PL225",NA,NA
"PL227",NA,NA
"PL228",NA,NA
"PL229",NA,NA
"PL22A",NA,NA
"PL22B",NA,NA
"PL22C",NA,NA
"PL3",1.313,1.313
"PL31",1.316,1.316
"PL311",NA,NA
"PL312",NA,NA
"PL314",NA,NA
"PL315",NA,NA
"PL32",2.139,2.139
"PL323",NA,NA
"PL324",NA,NA
"PL325",NA,NA
"PL326",NA,NA
"PL33",1.434,1.434
"PL331",NA,NA
"PL332",NA,NA
"PL34",0.52,0.52
"PL343",NA,NA
"PL344",NA,NA
"PL345",NA,NA
"PL4",0.381,0.381
"PL41",0.392,0.392
"PL411",NA,NA
"PL414",NA,NA
"PL415",NA,NA
"PL416",NA,NA
"PL417",NA,NA
"PL418",NA,NA
"PL42",0.421,0.421
"PL424",NA,NA
"PL426",NA,NA
"PL427",NA,NA
"RO412",NA,NA
"RO413",NA,NA
"RO414",NA,NA
"RO415",NA,NA
"RO42",2.048,2.048
"RO421",NA,NA
"RO422",NA,NA
"RO423",NA,NA
"RO424",NA,NA
"SE",0.386,0.386
"SE1",0.261,0.261
"SE11",0.294,0.294
"SE110",NA,NA
"SE12",0.257,0.257
"SE121",NA,NA
"SE122",NA,NA
"SE123",NA,NA
"SE124",NA,NA
"SE125",NA,NA
"SE2",0.241,0.241
"SE21",0.089,0.089
"SE211",NA,NA
"SE212",NA,NA
"SE213",NA,NA
"SE214",NA,NA
"SI04",10.282,10.282
"SI041",NA,NA
"SI042",NA,NA
"SI043",NA,NA
"SI044",NA,NA
"SK",2.124,2.124
"SK0",2.124,2.124
"SK01",0.716,0.716
"SK010",NA,NA
"SK02",1.824,1.824
"SK021",NA,NA
"SK022",NA,NA
"SK023",NA,NA
"SK03",2.229,2.229
"SK031",NA,NA
"SK032",NA,NA
"SK04",2.463,2.463
"SK041",NA,NA
"SK042",NA,NA
"TR",NA,NA
"TR1",NA,NA
"TR10",NA,NA
"TR100",NA,NA
"TR2",NA,NA
"TR21",NA,NA
"TR211",NA,NA
"TR212",NA,NA
"TR213",NA,NA
"TR22",NA,NA
"TR221",NA,NA
"TR222",NA,NA
"TR3",NA,NA
"TR31",NA,NA
"TR310",NA,NA
"TR32",NA,NA
"TR321",NA,NA
"TR322",NA,NA
"TR323",NA,NA
"TR33",NA,NA
"TR331",NA,NA
"TR332",NA,NA
"TR333",NA,NA
"TR334",NA,NA
"TR4",NA,NA
"TR41",NA,NA
"TR411",NA,NA
"TR412",NA,NA
"TR413",NA,NA
"TR42",NA,NA
"TR421",NA,NA
"TR422",NA,NA
"TR423",NA,NA
"TR424",NA,NA
"TR425",NA,NA
"TR5",NA,NA
"TR51",NA,NA
"TR510",NA,NA
"TR52",NA,NA
"TR521",NA,NA
"TR522",NA,NA
"TR6",NA,NA
"TR61",NA,NA
"TR611",NA,NA
"TR612",NA,NA
"TR613",NA,NA
"TR62",NA,NA
"TR621",NA,NA
"TR622",NA,NA
"TR63",NA,NA
"TR631",NA,NA
"TR632",NA,NA
"TR633",NA,NA
"TR7",NA,NA
"TR71",NA,NA
"TR711",NA,NA
"TR712",NA,NA
"TR713",NA,NA
"TR714",NA,NA
"TR715",NA,NA
"TR72",NA,NA
"TR721",NA,NA
"TR722",NA,NA
"TR723",NA,NA
"TR8",NA,NA
"TR81",NA,NA
"TR811",NA,NA
"TR812",NA,NA
"TR813",NA,NA
"TR82",NA,NA
"TR821",NA,NA
"TR822",NA,NA
"TR823",NA,NA
"TR83",NA,NA
"TR831",NA,NA
"TR832",NA,NA
"TR833",NA,NA
"TR834",NA,NA
"TR9",NA,NA
"TR90",NA,NA
"TR901",NA,NA
"TR902",NA,NA
"TR903",NA,NA
"TR904",NA,NA
"TR905",NA,NA
"TR906",NA,NA
"TRA",NA,NA
"TRA1",NA,NA
"TRA11",NA,NA
"TRA12",NA,NA
"TRA13",NA,NA
"TRA2",NA,NA
"TRA21",NA,NA
"TRA22",NA,NA
"TRA23",NA,NA
"TRA24",NA,NA
"TRB",NA,NA
"TRB1",NA,NA
"TRB11",NA,NA
"TRB12",NA,NA
"TRB13",NA,NA
"TRB14",NA,NA
"TRB2",NA,NA
"TRB21",NA,NA
"TRB22",NA,NA
"TRB23",NA,NA
"TRB24",NA,NA
"TRC",NA,NA
"TRC1",NA,NA
"TRC11",NA,NA
"TRC12",NA,NA
"TRC13",NA,NA
"TRC2",NA,NA
"TRC21",NA,NA
"TRC22",NA,NA
"TRC3",NA,NA
"TRC31",NA,NA
"TRC32",NA,NA
"TRC33",NA,NA
"TRC34",NA,NA
"UK",2.07,2.07
"UKC",0.964,0.964
"UKC1",1.317,1.317
"UKC11",NA,NA
"UKC12",NA,NA
"UKC13",NA,NA
"UKC14",NA,NA
"SE22",0.317,0.317
"SE221",NA,NA
"SE224",NA,NA
"SE23",0.381,0.381
"SE231",NA,NA
"SE232",NA,NA
"SE3",0.448,0.448
"SE31",0.144,0.144
"SE311",NA,NA
"SE312",NA,NA
"SE313",NA,NA
"SE32",0.271,0.271
"SE321",NA,NA
"SE322",NA,NA
"SE33",0.675,0.675
"SE331",NA,NA
"SE332",NA,NA
"SI",7.415,7.415
"SI0",7.415,7.415
"SI03",5.643,5.643
"SI031",NA,NA
"SI032",NA,NA
"SI033",NA,NA
"SI034",NA,NA
"SI035",NA,NA
"SI036",NA,NA
"SI037",NA,NA
"SI038",NA,NA
"UKM31",NA,NA
"UKM62",NA,NA
"UKM63",NA,NA
"UKM61",NA,NA
"UKM2",1.982,1.982
"UKM3",2.08,2.08
"UKM5",1.319,1.319
"UKM6",6.174,6.174
"UKC2",0.789,0.789
"UKC21",NA,NA
"UKC22",NA,NA
"UKC23",NA,NA
"UKD",2.682,2.682
"UKD1",3.722,3.722
"UKD11",NA,NA
"UKD12",NA,NA
"UKD3",2.071,2.071
"UKD33",NA,NA
"UKD34",NA,NA
"UKD35",NA,NA
"UKD36",NA,NA
"UKD37",NA,NA
"UKD4",1.905,1.905
"UKD41",NA,NA
"UKD42",NA,NA
"UKD44",NA,NA
"UKD45",NA,NA
"UKD46",NA,NA
"UKD47",NA,NA
"UKD6",0.729,0.729
"UKD61",NA,NA
"UKD62",NA,NA
"UKD63",NA,NA
"UKD7",0.652,0.652
"UKD71",NA,NA
"UKD72",NA,NA
"UKD73",NA,NA
"UKD74",NA,NA
"UKE",1.115,1.115
"UKE1",0.695,0.695
"UKE11",NA,NA
"UKE12",NA,NA
"UKE13",NA,NA
"UKE2",1.235,1.235
"UKE21",NA,NA
"UKE22",NA,NA
"UKE3",0.954,0.954
"UKE31",NA,NA
"UKE32",NA,NA
"UKE4",1.648,1.648
"UKE41",NA,NA
"UKE42",NA,NA
"UKE44",NA,NA
"UKE45",NA,NA
"UKF",0.673,0.673
"UKF1",1.056,1.056
"UKF11",NA,NA
"UKF12",NA,NA
"UKF13",NA,NA
"UKF14",NA,NA
"UKF15",NA,NA
"UKF16",NA,NA
"UKF2",0.663,0.663
"UKF21",NA,NA
"UKF22",NA,NA
"UKF24",NA,NA
"UKF25",NA,NA
"UKF3",0.413,0.413
"UKF30",NA,NA
"UKG",0.966,0.966
"UKG1",0.895,0.895
"UKG11",NA,NA
"UKG12",NA,NA
"UKG13",NA,NA
"UKG2",1.051,1.051
"UKG21",NA,NA
"UKG22",NA,NA
"UKG23",NA,NA
"UKG24",NA,NA
"UKG3",0.512,0.512
"UKG31",NA,NA
"UKG32",NA,NA
"UKG33",NA,NA
"UKG36",NA,NA
"UKG37",NA,NA
"UKG38",NA,NA
"UKG39",NA,NA
"UKH",0.29,0.29
"UKH1",0.226,0.226
"UKH11",NA,NA
"UKH12",NA,NA
"UKH14",NA,NA
"UKH15",NA,NA
"UKH16",NA,NA
"UKH17",NA,NA
"UKH2",0.593,0.593
"UKH21",NA,NA
"UKH23",NA,NA
"UKH24",NA,NA
"UKH25",NA,NA
"UKH3",0.304,0.304
"UKH31",NA,NA
"UKH32",NA,NA
"UKH34",NA,NA
"UKH35",NA,NA
"UKH36",NA,NA
"UKH37",NA,NA
"UKI",0.529,0.529
"UKI3",NA,NA
"UKI31",NA,NA
"UKI32",NA,NA
"UKI33",NA,NA
"UKI34",NA,NA
"UKI4",NA,NA
"UKI41",NA,NA
"UKI42",NA,NA
"UKI43",NA,NA
"UKI44",NA,NA
"UKI45",NA,NA
"UKI5",0.376,0.376
"UKI51",NA,NA
"UKI52",NA,NA
"UKI53",NA,NA
"UKI54",NA,NA
"UKI6",0.835,0.835
"UKI61",NA,NA
"UKI62",NA,NA
"UKI63",NA,NA
"UKI7",0.366,0.366
"UKI71",NA,NA
"UKI72",NA,NA
"UKI73",NA,NA
"UKI74",NA,NA
"UKI75",NA,NA
"UKJ",0.673,0.673
"UKJ1",0.543,0.543
"UKJ11",NA,NA
"UKJ12",NA,NA
"UKJ13",NA,NA
"UKJ14",NA,NA
"UKJ2",0.723,0.723
"UKJ21",NA,NA
"UKJ22",NA,NA
"UKJ25",NA,NA
"UKJ26",NA,NA
"UKJ27",NA,NA
"UKJ28",NA,NA
"UKJ3",0.76,0.76
"UKJ31",NA,NA
"UKJ32",NA,NA
"UKJ34",NA,NA
"UKJ35",NA,NA
"UKJ36",NA,NA
"UKJ37",NA,NA
"UKJ4",0.707,0.707
"UKJ41",NA,NA
"UKJ43",NA,NA
"UKJ44",NA,NA
"UKJ45",NA,NA
"UKJ46",NA,NA
"UKK",1.81,1.81
"UKK1",0.869,0.869
"UKK11",NA,NA
"UKK12",NA,NA
"UKK13",NA,NA
"UKK14",NA,NA
"UKK15",NA,NA
"UKK2",1.506,1.506
"UKK21",NA,NA
"UKK22",NA,NA
"UKK23",NA,NA
"UKK3",2.586,2.586
"UKK30",NA,NA
"UKK4",2.692,2.692
"UKK41",NA,NA
"UKK42",NA,NA
"UKK43",NA,NA
"UKL",3.71,3.71
"UKL1",3.567,3.567
"UKL11",NA,NA
"UKL12",NA,NA
"UKL13",NA,NA
"UKL14",NA,NA
"UKL15",NA,NA
"UKL16",NA,NA
"UKL17",NA,NA
"UKL18",NA,NA
"UKL2",3.954,3.954
"UKL21",NA,NA
"UKL22",NA,NA
"UKL23",NA,NA
"UKL24",NA,NA
"UKM",3.652,3.652
"UKM21",NA,NA
"UKM22",NA,NA
"UKM23",NA,NA
"UKM24",NA,NA
"UKM25",NA,NA
"UKM26",NA,NA
"UKM27",NA,NA
"UKM28",NA,NA
"UKM32",NA,NA
"UKM33",NA,NA
"UKM34",NA,NA
"UKM35",NA,NA
"UKM36",NA,NA
"UKM37",NA,NA
"UKM38",NA,NA
"UKM50",NA,NA
"UKM64",NA,NA
"UKM65",NA,NA
"UKM66",NA,NA
"UKN",0.803,0.803
"UKN0",0.803,0.803
"UKN01",NA,NA
"UKN02",NA,NA
"UKN03",NA,NA
"UKN04",NA,NA
"UKN05",NA,NA
"BE324",NA,NA
